-,-,-,-,-,-,-,-,habitante,habitante,1.000 m³/ano,1.000 m³/ano,1.000 m³/ano,1.000 m³/ano,habitante,1.000 m³/ano,1.000 m³/ano,amostra/ano,amostra/ano,amostra/ano,amostra/ano,amostra/ano,amostra/ano
cod_munip,nome_munip,cod_prestador,nome_prestador,sigla_prestador,abrangencia_prestador,tipo_prestador,tipo_servico,pop_munip,pop_atendida_agua,vol_agua_anual,vol_agua_eta,vol_agua_desinfec,vol_agua_fluor,pop_atendida_esgoto,vol_esgoto_coletado,vol_esgoto_tratado,amostra_cloro,amostra_cloro_irregular,amostra_turbidez,"amostra_turbidez_irregular",amostra_coliformes,amostra_coliformes_irregular
310010,Abadia dos Dourados,31062000,Companhia de Saneamento de Minas Gerais,COPASA,Regional,Sociedade de economia mista com administração pública,Água,7.022,4.011,"359,29",0,"359,29","359,29",,,,402,0,399,0,156,0
310020,Abaeté,31062000,Companhia de Saneamento de Minas Gerais,COPASA,Regional,Sociedade de economia mista com administração pública,Água e Esgotos,23.263,19.694,"1.639,78","1.639,78",0,"1.639,78",2.134,"90,98",0,4.256,28,4.260,3,645,0
310030,Abre Campo,31003011,Serviço Autônomo de Água e Esgoto,SAAE,Local,Autarquia,Água e Esgoto,13.434,9.356,684,684,0,0,9.356,"205,2",0,4.022,26,4.022,120,480,2
310040,Acaiaca,31004011,Prefeitura Municipal de Acaiaca,PMA,Local,Administração pública direta,Água e Esgoto,3.995,3.920,"1.587,00",161,161,0,2.553,190,0,4.440,17,708,171,0,0
310050,Açucena,31062000,Companhia de Saneamento de Minas Gerais,COPASA,Regional,Sociedade de economia mista com administração pública,Água,9.270,3.370,"217,07","96,59","120,48","217,07",,,,3.790,2,3.754,0,234,1
310060,Água Boa,31062000,Companhia de Saneamento de Minas Gerais,COPASA,Regional,Sociedade de economia mista com administração pública,Água,13.319,4.694,"342,26","342,26",0,"342,26",,,,552,0,550,0,186,1
310080,Água Comprida,31062000,Companhia de Saneamento de Minas Gerais,COPASA,Regional,Sociedade de economia mista com administração pública,Água,1.986,1.514,"153,25",0,"153,25","153,25",,,,449,3,213,0,111,0
310090,Aguanil,31008011,Prefeitura Municipal de Águanil,PMA,Local,Administração pública direta,Água e Esgoto,4.557,2.900,"351,63","157,68","192,95","157,68",2.650,120,0,6.205,0,6.205,0,648,0
310100,Águas Formosas,31062000,Companhia de Saneamento de Minas Gerais,COPASA,Regional,Sociedade de economia mista com administração pública,Água,19.285,13.943,"787,11","787,11",0,"787,11",,,,3.646,0,3.634,0,296,0
310120,Águas Vermelhas,31062000,Companhia de Saneamento de Minas Gerais,COPASA,Regional,Sociedade de economia mista com administração pública,Água e Esgotos,13.656,9.541,"529,38","529,38",0,"529,38",3.855,"122,6","122,6",3.476,0,3.474,6,579,0
310150,Aimorés,31011011,Serviço Autônomo de Água e Esgoto,SAAE,Local,Autarquia,Água e Esgoto,25.116,25.116,"2.030,57","1.929,04","64,41","1.991,57",22.893,"1.657,95","1.077,66",11.829,12,6.950,77,795,0
310160,Aiuruoca,31012011,Prefeitura Municipal de Aiuruoca,PMA,Local,Administração pública direta,Água e Esgoto,5.949,3.138,"152,24","139,65",0,0,3.138,"78,54",0,12,0,12,0,12,0
310163,Além Paraíba,31062000,Companhia de Saneamento de Minas Gerais,COPASA,Regional,Sociedade de economia mista com administração pública,Água e Esgotos,35.438,28.293,"2.627,57","1.289,15","1.338,42","2.627,57",20.254,"1.038,69",0,6.655,0,6.613,6,1.011,7
310170,Alfenas,31062000,Companhia de Saneamento de Minas Gerais,COPASA,Regional,Sociedade de economia mista com administração pública,Água e Esgotos,80.973,69.653,"6.238,07","6.211,47","26,6","6.238,07",68.057,"3.484,32","3.483,65",5.667,5,5.581,1,894,2
310180,Alfredo Vasconcelos,31062000,Companhia de Saneamento de Minas Gerais,COPASA,Regional,Sociedade de economia mista com administração pública,Água,7.052,4.413,"286,03","286,03",0,"286,03",,,,546,0,530,0,165,1
310190,Almenara,31062000,Companhia de Saneamento de Minas Gerais,COPASA,Regional,Sociedade de economia mista com administração pública,Água e Esgotos,42.380,32.200,"1.827,39","1.827,39",0,"1.827,39",30.439,"1.169,82","1.169,82",9.861,0,9.866,8,523,0
310205,Alpercata,31062000,Companhia de Saneamento de Minas Gerais,COPASA,Regional,Sociedade de economia mista com administração pública,Água,7.448,4.628,"426,72","426,72",0,"426,72",,,,4.156,0,4.124,0,242,0
315350,Alpinópolis,31062000,Companhia de Saneamento de Minas Gerais,COPASA,Regional,Sociedade de economia mista com administração pública,Água e Esgotos,20.059,15.187,"1.115,93","1.115,93",0,"1.115,93",14.738,"576,77","547,79",7.219,0,7.178,1,470,0
310210,Alterosa,31062000,Companhia de Saneamento de Minas Gerais,COPASA,Regional,Sociedade de economia mista com administração pública,Água,14.566,10.530,"692,29","586,41","105,88","692,29",,,,4.673,0,4.641,0,347,0
310220,Alto Caparaó,31020511,Prefeitura Municipal de Alto Caparaó,PMAC,Local,Administração pública direta,Água e Esgoto,5.938,4.428,740,728,0,728,4.428,530,0,1.840,0,1.940,0,220,0
310230,Alto Jequitibá,31062000,Companhia de Saneamento de Minas Gerais,COPASA,Regional,Sociedade de economia mista com administração pública,Água,8.286,3.929,"314,23","157,12","157,11","314,23",,,,2.307,0,2.307,0,109,0
310240,Alto Rio Doce,31062000,Companhia de Saneamento de Minas Gerais,COPASA,Regional,Sociedade de economia mista com administração pública,Água,10.723,4.435,"329,85","295,71","34,14","329,85",,,,3.874,0,3.875,5,224,0
310250,Alvarenga,31062000,Companhia de Saneamento de Minas Gerais,COPASA,Regional,Sociedade de economia mista com administração pública,Água,3.783,2.002,"135,34","135,34",0,"135,34",,,,3.024,0,3.024,3,98,0
310260,Alvinópolis,31062000,Companhia de Saneamento de Minas Gerais,COPASA,Regional,Sociedade de economia mista com administração pública,Água,15.135,8.405,"608,32","608,32",0,"608,32",,,,3.643,0,3.643,0,196,1
310280,Alvorada de Minas,31062000,Companhia de Saneamento de Minas Gerais,COPASA,Regional,Sociedade de economia mista com administração pública,Água,3.605,1.088,"121,6","121,6",0,"121,6",,,,526,0,524,0,160,0
310285,Amparo do Serra,31062000,Companhia de Saneamento de Minas Gerais,COPASA,Regional,Sociedade de economia mista com administração pública,Água,4.643,2.490,"138,45",0,"138,45","138,45",,,,617,0,588,0,118,5
310290,Andradas,31062000,Companhia de Saneamento de Minas Gerais,COPASA,Regional,Sociedade de economia mista com administração pública,Água,41.704,30.610,"3.042,62","3.042,62",0,"3.042,62",,,,4.731,0,4.879,447,592,5
310300,Andrelândia,31062000,Companhia de Saneamento de Minas Gerais,COPASA,Regional,Sociedade de economia mista com administração pública,Água,12.189,9.256,"675,66","675,66",0,"675,66",,,,3.026,9,3.011,7,304,0
310310,Angelândia,31686000,Copasa Serviços de Saneamento Integrado do Norte e Nordeste de Minas Gerais S/A,COPANOR,Regional,Empresa pública,Água e Esgotos,8.594,5.122,"245,18","245,18",0,"245,18",5.040,"188,43","175,68",4.580,3,4.580,19,720,0
310320,Antônio Carlos,31062000,Companhia de Saneamento de Minas Gerais,COPASA,Regional,Sociedade de economia mista com administração pública,Água,11.471,7.966,"520,64","294,32","226,32","520,64",,,,3.568,1,3.503,0,472,2
310330,Antônio Dias,31062000,Companhia de Saneamento de Minas Gerais,COPASA,Regional,Sociedade de economia mista com administração pública,Água,9.233,3.634,"242,03","121,02","121,01","242,03",,,,2.752,2,2.731,0,187,0
310340,Antônio Prado de Minas,31062000,Companhia de Saneamento de Minas Gerais,COPASA,Regional,Sociedade de economia mista com administração pública,Água,1.577,984,"77,96",0,"77,96","77,96",,,,480,0,489,55,124,2
310350,Araçaí,31062000,Companhia de Saneamento de Minas Gerais,COPASA,Regional,Sociedade de economia mista com administração pública,Água,2.360,1.753,"147,06",0,"147,06","147,06",,,,1.015,0,1.015,0,284,0
310360,Aracitaba,31062000,Companhia de Saneamento de Minas Gerais,COPASA,Regional,Sociedade de economia mista com administração pública,Água,2.056,1.558,"189,5",0,"189,5","189,5",,,,762,0,745,1,105,1
310370,Araçuaí,31062000,Companhia de Saneamento de Minas Gerais,COPASA,Regional,Sociedade de economia mista com administração pública,Água e Esgotos,36.715,23.960,"1.736,15","1.736,15",0,"1.736,15",15.148,"599,89","599,76",7.800,0,7.698,9,446,0
310380,Araguari,31035011,Superintendência de Água e Esgoto,SAE,Local,Autarquia,Água e Esgoto,118.361,118.361,"26.587,00",0,"26.587,00",0,118.361,"15.181,96","14.119,00",8.583,200,8.583,650,8.066,0
310400,Arantina,31062000,Companhia de Saneamento de Minas Gerais,COPASA,Regional,Sociedade de economia mista com administração pública,Água,2.779,2.359,207,0,207,207,,,,517,0,519,9,149,0
310410,Araponga,31062000,Companhia de Saneamento de Minas Gerais,COPASA,Regional,Sociedade de economia mista com administração pública,Água,8.467,3.187,"182,2","132,07","50,13","182,2",,,,3.675,0,3.638,1,285,0
310420,Araporã,31037511,Prefeitura Municipal de Araporã,PMA,Local,Administração pública direta,Água e Esgoto,6.992,6.992,"1.410,25","1.410,25",0,0,6.992,"455,3","364,24",8.832,1,8.856,23,156,1
310430,Arapuá,31038012,Sistema Autônomo de Água e Esgoto,SAAE,Local,Autarquia,Água e Esgoto,2.836,2.130,840,500,0,500,2.130,270,0,2.500,0,2.500,0,96,0
310390,Araújos,31039011,Sanarj Concessionária de Saneamento Básico Ltda,SANARJ,Local,Empresa privada,Água e Esgoto,9.523,8.229,"602,79","602,79",0,"602,79",7.899,"336,4","334,2",3.650,0,3.650,0,530,0
310440,Araxá,31062000,Companhia de Saneamento de Minas Gerais,COPASA,Regional,Sociedade de economia mista com administração pública,Água e Esgotos,108.403,101.118,"8.485,16","8.485,16",0,"8.485,16",101.210,"4.591,78","3.309,57",5.478,0,5.472,0,1.150,6
310445,Arceburgo,31062000,Companhia de Saneamento de Minas Gerais,COPASA,Regional,Sociedade de economia mista com administração pública,Água e Esgotos,10.990,9.098,"602,08","301,04","301,04","602,08",8.723,"376,33","310,65",3.372,0,3.350,0,230,0
310450,Arcos,31062000,Companhia de Saneamento de Minas Gerais,COPASA,Regional,Sociedade de economia mista com administração pública,Água,40.658,36.944,"3.950,71","789,96","3.160,75","3.950,71",,,,10.858,3,10.859,0,814,4
310460,Areado,31062000,Companhia de Saneamento de Minas Gerais,COPASA,Regional,Sociedade de economia mista com administração pública,Água,15.288,12.553,"800,23","533,49","266,74","800,23",,,,8.394,1,8.358,0,396,2
310470,Argirita,31044011,Prefeitura Municipal de Argirita,PMA,Local,Administração pública direta,Água e Esgoto,2.681,2.358,238,238,0,0,2.358,152,25,4.602,75,4.585,45,4.586,5
310480,Aricanduva,31686000,Copasa Serviços de Saneamento Integrado do Norte e Nordeste de Minas Gerais S/A,COPANOR,Regional,Empresa pública,Água e Esgotos,5.305,2.482,"133,14","125,85","7,29","125,85",2.000,"81,76","81,76",3.540,5,3.540,2,451,0
310490,Arinos,31062000,Companhia de Saneamento de Minas Gerais,COPASA,Regional,Sociedade de economia mista com administração pública,Água,17.850,10.248,662,"639,42","22,58",662,,,,3.728,0,3.561,5,360,11
310500,Astolfo Dutra,31062000,Companhia de Saneamento de Minas Gerais,COPASA,Regional,Sociedade de economia mista com administração pública,Água,14.358,11.987,"957,58","846,86","110,72","957,58",,,,5.728,0,5.638,3,702,4
310510,Ataléia,31062000,Companhia de Saneamento de Minas Gerais,COPASA,Regional,Sociedade de economia mista com administração pública,Água e Esgotos,12.496,5.265,"316,4","316,4",0,"316,4",3.882,"137,64","131,13",3.813,0,3.800,7,140,0
310530,Augusto de Lima,31062000,Companhia de Saneamento de Minas Gerais,COPASA,Regional,Sociedade de economia mista com administração pública,Água,4.833,2.771,"220,71","220,71",0,"220,71",,,,531,0,529,0,161,0
310540,Baependi,31062000,Companhia de Saneamento de Minas Gerais,COPASA,Regional,Sociedade de economia mista com administração pública,Água,19.249,13.675,"1.154,56","1.154,56",0,"1.154,56",,,,8.557,0,8.549,0,324,0
310550,Baldim,31062000,Companhia de Saneamento de Minas Gerais,COPASA,Regional,Sociedade de economia mista com administração pública,Água,7.780,4.374,"468,72",0,"468,72","468,72",,,,754,1,741,4,227,0
310560,Bambuí,31062000,Companhia de Saneamento de Minas Gerais,COPASA,Regional,Sociedade de economia mista com administração pública,Água,23.964,19.872,"1.783,22","594,41","1.188,81","1.783,22",,,,3.517,0,2.572,0,489,1
310570,Bandeira,31686000,Copasa Serviços de Saneamento Integrado do Norte e Nordeste de Minas Gerais S/A,COPANOR,Regional,Empresa pública,Água e Esgotos,4.738,2.730,"237,45","237,45",0,"205,66",2.120,"108,61",0,5.060,0,5.060,2,325,0
310590,Bandeira do Sul,31053011,"Serviço de Água, Esgoto e Limpeza Pública",SAELP,Local,Autarquia,Água e Esgoto,5.808,5.808,458,183,275,0,5.808,207,0,1.976,0,1.976,0,70,2
310600,Barão de Cocais,31062000,Companhia de Saneamento de Minas Gerais,COPASA,Regional,Sociedade de economia mista com administração pública,Água,33.232,25.390,"2.158,59","2.158,59",0,"2.158,59",,,,5.665,0,5.582,0,525,0
310610,Barão de Monte Alto,31062000,Companhia de Saneamento de Minas Gerais,COPASA,Regional,Sociedade de economia mista com administração pública,Água,5.311,3.749,"357,57","102,53","255,04","357,57",,,,1.857,0,1.916,1,541,7
310620,Barbacena,31062000,Companhia de Saneamento de Minas Gerais,COPASA,Regional,Sociedade de economia mista com administração pública,Água e Esgotos,139.061,42.674,"2.572,08","1.286,04","1.286,04","2.572,08",38.651,"1.274,88","1.024,62",5.210,0,5.123,2,870,3
310640,Barra Longa,31062000,Companhia de Saneamento de Minas Gerais,COPASA,Regional,Sociedade de economia mista com administração pública,Água,4.905,2.118,"191,25","191,25",0,"191,25",,,,3.472,0,3.472,0,117,0
310650,Barroso,31062000,Companhia de Saneamento de Minas Gerais,COPASA,Regional,Sociedade de economia mista com administração pública,Água,20.981,17.453,"1.355,04","451,68","903,36","1.355,04",,,,6.017,34,5.982,0,556,0
310665,Bela Vista de Minas,31062000,Companhia de Saneamento de Minas Gerais,COPASA,Regional,Sociedade de economia mista com administração pública,Água,10.269,7.925,"709,97","709,97",0,"709,97",,,,4.595,0,4.553,0,205,0
310660,Belmiro Braga,31062000,Companhia de Saneamento de Minas Gerais,COPASA,Regional,Sociedade de economia mista com administração pública,Água,3.422,883,"77,53","77,53",0,"77,53",,,,3.004,0,3.019,16,129,2
310670,Belo Horizonte,31062000,Companhia de Saneamento de Minas Gerais,COPASA,Regional,Sociedade de economia mista com administração pública,Água e Esgotos,2.530.701,2.402.829,"242.405,80","161.603,87","80.801,93","242.405,80",2.378.396,"106.982,96","106.982,96",51.079,9,50.978,64,6.591,200
310680,Belo Oriente,31062000,Companhia de Saneamento de Minas Gerais,COPASA,Regional,Sociedade de economia mista com administração pública,Água,27.277,19.623,"1.783,68","1.617,32","166,36","1.783,68",,,,13.543,3,13.456,455,635,0
310690,Belo Vale,31062000,Companhia de Saneamento de Minas Gerais,COPASA,Regional,Sociedade de economia mista com administração pública,Água,7.723,3.363,"335,85","335,85",0,"335,85",,,,6.594,8,6.594,0,112,0
310700,Berilo,31686000,Copasa Serviços de Saneamento Integrado do Norte e Nordeste de Minas Gerais S/A,COPANOR,Regional,Empresa pública,Água e Esgotos,11.813,4.447,"313,26","313,26",0,"295,18",2.407,"119,86",0,7.043,9,8.826,4,605,0
310710,Berizal,31062000,Companhia de Saneamento de Minas Gerais,COPASA,Regional,Sociedade de economia mista com administração pública,Água,4.792,2.684,"192,22","83,52","108,7","192,22",,,,2.708,0,2.708,0,266,3
310720,Bertópolis,31686000,Copasa Serviços de Saneamento Integrado do Norte e Nordeste de Minas Gerais S/A,COPANOR,Regional,Empresa pública,Água e Esgotos,4.609,2.677,"151,38","127,79",0,"127,79",2.440,121,"5,3",3.988,4,3.987,2,309,2
310730,Betim,31062000,Companhia de Saneamento de Minas Gerais,COPASA,Regional,Sociedade de economia mista com administração pública,Água e Esgotos,450.024,398.025,"40.224,28","40.224,28",0,"40.224,28",351.494,"13.215,60","13.215,60",16.137,3,16.135,32,2.474,53
310740,Bias Fortes,31068011,Prefeitura Municipal de Bias Fortes,PMBF,Local,Administração pública direta,Água e Esgoto,3.282,3.056,"126,14","126,14",0,0,3.056,"60,13",0,5,2,14,3,14,3
310750,Bicas,31062000,Companhia de Saneamento de Minas Gerais,COPASA,Regional,Sociedade de economia mista com administração pública,Água,14.612,12.178,"984,28","984,28",0,"984,28",,,,3.284,0,3.257,0,385,12
310760,Biquinhas,31062000,Companhia de Saneamento de Minas Gerais,COPASA,Regional,Sociedade de economia mista com administração pública,Água,2.482,1.632,"146,09",0,"146,09","146,09",,,,427,0,430,0,136,0
310770,Boa Esperança,31071011,Serviço Autônomo de Água e Esgoto,SAAE,Local,Autarquia,Água e Esgoto,40.308,34.033,"3.507,64","3.507,64",0,"3.507,64",33.689,"1.951,60","1.951,60",626,40,626,13,626,9
310780,Bocaina de Minas,31072011,Prefeitura Municipal de Bocaina de Minas,PMBM,Local,Administração pública direta,Água e Esgoto,5.088,4.000,200,0,0,0,3.950,130,0,0,0,0,0,108,70
310790,Bocaiúva,31073011,Serviço Autônomo de Água e Esgoto,SAAE,Local,Autarquia,Água e Esgoto,50.521,46.284,"3.785,00","1.982,00","1.803,00",0,41.139,"1.495,50","1.334,40",7.250,18,7.200,46,2.200,5
310800,Bom Despacho,31062000,Companhia de Saneamento de Minas Gerais,COPASA,Regional,Sociedade de economia mista com administração pública,Água e Esgotos,51.436,46.334,"3.630,36","1.443,13","2.187,23","3.630,36",44.497,"1.849,03","1.849,03",9.424,4,9.423,0,788,7
310810,Bom Jardim de Minas,31062000,Companhia de Saneamento de Minas Gerais,COPASA,Regional,Sociedade de economia mista com administração pública,Água,6.444,5.024,"409,43","409,43",0,"409,43",,,,2.874,0,2.867,0,164,0
310820,Bom Jesus da Penha,31062000,Companhia de Saneamento de Minas Gerais,COPASA,Regional,Sociedade de economia mista com administração pública,Água,4.270,3.055,"246,2",0,"246,2","246,2",,,,518,0,504,0,153,0
310825,Bom Jesus do Amparo,31062000,Companhia de Saneamento de Minas Gerais,COPASA,Regional,Sociedade de economia mista com administração pública,Água,6.182,2.757,"205,88","174,66","31,22","205,88",,,,3.560,2,3.521,5,244,0
310830,Bom Jesus do Galho,31062000,Companhia de Saneamento de Minas Gerais,COPASA,Regional,Sociedade de economia mista com administração pública,Água,14.792,9.681,"644,65","592,16","52,49","644,65",,,,4.674,8,4.678,5,338,0
310840,Bom Repouso,31062000,Companhia de Saneamento de Minas Gerais,COPASA,Regional,Sociedade de economia mista com administração pública,Água e Esgotos,10.527,5.595,"406,19","406,19",0,"406,19",5.434,"244,58","244,58",3.680,9,3.663,201,141,1
310850,Bom Sucesso,31080011,Águas de Bom Sucesso Ltda,ABS,Local,Empresa privada,Água e Esgoto,17.612,17.604,"1.042,00",980,62,"1.042,00",14.480,670,670,3.960,0,3.960,0,480,0
310870,Bonfim,31062000,Companhia de Saneamento de Minas Gerais,COPASA,Regional,Sociedade de economia mista com administração pública,Água e Esgotos,6.852,3.250,"384,84","384,84",0,"384,84",2.449,"165,58",0,3.304,1,3.305,7,112,0
310855,Bonfinópolis de Minas,31062000,Companhia de Saneamento de Minas Gerais,COPASA,Regional,Sociedade de economia mista com administração pública,Água,5.397,3.948,"304,53","304,53",0,"304,53",,,,2.905,0,2.905,0,138,0
310860,Bonito de Minas,31062000,Companhia de Saneamento de Minas Gerais,COPASA,Regional,Sociedade de economia mista com administração pública,Água,11.502,2.501,"171,22",0,"171,22","171,22",,,,662,0,661,0,135,1
310880,Borda da Mata,31062000,Companhia de Saneamento de Minas Gerais,COPASA,Regional,Sociedade de economia mista com administração pública,Água e Esgotos,19.809,13.689,"796,31","796,31",0,"796,31",13.512,"447,69","447,69",4.626,3,4.609,0,380,1
310890,Botelhos,31062000,Companhia de Saneamento de Minas Gerais,COPASA,Regional,Sociedade de economia mista com administração pública,Água e Esgotos,14.927,11.109,"831,34","792,31","39,03","831,34",7.946,"376,9",0,6.699,1,6.650,120,512,0
310900,Botumirim,31686000,Copasa Serviços de Saneamento Integrado do Norte e Nordeste de Minas Gerais S/A,COPANOR,Regional,Empresa pública,Água e Esgotos,6.259,3.067,"203,22","70,5","132,72","203,22",1.224,"42,59","42,59",2.150,2,2.150,7,440,0
310910,Brás Pires,31087011,Prefeitura Municipal de Brás Pires,PMBP,Local,Administração pública direta,Água,4.255,2.070,150,0,150,145,,,,13,7,13,9,12,5
310920,Brasilândia de Minas,31062000,Companhia de Saneamento de Minas Gerais,COPASA,Regional,Sociedade de economia mista com administração pública,Água e Esgotos,16.950,13.905,"931,54","931,54",0,"931,54",3.677,"139,45","139,45",4.581,0,4.581,0,301,4
310925,Brasília de Minas,31062000,Companhia de Saneamento de Minas Gerais,COPASA,Regional,Sociedade de economia mista com administração pública,Água e Esgotos,32.460,19.336,"975,02","975,02",0,"975,02",16.338,"504,12","504,12",4.076,1,4.076,0,410,2
310930,Braúnas,31062000,Companhia de Saneamento de Minas Gerais,COPASA,Regional,Sociedade de economia mista com administração pública,Água,4.737,1.584,"136,63",0,"136,63","136,63",,,,796,0,751,0,105,0
310940,Brazópolis,31062000,Companhia de Saneamento de Minas Gerais,COPASA,Regional,Sociedade de economia mista com administração pública,Água,14.364,8.014,"794,42","701,94","92,48","794,42",,,,5.028,17,4.952,1,585,0
310945,Brumadinho,31062000,Companhia de Saneamento de Minas Gerais,COPASA,Regional,Sociedade de economia mista com administração pública,Água e Esgotos,41.208,28.601,"2.587,66","1.281,23","1.306,43","2.587,66",17.187,"1.023,27","142,04",21.627,1,21.629,7,1.034,31
310950,Bueno Brandão,31062000,Companhia de Saneamento de Minas Gerais,COPASA,Regional,Sociedade de economia mista com administração pública,Água e Esgotos,10.982,5.713,"351,65","351,65",0,"351,65",5.455,"203,65","203,65",4.029,3,4.000,74,104,5
310960,Buenópolis,31062000,Companhia de Saneamento de Minas Gerais,COPASA,Regional,Sociedade de economia mista com administração pública,Água e Esgotos,10.342,6.437,"397,98","397,98",0,"397,98",5.765,"227,45","227,45",3.247,0,3.253,0,216,0
310970,Bugre,31062000,Companhia de Saneamento de Minas Gerais,COPASA,Regional,Sociedade de economia mista com administração pública,Água,3.984,1.337,"95,29","95,29",0,"95,29",,,,392,0,373,0,126,0
310270,Buritis,31062000,Companhia de Saneamento de Minas Gerais,COPASA,Regional,Sociedade de economia mista com administração pública,Água e Esgotos,25.179,16.220,"1.085,09","1.030,67","54,42","1.085,09",6.752,"281,62","281,62",9.014,1,9.014,1,462,3
310980,Buritizeiro,31094011,Serviço Autônomo de Água e Esgoto,SAAE,Local,Autarquia,Água,28.184,28.180,"2.069,70","1.951,74",0,"1.951,74",,,,3.617,0,3.613,0,554,0
310990,Cabeceira Grande,31094511,Serviço Autônomo de Saneamento de Cabeceira Grande,SANECAB,Local,Autarquia,Água,7.025,7.025,"310,17","310,17",0,0,,,,3.568,0,3.958,0,60,0
311000,Cabo Verde,31062000,Companhia de Saneamento de Minas Gerais,COPASA,Regional,Sociedade de economia mista com administração pública,Água e Esgotos,14.074,7.907,"533,1","245,22","287,88","533,1",7.748,"293,47",0,4.235,0,4.189,0,453,0
311010,Cachoeira da Prata,31096011,Prefeitura Municipal de Cachoeira da Prata,PMCP,Local,Administração pública direta,Água e Esgoto,3.580,3.426,"226,15",0,"226,15",0,3.409,"180,92","56,08",12,6,1,1,12,2
311020,Cachoeira de Minas,31062000,Companhia de Saneamento de Minas Gerais,COPASA,Regional,Sociedade de economia mista com administração pública,Água,11.609,7.456,"614,42","614,42",0,"614,42",,,,6.252,0,6.207,183,341,2
311030,Cachoeira de Pajeú,31686000,Copasa Serviços de Saneamento Integrado do Norte e Nordeste de Minas Gerais S/A,COPANOR,Regional,Empresa pública,Água,9.470,5.354,"267,93","267,93",0,0,,,,4.410,0,4.410,1,226,0
311040,Cachoeira Dourada,31098011,Prefeitura Municipal de Cachoeira Dourada,PMCD,Local,Administração pública direta,Água e Esgoto,2.720,2.416,140,0,0,0,2.400,140,0,1.115,0,369,62,263,0
311050,Caetanópolis,31062000,Companhia de Saneamento de Minas Gerais,COPASA,Regional,Sociedade de economia mista com administração pública,Água,11.869,8.632,"727,26","72,73","654,53","727,26",,,,8.527,0,8.535,0,293,0
311060,Caeté,31100011,Serviço Autônomo de Água e Esgoto,SAAE,Local,Autarquia,Água e Esgoto,45.364,44.377,"4.053,11","4.053,11",0,0,40.605,"2.945,69","572,49",18.824,17,9.412,10,1.456,38
311070,Caiana,31062000,Companhia de Saneamento de Minas Gerais,COPASA,Regional,Sociedade de economia mista com administração pública,Água,5.584,2.867,"158,91","79,46","79,45","158,91",,,,3.144,0,3.144,70,180,0
311080,Cajuri,31062000,Companhia de Saneamento de Minas Gerais,COPASA,Regional,Sociedade de economia mista com administração pública,Água,3.961,2.128,"168,63",0,"168,63","168,63",,,,1.447,0,1.406,1,294,3
311090,Caldas,31062000,Companhia de Saneamento de Minas Gerais,COPASA,Regional,Sociedade de economia mista com administração pública,Água e Esgotos,14.600,6.951,"659,22","590,64","68,58","659,22",5.347,"251,42",0,4.702,0,4.673,0,267,5
311100,Camacho,31062000,Companhia de Saneamento de Minas Gerais,COPASA,Regional,Sociedade de economia mista com administração pública,Água,2.839,1.416,"118,4",0,"118,4","118,4",,,,276,1,267,0,134,1
311110,Camanducaia,31062000,Companhia de Saneamento de Minas Gerais,COPASA,Regional,Sociedade de economia mista com administração pública,Água e Esgotos,21.831,15.519,"1.804,14","1.788,41","15,73","1.804,14",11.869,"669,51","595,38",11.452,3,11.420,0,466,13
311115,Cambuí,31106011,Serviço Autônomo de Água e Esgoto,SAAE,Local,Autarquia,Água e Esgoto,30.068,30.068,"3.012,00","2.756,80","63,23","2.756,80",30.068,"1.272,43","19,97",5.597,0,5.597,0,780,0
311120,Cambuquira,31062000,Companhia de Saneamento de Minas Gerais,COPASA,Regional,Sociedade de economia mista com administração pública,Água e Esgotos,12.810,10.141,"1.353,76","676,88","676,88","1.353,76",7.517,"220,81",0,4.811,0,4.796,0,246,0
311130,Campanário,31062000,Companhia de Saneamento de Minas Gerais,COPASA,Regional,Sociedade de economia mista com administração pública,Água,3.739,2.612,"158,26","79,13","79,13","158,26",,,,3.879,0,3.864,0,106,0
311140,Campanha,31062000,Companhia de Saneamento de Minas Gerais,COPASA,Regional,Sociedade de economia mista com administração pública,Água e Esgotos,16.855,13.349,"897,7","224,42","673,28","897,7",12.867,"483,1",0,4.152,0,4.137,2,272,0
311150,Campestre,31062000,Companhia de Saneamento de Minas Gerais,COPASA,Regional,Sociedade de economia mista com administração pública,Água,21.052,11.358,"912,65","912,65",0,"912,65",,,,3.844,0,3.817,1,298,0
311160,Campina Verde,31062000,Companhia de Saneamento de Minas Gerais,COPASA,Regional,Sociedade de economia mista com administração pública,Água e Esgotos,19.759,13.438,"1.171,81","1.123,63","48,18","1.171,81",12.846,"566,3","566,3",4.357,0,4.353,1,436,0
311190,Campo Azul,31062000,Companhia de Saneamento de Minas Gerais,COPASA,Regional,Sociedade de economia mista com administração pública,Água,3.830,1.626,"92,11",0,"92,11","92,11",,,,493,0,478,0,135,6
311170,Campo Belo,31112011,Departamento Municipal de Água e Esgoto,DEMAE,Local,Autarquia,Água e Esgoto,54.338,52.244,"4.654,42","4.052,11","602,31","4.052,11",51.592,"2.117,74",0,7.249,0,7.249,0,989,0
311180,Campo do Meio,31113011,Serviço Autônomo de Água e Esgoto,SAAE,Local,Autarquia,Água e Esgoto,11.648,10.490,"634,11","634,11",0,"634,11",10.210,443,0,3.903,28,3.903,18,96,0
311200,Campo Florido,31062000,Companhia de Saneamento de Minas Gerais,COPASA,Regional,Sociedade de economia mista com administração pública,Água e Esgotos,8.383,5.978,"505,33",0,"505,33","505,33",5.978,"279,29",0,536,0,536,0,171,0
311205,Campos Altos,31062000,Companhia de Saneamento de Minas Gerais,COPASA,Regional,Sociedade de economia mista com administração pública,Água,15.661,12.311,"841,75","841,75",0,"841,75",,,,3.395,0,3.398,0,294,1
311210,Campos Gerais,31062000,Companhia de Saneamento de Minas Gerais,COPASA,Regional,Sociedade de economia mista com administração pública,Água,28.908,18.981,"1.291,21","814,25","476,96","1.291,21",,,,11.101,2,11.064,2,525,6
311220,Cana Verde,31062000,Companhia de Saneamento de Minas Gerais,COPASA,Regional,Sociedade de economia mista com administração pública,Água,5.585,3.799,"279,9","139,95","139,95","279,9",,,,2.235,0,2.228,0,157,0
311230,Canaã,31062000,Companhia de Saneamento de Minas Gerais,COPASA,Regional,Sociedade de economia mista com administração pública,Água,4.533,1.888,"130,57",0,"130,57","130,57",,,,539,0,516,0,151,0
311240,Canápolis,31062000,Companhia de Saneamento de Minas Gerais,COPASA,Regional,Sociedade de economia mista com administração pública,Água,12.251,9.545,"798,6","798,6",0,"798,6",,,,3.378,0,3.378,0,252,0
311250,Candeias,31062000,Companhia de Saneamento de Minas Gerais,COPASA,Regional,Sociedade de economia mista com administração pública,Água,14.890,10.522,"707,95","707,95",0,"707,95",,,,7.035,0,7.020,0,314,0
311260,Cantagalo,31062000,Companhia de Saneamento de Minas Gerais,COPASA,Regional,Sociedade de economia mista com administração pública,Água,4.575,2.463,"120,24","120,24",0,"120,24",,,,3.072,0,3.063,0,153,0
311265,Caparaó,31062000,Companhia de Saneamento de Minas Gerais,COPASA,Regional,Sociedade de economia mista com administração pública,Água,5.464,1.755,"92,37","92,37",0,"92,37",,,,1.317,0,1.317,0,105,1
311270,Capela Nova,31062000,Companhia de Saneamento de Minas Gerais,COPASA,Regional,Sociedade de economia mista com administração pública,Água,4.616,1.985,"140,68",0,"140,68","140,68",,,,477,0,477,0,112,0
311280,Capelinha,31062000,Companhia de Saneamento de Minas Gerais,COPASA,Regional,Sociedade de economia mista com administração pública,Água e Esgotos,38.321,26.932,"1.811,90","1.207,93","603,97","1.811,90",26.098,"912,18",0,5.501,0,5.493,3,690,0
311300,Capetinga,31062000,Companhia de Saneamento de Minas Gerais,COPASA,Regional,Sociedade de economia mista com administração pública,Água e Esgotos,6.860,5.368,"415,7","415,7",0,"415,7",490,"20,35","20,14",5.382,0,5.354,0,273,0
311310,Capim Branco,31062000,Companhia de Saneamento de Minas Gerais,COPASA,Regional,Sociedade de economia mista com administração pública,Água e Esgotos,9.896,8.816,"1.017,94",0,"1.017,94","1.017,94",1.964,"103,86","48,57",1.400,4,1.393,2,496,8
311320,Capinópolis,31062000,Companhia de Saneamento de Minas Gerais,COPASA,Regional,Sociedade de economia mista com administração pública,Água,16.294,12.985,"1.286,44","1.286,44",0,"1.286,44",,,,4.159,5,4.163,1,342,0
311330,Capitão Andrade,31126511,Prefeitura Municipal de Capitão Andrade,PMCA,Local,Administração pública direta,Água e Esgoto,5.559,4.114,258,250,8,0,4.114,204,0,4.320,0,144,0,96,0
311340,Capitão Enéas,31062000,Companhia de Saneamento de Minas Gerais,COPASA,Regional,Sociedade de economia mista com administração pública,Água e Esgotos,15.388,9.701,"570,79",0,"570,79","570,79",6.048,"176,54","176,54",608,0,604,0,239,0
311350,Capitólio,31062000,Companhia de Saneamento de Minas Gerais,COPASA,Regional,Sociedade de economia mista com administração pública,Água,8.693,6.898,"1.133,83","1.133,83",0,"1.133,83",,,,8.749,1,8.713,0,351,0
311360,Caputira,31062000,Companhia de Saneamento de Minas Gerais,COPASA,Regional,Sociedade de economia mista com administração pública,Água,9.318,3.514,"286,52","230,18","56,34","286,52",,,,2.776,0,2.776,0,283,0
311370,Caraí,31686000,Copasa Serviços de Saneamento Integrado do Norte e Nordeste de Minas Gerais S/A,COPANOR,Regional,Empresa pública,Água e Esgotos,23.872,6.716,"384,42","247,14","137,28","38,44",6.105,"298,5","29,85",7.051,498,6.966,26,732,1
311380,Caranaíba,31131011,Prefeitura Municipal de Caranaíba,PMC,Local,Administração pública direta,Água e Esgoto,3.150,2.249,170,0,170,0,946,60,0,1,0,312,147,312,171
311390,Carandaí,31062000,Companhia de Saneamento de Minas Gerais,COPASA,Regional,Sociedade de economia mista com administração pública,Água,25.831,19.646,"1.442,06","671,48","770,58","1.442,06",,,,7.077,0,7.077,1,764,0
311400,Carangola,31133011,Serviço Municipal de Saneamento Básico e Infraestrutura,SEMASA,Local,Autarquia,Água e Esgoto,33.022,25.006,"2.932,10","2.910,15","21,95","2.910,15",19.319,"1.335,74","165,19",19.096,0,19.096,0,1.175,0
311410,Caratinga,31062000,Companhia de Saneamento de Minas Gerais,COPASA,Regional,Sociedade de economia mista com administração pública,Água e Esgotos,93.124,69.144,"4.888,47","4.791,57","96,9","4.888,47",56.155,"2.280,75","1.747,99",13.985,19,13.964,350,1.983,16
311420,Carbonita,31062000,Companhia de Saneamento de Minas Gerais,COPASA,Regional,Sociedade de economia mista com administração pública,Água e Esgotos,9.423,7.030,"371,99","371,99",0,"371,99",5.544,"184,08","178,8",5.753,0,5.761,8,283,0
311440,Careaçu,31062000,Companhia de Saneamento de Minas Gerais,COPASA,Regional,Sociedade de economia mista com administração pública,Água,6.826,4.648,"337,77","337,77",0,"337,77",,,,5.284,0,5.281,9,114,0
311450,Carlos Chagas,31062000,Companhia de Saneamento de Minas Gerais,COPASA,Regional,Sociedade de economia mista com administração pública,Água e Esgotos,18.516,10.769,"706,09","706,09",0,"706,09",9.444,"361,53","361,53",3.863,0,3.847,11,241,2
311460,Carmésia,31138011,Prefeitura Municipal de Carmésia,PMC,Local,Administração pública direta,Água e Esgoto,2.660,1.950,190,158,30,0,1.418,76,76,5.000,66,5.000,58,4.900,6
311470,Carmo da Cachoeira,31062000,Companhia de Saneamento de Minas Gerais,COPASA,Regional,Sociedade de economia mista com administração pública,Água e Esgotos,12.193,8.642,"608,88","608,88",0,"608,88",7.845,"307,67",0,4.867,0,4.841,3,379,0
311480,Carmo da Mata,31140011,Serviço Autônomo de Água e Esgoto,SAAE,Local,Autarquia,Água e Esgoto,11.546,11.143,"817,31","746,5","70,81","817,1",9.845,"308,83","250,09",3.888,47,3.873,56,678,40
311490,Carmo de Minas,31141011,Serviço Autônomo de Água e Esgoto,SAAE,Local,Autarquia,Água e Esgoto,15.031,15.031,"1.058,16","1.058,16",0,0,11.138,"947,61",0,4.721,15,4.721,15,472,3
311500,Carmo do Cajuru,31142011,Serviço Autarquico de Água e Esgoto,SAAE,Local,Autarquia,Água e Esgoto,22.900,21.455,"1.914,61","1.623,35","291,26","1.623,35",16.739,"855,92","196,42",5.375,90,5.124,35,778,0
311510,Carmo do Paranaíba,31062000,Companhia de Saneamento de Minas Gerais,COPASA,Regional,Sociedade de economia mista com administração pública,Água e Esgotos,30.339,22.950,"1.704,02","1.262,78","441,24","1.704,02",22.679,"1.055,49","922,75",10.677,0,10.678,6,613,1
311530,Carmo do Rio Claro,31062000,Companhia de Saneamento de Minas Gerais,COPASA,Regional,Sociedade de economia mista com administração pública,Água e Esgotos,21.310,14.300,"1.049,00","1.034,08","14,92","1.049,00",13.807,"638,25","638,25",4.179,0,4.132,0,506,0
311535,Carmópolis de Minas,31145011,Serviço de Saneamento Ambiental Municipal,SESAM,Local,Autarquia,Água e Esgoto,19.756,19.756,"1.152,00","1.050,00",102,"1.050,00",19.756,735,551,8.500,0,4.920,0,1.230,0
311540,Carneirinho,31062000,Companhia de Saneamento de Minas Gerais,COPASA,Regional,Sociedade de economia mista com administração pública,Água e Esgotos,10.103,6.589,"472,52",0,"472,52","472,52",6.136,"285,2","285,2",2.271,0,1.565,0,446,0
311545,Carrancas,31146011,Prefeitura Municipal de Carrancas,PMC,Local,Administração pública direta,Água,4.052,2.781,114,0,0,0,,,,2,2,2,2,36,36
311547,Carvalhópolis,31062000,Companhia de Saneamento de Minas Gerais,COPASA,Regional,Sociedade de economia mista com administração pública,Água,3.614,2.636,"164,63","164,63",0,"164,63",,,,2.664,0,2.655,0,116,0
311550,Carvalhos,31062000,Companhia de Saneamento de Minas Gerais,COPASA,Regional,Sociedade de economia mista com administração pública,Água e Esgotos,4.445,1.973,"167,24","167,24",0,"167,24",1.538,"79,89",0,2.080,0,2.074,0,119,0
311560,Casa Grande,31149011,Prefeitura Municipal de Casa Grande,PMCG,Local,Administração pública direta,Água,2.251,2.251,"126,14",0,100,0,,,,48,48,48,48,48,48
311570,Cascalho Rico,31062000,Companhia de Saneamento de Minas Gerais,COPASA,Regional,Sociedade de economia mista com administração pública,Água,3.108,1.931,"146,84",0,"146,84","146,84",,,,673,0,669,0,220,1
311580,Cássia,31062000,Companhia de Saneamento de Minas Gerais,COPASA,Regional,Sociedade de economia mista com administração pública,Água,17.741,13.726,"1.488,27","1.488,27",0,"1.488,27",,,,4.425,0,4.392,0,333,0
311590,Cataguases,31062000,Companhia de Saneamento de Minas Gerais,COPASA,Regional,Sociedade de economia mista com administração pública,Água e Esgotos,75.942,64.696,"6.113,75","5.842,91","270,84","6.113,75",46.613,"1.927,41","461,95",7.935,3,7.921,24,1.627,17
311600,Catas Altas,31153511,Prefeitura Municipal de Catas Altas,PMCA,Local,Administração pública direta,Água e Esgoto,5.465,4.806,946,"346,9","200,3",0,4.078,268,"227,8",12,0,12,0,12,4
311610,Catas Altas da Noruega,31154011,Prefeitura Municipal de Catas Altas da Noruega,PMCAN,Local,Administração pública direta,Água,3.665,1.513,192,0,192,0,,,,0,0,4,0,48,0
311615,Catuji,31686000,Copasa Serviços de Saneamento Integrado do Norte e Nordeste de Minas Gerais S/A,COPANOR,Regional,Empresa pública,Água e Esgotos,6.206,2.741,"185,74","168,61",0,"160,01",2.641,"96,58",0,3.986,21,4.079,117,265,2
311630,Catuti,31062000,Companhia de Saneamento de Minas Gerais,COPASA,Regional,Sociedade de economia mista com administração pública,Água e Esgotos,4.944,2.189,"124,46","124,46",0,"124,46",843,"28,2","28,2",8.872,0,8.868,1,133,0
311640,Caxambu,31062000,Companhia de Saneamento de Minas Gerais,COPASA,Regional,Sociedade de economia mista com administração pública,Água e Esgotos,21.566,18.632,"1.312,93","1.312,93",0,"1.312,93",18.225,"805,41","805,41",8.704,0,8.698,1,469,0
311650,Cedro do Abaeté,31062000,Companhia de Saneamento de Minas Gerais,COPASA,Regional,Sociedade de economia mista com administração pública,Água,1.150,778,"68,05","68,05",0,"68,05",,,,2.310,0,2.312,0,148,0
311660,Central de Minas,31157011,Serviço Autônomo de Água e Esgoto,SAAE,Local,Autarquia,Água e Esgoto,7.059,5.831,516,496,20,496,5.831,"297,6",1,5.189,0,5.189,388,288,0
311670,Centralina,31062000,Companhia de Saneamento de Minas Gerais,COPASA,Regional,Sociedade de economia mista com administração pública,Água e Esgotos,10.343,7.670,"561,22","280,61","280,61","561,22",3.771,"158,22","158,22",3.279,0,3.273,0,226,0
311680,Chácara,31062000,Companhia de Saneamento de Minas Gerais,COPASA,Regional,Sociedade de economia mista com administração pública,Água,3.216,1.965,"154,6",0,"154,6","154,6",,,,889,0,894,0,134,0
311690,Chalé,31160011,Prefeitura Municipal de Chalé,PMC,Local,Administração pública direta,Água e Esgoto,5.695,3.250,"2.320,00","2.320,00",0,0,3.250,585,0,6.000,0,6.500,0,170,0
311700,Chapada do Norte,31686000,Copasa Serviços de Saneamento Integrado do Norte e Nordeste de Minas Gerais S/A,COPANOR,Regional,Empresa pública,Água e Esgotos,15.334,5.999,"318,98","304,3","14,68","288,58",520,"12,32",0,6.320,29,6.320,38,1.631,25
311710,Chapada Gaúcha,31062000,Companhia de Saneamento de Minas Gerais,COPASA,Regional,Sociedade de economia mista com administração pública,Água,14.217,6.916,"354,38",0,"354,38","354,38",,,,6.621,1,6.621,96,295,1
311520,Cipotânea,31062000,Companhia de Saneamento de Minas Gerais,COPASA,Regional,Sociedade de economia mista com administração pública,Água,6.811,3.162,"183,82","183,82",0,"183,82",,,,2.139,0,2.140,0,112,0
311730,Claraval,31164011,Prefeitura Municipal de Claraval,PMC,Local,Administração pública direta,Água e Esgoto,4.873,4.853,287,0,0,225,1.500,"223,54",92,36,0,36,0,36,0
311720,Claro dos Poções,31062000,Companhia de Saneamento de Minas Gerais,COPASA,Regional,Sociedade de economia mista com administração pública,Água e Esgotos,7.478,5.033,"270,95","180,04","90,91","270,95",2.057,"66,87","66,87",3.058,0,3.058,0,286,1
311740,Cláudio,31062000,Companhia de Saneamento de Minas Gerais,COPASA,Regional,Sociedade de economia mista com administração pública,Água e Esgotos,29.093,23.219,"1.551,17","1.487,68","63,49","1.551,17",23.164,"870,86","870,86",5.071,0,5.066,54,603,1
311750,Coimbra,31062000,Companhia de Saneamento de Minas Gerais,COPASA,Regional,Sociedade de economia mista com administração pública,Água,7.631,4.983,"313,59","313,59",0,"313,59",,,,1.075,0,1.038,0,192,1
311760,Coluna,31062000,Companhia de Saneamento de Minas Gerais,COPASA,Regional,Sociedade de economia mista com administração pública,Água,8.810,3.866,"209,67",0,"209,67","209,67",,,,441,3,438,29,172,0
311770,Comendador Gomes,31062000,Companhia de Saneamento de Minas Gerais,COPASA,Regional,Sociedade de economia mista com administração pública,Água,3.128,1.470,"115,24","57,62","57,62","115,24",,,,1.026,0,1.028,0,111,0
311780,Comercinho,31686000,Copasa Serviços de Saneamento Integrado do Norte e Nordeste de Minas Gerais S/A,COPANOR,Regional,Empresa pública,Água e Esgotos,6.624,3.720,"218,52","196,31","22,21",0,2.219,"92,85",0,4.495,9,4.457,126,308,0
311783,Conceição da Aparecida,31062000,Companhia de Saneamento de Minas Gerais,COPASA,Regional,Sociedade de economia mista com administração pública,Água,10.351,6.192,"508,66","508,66",0,"508,66",,,,3.777,0,3.760,0,181,0
311787,Conceição da Barra de Minas,31062000,Companhia de Saneamento de Minas Gerais,COPASA,Regional,Sociedade de economia mista com administração pública,Água e Esgotos,3.939,2.617,"157,79",0,"157,79","157,79",1.718,"59,77","59,77",876,0,867,0,164,0
311790,Conceição das Alagoas,31173011,Prefeitura Municipal de Conceição das Alagoas,PMCA,Local,Administração pública direta,Água e Esgoto,28.782,28.455,"2.900,00",0,"2.900,00","2.900,00",28.128,"1.451,00",0,180,22,180,0,180,0
311800,Conceição das Pedras,31172011,Prefeitura Municipal de Conceição das Pedras,PMCP,Local,Administração pública direta,Água e Esgoto,2.814,2.813,420,0,420,0,2.814,85,0,75,40,75,2,75,3
311820,Conceição de Ipanema,31174011,Prefeitura Municipal de Conceição de Ipanema,PMCI,Local,Administração pública direta,Água e Esgoto,4.581,4.581,610,540,0,540,4.581,506,0,4.500,0,4.500,5,285,5
311830,Conceição do Mato Dentro,31062000,Companhia de Saneamento de Minas Gerais,COPASA,Regional,Sociedade de economia mista com administração pública,Água e Esgotos,17.438,10.428,"1.254,10","1.254,10",0,"1.254,10",8.401,"472,13","287,45",9.523,2,9.523,66,388,2
311840,Conceição do Pará,31062000,Companhia de Saneamento de Minas Gerais,COPASA,Regional,Sociedade de economia mista com administração pública,Água e Esgotos,5.558,2.154,"201,06","201,06",0,"201,06",1.773,"93,6",0,6.603,10,6.600,99,141,1
311850,Conceição do Rio Verde,31062000,Companhia de Saneamento de Minas Gerais,COPASA,Regional,Sociedade de economia mista com administração pública,Água,13.729,10.814,"789,34","394,67","394,67","789,34",,,,4.575,0,4.566,0,300,0
311860,Conceição dos Ouros,31062000,Companhia de Saneamento de Minas Gerais,COPASA,Regional,Sociedade de economia mista com administração pública,Água,11.852,8.967,"709,94","354,97","354,97","709,94",,,,4.909,0,4.881,345,270,4
311870,Cônego Marinho,31062000,Companhia de Saneamento de Minas Gerais,COPASA,Regional,Sociedade de economia mista com administração pública,Água,7.730,2.056,"84,54",0,"84,54","84,54",,,,430,0,509,0,143,3
311880,Confins,31062000,Companhia de Saneamento de Minas Gerais,COPASA,Regional,Sociedade de economia mista com administração pública,Água e Esgotos,6.867,6.608,"1.097,68",0,"1.097,68","1.097,68",0,"107,13","107,13",4.475,0,4.476,1,272,13
311890,Congonhal,31062000,Companhia de Saneamento de Minas Gerais,COPASA,Regional,Sociedade de economia mista com administração pública,Água e Esgotos,12.209,8.672,"583,66","583,66",0,"583,66",8.672,"330,22",0,4.233,2,4.224,0,217,0
311900,Congonhas,31062000,Companhia de Saneamento de Minas Gerais,COPASA,Regional,Sociedade de economia mista com administração pública,Água e Esgotos,55.836,44.690,"3.797,38","3.641,68","155,7","3.797,38",35.741,"1.542,29",0,10.934,0,10.898,23,1.068,0
311910,Conquista,31062000,Companhia de Saneamento de Minas Gerais,COPASA,Regional,Sociedade de economia mista com administração pública,Água e Esgotos,6.997,5.432,"425,78","399,32","26,46","425,78",4.796,"241,03","197,95",4.634,0,4.634,0,297,0
311920,Conselheiro Lafaiete,31062000,Companhia de Saneamento de Minas Gerais,COPASA,Regional,Sociedade de economia mista com administração pública,Água e Esgotos,130.584,108.510,"9.321,43","9.321,43",0,"9.321,43",96.872,"4.165,91","2.919,45",10.849,3,10.849,2,1.092,0
311930,Conselheiro Pena,31184011,Serviço Autônomo de Água e Esgoto,SAAE,Local,Autarquia,Água e Esgoto,22.975,22.975,"2.288,35","2.288,35",0,"2.288,35",22.975,"931,69","89,6",15.082,0,13.980,1.563,976,0
311940,Consolação,31185011,Prefeitura Municipal de Consolação,PMC,Local,Administração pública direta,Água e Esgoto,1.786,982,61,61,0,0,982,41,0,6.116,0,1.158,0,216,0
311950,Contagem,31062000,Companhia de Saneamento de Minas Gerais,COPASA,Regional,Sociedade de economia mista com administração pública,Água e Esgotos,673.849,581.897,"62.549,06","62.549,06",0,"62.549,06",547.949,"22.847,62","22.847,62",12.162,3,12.160,45,2.911,60
311960,Coqueiral,31187011,Serviço Autônomo de Água e Esgoto,SAAE,Local,Autarquia,Água e Esgoto,9.099,7.585,"573,82","500,38","73,44","500,38",7.225,"347,04","247,23",3.166,30,3.180,5,255,0
311970,Coração de Jesus,31062000,Companhia de Saneamento de Minas Gerais,COPASA,Regional,Sociedade de economia mista com administração pública,Água e Esgotos,26.620,10.676,"720,1","360,05","360,05","720,1",5.414,"200,02","199,01",4.214,0,4.212,0,270,4
311980,Cordisburgo,31062000,Companhia de Saneamento de Minas Gerais,COPASA,Regional,Sociedade de economia mista com administração pública,Água e Esgotos,8.903,5.841,"472,15",0,"472,15","472,15",3.238,"125,63","125,63",1.088,0,1.088,0,357,0
311990,Cordislândia,31062000,Companhia de Saneamento de Minas Gerais,COPASA,Regional,Sociedade de economia mista com administração pública,Água,3.546,2.523,"151,27","151,27",0,"151,27",,,,3.372,0,3.367,0,121,0
311995,Corinto,31062000,Companhia de Saneamento de Minas Gerais,COPASA,Regional,Sociedade de economia mista com administração pública,Água e Esgotos,23.607,18.307,"1.456,54","15,38","1.441,16","1.456,54",13.667,"593,8","593,8",1.594,0,2.158,0,823,1
312000,Coroaci,31062000,Companhia de Saneamento de Minas Gerais,COPASA,Regional,Sociedade de economia mista com administração pública,Água,9.897,5.197,"307,27","227,77","79,5","307,27",,,,4.600,0,4.519,0,330,0
312010,Coromandel,31062000,Companhia de Saneamento de Minas Gerais,COPASA,Regional,Sociedade de economia mista com administração pública,Água,27.958,20.226,"1.813,16","1.813,16",0,"1.813,16",,,,4.219,1,4.214,0,478,1
312015,Coronel Fabriciano,31062000,Companhia de Saneamento de Minas Gerais,COPASA,Regional,Sociedade de economia mista com administração pública,Água e Esgotos,110.709,89.505,"9.773,15","6.515,43","3.257,72","9.773,15",85.916,"3.311,72","1.851,49",5.901,1,5.664,497,1.236,0
312020,Coronel Murta,31062000,Companhia de Saneamento de Minas Gerais,COPASA,Regional,Sociedade de economia mista com administração pública,Água e Esgotos,9.209,5.291,"288,43","288,43",0,"288,43",3.404,"127,27","127,27",2.482,0,2.485,0,158,0
312040,Coronel Pacheco,31196011,Prefeitura Municipal de Coronel Pacheco,PMCP,Local,Administração pública direta,Água e Esgoto,3.095,2.222,"902,5","254,5","471,6",0,2.222,"95,5",0,4.380,438,4.380,75,12,1
312050,Coronel Xavier Chaves,31062000,Companhia de Saneamento de Minas Gerais,COPASA,Regional,Sociedade de economia mista com administração pública,Água,3.448,1.893,"139,71",0,"139,71","139,71",,,,1.237,0,1.229,1,156,0
312060,Córrego Danta,31062000,Companhia de Saneamento de Minas Gerais,COPASA,Regional,Sociedade de economia mista com administração pública,Água,3.168,1.842,"161,89","51,78","110,11","161,89",,,,1.378,0,883,0,265,0
312070,Córrego do Bom Jesus,31199011,Prefeitura Municipal de Córrego do Bom Jesus,PMCBJ,Local,Administração pública direta,Água e Esgoto,3.685,3.545,575,370,0,0,976,125,0,232.200,0,2.420,0,780,0
312080,Córrego Fundo,31199511,Serviço Autônomo de Água e Esgoto,SAAE,Local,Autarquia,Água e Esgoto,6.425,5.659,"621,37",0,"621,37",0,4.076,"191,25","191,25",927,25,927,30,313,1
312083,Córrego Novo,31062000,Companhia de Saneamento de Minas Gerais,COPASA,Regional,Sociedade de economia mista com administração pública,Água,2.688,1.936,"160,35","160,35",0,"160,35",,,,729,0,661,0,113,0
312087,Couto de Magalhães de Minas,31686000,Copasa Serviços de Saneamento Integrado do Norte e Nordeste de Minas Gerais S/A,COPANOR,Regional,Empresa pública,Água e Esgotos,4.436,3.723,"394,02","394,02",0,"394,02",3.385,"159,89","159,89",4.473,2,4.473,6,237,2
312090,Crisólita,31686000,Copasa Serviços de Saneamento Integrado do Norte e Nordeste de Minas Gerais S/A,COPANOR,Regional,Empresa pública,Água e Esgotos,6.814,3.834,"179,54","173,61",0,"17,95",3.834,"44,15","44,15",8.854,125,8.854,636,328,0
312100,Cristais,31062000,Companhia de Saneamento de Minas Gerais,COPASA,Regional,Sociedade de economia mista com administração pública,Água,13.060,9.847,"657,49","657,49",0,"657,49",,,,7.317,0,7.305,2,340,0
312110,Cristália,31062000,Companhia de Saneamento de Minas Gerais,COPASA,Regional,Sociedade de economia mista com administração pública,Água e Esgotos,5.992,2.581,"163,56","163,56",0,"163,56",1.339,"46,45","46,45",1.947,0,1.946,0,133,0
312120,Cristiano Otoni,31062000,Companhia de Saneamento de Minas Gerais,COPASA,Regional,Sociedade de economia mista com administração pública,Água e Esgotos,5.161,3.906,"215,54",0,"215,54","215,54",3.051,"106,09",0,1.249,0,1.249,0,112,0
312125,Cristina,31205011,Prefeitura Municipal de Cristina,PMC,Local,Administração pública direta,Água e Esgoto,10.211,10.200,"1.099,00",990,"84,2",0,10.100,800,0,4.392,28,4.320,98,72,4
312130,Crucilândia,31062000,Companhia de Saneamento de Minas Gerais,COPASA,Regional,Sociedade de economia mista com administração pública,Água,5.072,3.167,"257,94","257,94",0,"257,94",,,,2.696,0,2.696,0,138,2
312140,Cruzeiro da Fortaleza,31062000,Companhia de Saneamento de Minas Gerais,COPASA,Regional,Sociedade de economia mista com administração pública,Água,3.651,3.125,"256,51","130,88","125,63","256,51",,,,4.982,0,4.980,0,224,0
312150,Cruzília,31062000,Companhia de Saneamento de Minas Gerais,COPASA,Regional,Sociedade de economia mista com administração pública,Água e Esgotos,15.529,13.380,"753,48","753,48",0,"753,48",12.566,"483,72",0,10.684,0,10.658,2,334,0
312160,Cuparaque,31062000,Companhia de Saneamento de Minas Gerais,COPASA,Regional,Sociedade de economia mista com administração pública,Água,5.026,775,"71,06","71,06",0,"71,06",,,,1.663,2,1.663,0,99,0
312170,Curral de Dentro,31062000,Companhia de Saneamento de Minas Gerais,COPASA,Regional,Sociedade de economia mista com administração pública,Água,7.867,5.874,"243,71","243,71",0,"243,71",,,,1.569,0,1.569,0,266,0
312180,Curvelo,31062000,Companhia de Saneamento de Minas Gerais,COPASA,Regional,Sociedade de economia mista com administração pública,Água e Esgotos,81.085,69.500,"5.956,42","7,35","5.949,07","5.956,42",60.122,"2.431,19","2.431,19",5.690,1,5.853,0,1.508,1
312190,Datas,31062000,Companhia de Saneamento de Minas Gerais,COPASA,Regional,Sociedade de economia mista com administração pública,Água,5.431,3.242,"157,33",0,"157,33","157,33",,,,518,0,516,0,177,0
312210,Delfim Moreira,31211011,Prefeitura Municipal de Delfim Moreira,PMDM,Local,Administração pública direta,Água e Esgoto,8.007,3.000,560,560,0,0,3.000,310,0,4.428,0,4.528,0,50,0
312220,Delfinópolis,31062000,Companhia de Saneamento de Minas Gerais,COPASA,Regional,Sociedade de economia mista com administração pública,Água e Esgotos,7.146,3.801,"346,97","346,97",0,"346,97",3.440,"185,28","181,65",3.815,0,3.801,0,138,0
312230,Delta,31212511,Prefeitura Municipal de Delta,PMD,Local,Administração pública direta,Água e Esgoto,10.994,10.525,"1.350,00",0,"1.350,00",0,10.089,"1.000,00",0,580,8,212,1,1,0
312235,Descoberto,31062000,Companhia de Saneamento de Minas Gerais,COPASA,Regional,Sociedade de economia mista com administração pública,Água,5.044,4.083,"440,11","440,11",0,"440,11",,,,2.262,0,2.282,12,127,1
312240,Desterro de Entre Rios,31214011,Prefeitura Municipal de Desterro de Entre Rios,PMDER,Local,Administração pública direta,Água e Esgoto,7.266,4.325,690,310,0,0,3.829,622,0,4.320,118,4.320,38,280,9
312245,Desterro do Melo,31062000,Companhia de Saneamento de Minas Gerais,COPASA,Regional,Sociedade de economia mista com administração pública,Água e Esgotos,2.867,1.390,"102,99","102,99",0,"102,99",1.332,"54,15","54,15",1.069,0,929,0,112,0
312247,Diamantina,31062000,Companhia de Saneamento de Minas Gerais,COPASA,Regional,Sociedade de economia mista com administração pública,Água e Esgotos,47.924,33.808,"2.424,65","808,22","1.616,43","2.424,65",27.516,"1.102,46","529,75",7.569,8,7.571,342,909,0
312260,Diogo de Vasconcelos,31217011,Prefeitura Municipal de Diogo de Vasconcelos,PMDV,Local,Administração pública direta,Água e Esgoto,3.779,3.325,180,102,0,0,1.581,130,0,2.815,44,2.735,14,146,0
312270,Dionísio,31062000,Companhia de Saneamento de Minas Gerais,COPASA,Regional,Sociedade de economia mista com administração pública,Água,7.493,3.539,"280,71","280,71",0,"280,71",,,,2.291,0,2.270,0,109,0
312280,Divinésia,31062000,Companhia de Saneamento de Minas Gerais,COPASA,Regional,Sociedade de economia mista com administração pública,Água,3.430,2.282,"176,48","88,24","88,24","176,48",,,,2.008,0,1.988,1,148,1
312290,Divino,31062000,Companhia de Saneamento de Minas Gerais,COPASA,Regional,Sociedade de economia mista com administração pública,Água e Esgotos,20.020,10.169,"754,3","754,3",0,"754,3",9.021,"362,7",0,3.998,1,3.998,0,227,0
312300,Divino das Laranjeiras,31062000,Companhia de Saneamento de Minas Gerais,COPASA,Regional,Sociedade de economia mista com administração pública,Água,4.969,3.544,"222,03","222,03",0,"222,03",,,,9.271,1,9.232,2,437,0
312310,Divinolândia de Minas,31222011,Serviço Autônomo de Água e Esgoto de Divinolândia de Minas,SAAEDM,Local,Autarquia,Água e Esgoto,7.655,7.200,740,500,240,0,5.100,550,0,8.900,0,10.000,0,130,0
312320,Divinópolis,31062000,Companhia de Saneamento de Minas Gerais,COPASA,Regional,Sociedade de economia mista com administração pública,Água e Esgotos,242.505,228.871,"21.047,45","15.785,59","5.261,86","21.047,45",206.723,"8.912,02","384,39",12.432,7,12.423,49,2.653,20
312330,Divisa Alegre,31062000,Companhia de Saneamento de Minas Gerais,COPASA,Regional,Sociedade de economia mista com administração pública,Água,6.946,5.825,"308,95",0,"308,95","308,95",,,,971,4,972,3,165,1
312350,Divisa Nova,31062000,Companhia de Saneamento de Minas Gerais,COPASA,Regional,Sociedade de economia mista com administração pública,Água,6.039,4.524,"338,18",0,"338,18","338,18",,,,847,0,831,0,133,2
312352,Divisópolis,31062000,Companhia de Saneamento de Minas Gerais,COPASA,Regional,Sociedade de economia mista com administração pública,Água e Esgotos,11.396,7.525,"290,37","290,37",0,"290,37",3.169,"79,19","79,19",2.346,0,2.345,1,172,1
312360,Dom Bosco,31224711,Prefeitura Municipal de Dom Bosco,PMDB,Local,Administração pública direta,Água e Esgoto,3.635,3.100,320,300,0,0,1.200,120,0,290,14,311,23,4,0
312370,Dom Cavati,31062000,Companhia de Saneamento de Minas Gerais,COPASA,Regional,Sociedade de economia mista com administração pública,Água,5.025,3.988,"338,8","338,8",0,"338,8",,,,2.411,0,2.411,0,99,0
312380,Dom Joaquim,31062000,Companhia de Saneamento de Minas Gerais,COPASA,Regional,Sociedade de economia mista com administração pública,Água,4.436,2.538,"230,32","230,32",0,"230,32",,,,2.120,0,2.117,3,163,0
312385,Dom Silvério,31062000,Companhia de Saneamento de Minas Gerais,COPASA,Regional,Sociedade de economia mista com administração pública,Água,5.227,4.161,"281,74","281,74",0,"281,74",,,,2.299,0,2.300,1,112,1
312390,Dom Viçoso,31228011,Prefeitura Municipal de Dom Viçoso,PMDV,Local,Administração pública direta,Água e Esgoto,2.992,2.990,"236,3",162,"74,3",0,2.105,81,0,3.650,60,3.650,12,36,0
312400,Dona Eusébia,31062000,Companhia de Saneamento de Minas Gerais,COPASA,Regional,Sociedade de economia mista com administração pública,Água,6.664,5.178,"416,53","416,53",0,"416,53",,,,3.661,0,3.627,0,280,0
312410,Dores de Campos,31230011,Prefeitura Municipal de Dores de Campos,PMDC,Local,Administração pública direta,Água e Esgoto,10.291,10.291,"715,52","688,12",0,0,9.359,"551,15",0,4.380,383,108,20,108,24
312420,Dores de Guanhães,31231011,Prefeitura Municipal de Dores de Guanhães,PMD,Local,Administração pública direta,Água,5.139,5.100,"548,95","252,28","252,28",0,,,,5.000,180,5.000,500,100,15
312430,Dores do Indaiá,31062000,Companhia de Saneamento de Minas Gerais,COPASA,Regional,Sociedade de economia mista com administração pública,Água e Esgotos,13.373,10.910,"905,97","905,97",0,"905,97",10.393,"474,52","474,52",2.812,1,2.812,0,284,0
312440,Dores do Turvo,31062000,Companhia de Saneamento de Minas Gerais,COPASA,Regional,Sociedade de economia mista com administração pública,Água,4.202,2.005,"132,36","132,36",0,"132,36",,,,1.629,1,1.613,2,139,0
312450,Douradoquara,31235011,Prefeitura Municipal de Douradoquara,PMD,Local,Administração pública direta,Água e Esgoto,1.915,1.912,160,0,0,0,1.912,"88,77",0,120,0,120,0,120,0
312460,Durandé,31062000,Companhia de Saneamento de Minas Gerais,COPASA,Regional,Sociedade de economia mista com administração pública,Água,7.898,2.611,"117,42","117,42",0,"117,42",,,,2.458,0,2.458,3,93,0
312470,Elói Mendes,31236011,Serviço Autônomo de Água e Esgoto,SAAE,Local,Autarquia,Água e Esgoto,28.556,22.477,"2.103,97","2.103,97",0,"2.103,97",22.477,"1.683,17",0,3.892,0,3.892,0,363,0
312480,Engenheiro Caldas,31062000,Companhia de Saneamento de Minas Gerais,COPASA,Regional,Sociedade de economia mista com administração pública,Água,11.268,6.709,"371,28","371,28",0,"371,28",,,,4.973,98,4.916,92,254,0
312490,Engenheiro Navarro,31062000,Companhia de Saneamento de Minas Gerais,COPASA,Regional,Sociedade de economia mista com administração pública,Água e Esgotos,7.240,4.353,"290,53",0,"290,53","290,53",2.639,"90,82","83,72",511,0,511,0,146,0
312500,Entre Folhas,31062000,Companhia de Saneamento de Minas Gerais,COPASA,Regional,Sociedade de economia mista com administração pública,Água,5.383,3.710,"255,64","255,64",0,"255,64",,,,2.289,0,2.290,2,95,0
312510,Entre Rios de Minas,31062000,Companhia de Saneamento de Minas Gerais,COPASA,Regional,Sociedade de economia mista com administração pública,Água,15.458,10.606,"818,69","552,51","266,18","818,69",,,,9.792,3,9.794,2,354,0
312520,Ervália,31062000,Companhia de Saneamento de Minas Gerais,COPASA,Regional,Sociedade de economia mista com administração pública,Água,19.019,10.034,"795,51","795,51",0,"795,51",,,,4.314,0,4.272,6,269,1
312530,Esmeraldas,31062000,Companhia de Saneamento de Minas Gerais,COPASA,Regional,Sociedade de economia mista com administração pública,Água e Esgotos,72.512,48.245,"5.320,77","380,06","4.940,71","5.320,77",10.290,"457,54","457,54",9.371,46,9.351,78,864,25
312560,Espera Feliz,31062000,Companhia de Saneamento de Minas Gerais,COPASA,Regional,Sociedade de economia mista com administração pública,Água,25.287,15.383,"997,91","997,91",0,"997,91",,,,4.403,0,4.404,0,301,3
312570,Espinosa,31062000,Companhia de Saneamento de Minas Gerais,COPASA,Regional,Sociedade de economia mista com administração pública,Água e Esgotos,31.603,18.661,"1.787,22","1.787,22",0,"1.787,22",1.623,"50,26","50,26",8.777,0,8.764,5,960,0
312580,Espírito Santo do Dourado,31244011,Prefeitura Municipal de Espírito Santo do Dourado,PMESD,Local,Administração pública direta,Água e Esgoto,4.728,4.710,"311,4","311,4",0,"311,4",4.710,"249,12",0,4.332,0,4.320,0,204,0
312590,Estiva,31062000,Companhia de Saneamento de Minas Gerais,COPASA,Regional,Sociedade de economia mista com administração pública,Água,11.416,5.172,332,0,332,332,,,,2.283,0,2.303,0,212,5
312595,Estrela Dalva,31062000,Companhia de Saneamento de Minas Gerais,COPASA,Regional,Sociedade de economia mista com administração pública,Água,2.308,1.585,"155,86",0,"155,86","155,86",,,,817,3,825,0,136,0
312600,Estrela do Indaiá,31062000,Companhia de Saneamento de Minas Gerais,COPASA,Regional,Sociedade de economia mista com administração pública,Água e Esgotos,3.483,2.427,"213,93",0,"213,93","213,93",1.799,"87,38",0,253,0,253,0,135,0
312610,Estrela do Sul,31062000,Companhia de Saneamento de Minas Gerais,COPASA,Regional,Sociedade de economia mista com administração pública,Água e Esgotos,8.057,5.578,"372,11","312,06","60,05","372,11",2.858,"126,59",0,4.836,0,4.837,5,287,0
312620,Eugenópolis,31062000,Companhia de Saneamento de Minas Gerais,COPASA,Regional,Sociedade de economia mista com administração pública,Água,11.383,6.886,"524,53","524,53",0,"524,53",,,,5.623,0,5.633,162,173,3
312630,Ewbank da Câmara,31250011,Prefeitura Municipal de Ewbank da Camara,PMEC,Local,Administração pública direta,Água,3.932,3.752,452,150,150,300,,,,0,0,0,0,0,0
312650,Extrema,31062000,Companhia de Saneamento de Minas Gerais,COPASA,Regional,Sociedade de economia mista com administração pública,Água e Esgotos,37.649,30.672,"4.034,72","4.034,72",0,"4.034,72",24.445,"1.648,30","960,88",11.506,1,11.433,0,594,3
312660,Fama,31062000,Companhia de Saneamento de Minas Gerais,COPASA,Regional,Sociedade de economia mista com administração pública,Água e Esgotos,2.374,1.519,"174,44","174,44",0,"174,44",796,"59,43",0,2.188,3,2.174,0,110,0
312670,Faria Lemos,31062000,Companhia de Saneamento de Minas Gerais,COPASA,Regional,Sociedade de economia mista com administração pública,Água,3.202,2.157,"453,02",0,"453,02","453,02",,,,470,0,470,0,93,0
312675,Felisburgo,31686000,Copasa Serviços de Saneamento Integrado do Norte e Nordeste de Minas Gerais S/A,COPANOR,Regional,Empresa pública,Água e Esgotos,7.548,5.312,"341,56","341,56",0,"84,33",4.530,"200,96",0,4.387,1,4.389,0,110,0
312680,Felixlândia,31062000,Companhia de Saneamento de Minas Gerais,COPASA,Regional,Sociedade de economia mista com administração pública,Água,15.528,11.391,"767,83","348,77","419,06","767,83",,,,3.749,0,3.751,0,483,0
312690,Fernandes Tourinho,31062000,Companhia de Saneamento de Minas Gerais,COPASA,Regional,Sociedade de economia mista com administração pública,Água,3.500,1.802,"119,15","119,15",0,"119,15",,,,675,0,656,0,112,0
312700,Ferros,31062000,Companhia de Saneamento de Minas Gerais,COPASA,Regional,Sociedade de economia mista com administração pública,Água,9.576,3.060,"219,96","219,96",0,"219,96",,,,4.468,0,4.443,0,114,0
312705,Fervedouro,31259511,Serviço Autônomo de Água e Esgoto,SAAE,Local,Autarquia,Água e Esgoto,11.100,5.110,618,618,0,618,5.110,300,0,11.250,9,11.250,6,422,3
312707,Florestal,31062000,Companhia de Saneamento de Minas Gerais,COPASA,Regional,Sociedade de economia mista com administração pública,Água,7.602,6.124,"550,27","550,27",0,"550,27",,,,4.574,2,4.573,2,171,4
312710,Formiga,31261011,Serviço Autônomo de Água e Esgoto,SAAE,Local,Autarquia,Água e Esgoto,67.956,66.597,"6.746,32","5.446,32","1.280,00","5.446,32",62.347,"3.665,08",0,5.394,82,5.392,10,1.347,27
312720,Formoso,31062000,Companhia de Saneamento de Minas Gerais,COPASA,Regional,Sociedade de economia mista com administração pública,Água,9.810,5.880,"305,71","161,34","144,37","305,71",,,,2.815,0,2.818,0,291,0
312733,Fortaleza de Minas,31062000,Companhia de Saneamento de Minas Gerais,COPASA,Regional,Sociedade de economia mista com administração pública,Água,4.460,2.994,"199,91","199,91",0,"199,91",,,,2.556,0,2.543,0,140,0
312735,Francisco Badaró,31686000,Copasa Serviços de Saneamento Integrado do Norte e Nordeste de Minas Gerais S/A,COPANOR,Regional,Empresa pública,Água,10.311,4.272,"212,3","205,26","7,04","189,02",,,,4.875,1,4.876,307,454,0
312737,Francisco Dumont,31062000,Companhia de Saneamento de Minas Gerais,COPASA,Regional,Sociedade de economia mista com administração pública,Água e Esgotos,5.268,3.318,"212,15","141,43","70,72","212,15",1.337,"46,03","38,88",6.794,0,6.794,0,147,0
312738,Francisco Sá,31267011,Serviço Autônomo de Água e Esgoto,SAAE,Local,Autarquia,Água e Esgoto,26.459,15.922,"714,3","549,46","164,84",0,13.970,"457,15","457,15",4.380,0,4.380,0,289,0
312740,Franciscópolis,31062000,Companhia de Saneamento de Minas Gerais,COPASA,Regional,Sociedade de economia mista com administração pública,Água,5.287,2.345,"118,06","118,06",0,"118,06",,,,2.297,1,2.290,0,109,0
312750,Frei Gaspar,31686000,Copasa Serviços de Saneamento Integrado do Norte e Nordeste de Minas Gerais S/A,COPANOR,Regional,Empresa pública,Água e Esgotos,5.858,2.580,"173,6",0,"173,6",0,2.407,"97,14",0,592,2,593,3,587,0
312760,Frei Inocêncio,31062000,Companhia de Saneamento de Minas Gerais,COPASA,Regional,Sociedade de economia mista com administração pública,Água,9.716,6.548,"457,44","457,44",0,"457,44",,,,3.554,0,3.539,0,158,0
312770,Fronteira,31062000,Companhia de Saneamento de Minas Gerais,COPASA,Regional,Sociedade de economia mista com administração pública,Água e Esgotos,18.866,14.172,"1.062,35","1.062,35",0,"1.062,35",12.971,"508,37",0,4.490,0,4.488,0,363,0
312780,Fronteira dos Vales,31686000,Copasa Serviços de Saneamento Integrado do Norte e Nordeste de Minas Gerais S/A,COPANOR,Regional,Empresa pública,Água e Esgotos,4.542,3.024,"145,03","143,25",0,143,3.024,"81,27","81,27",4.426,2,4.425,0,218,0
312790,Fruta de Leite,31686000,Copasa Serviços de Saneamento Integrado do Norte e Nordeste de Minas Gerais S/A,COPANOR,Regional,Empresa pública,Água,5.232,1.963,"148,93",0,"148,93","148,93",,,,1.350,0,596,0,646,0
312800,Frutal,31062000,Companhia de Saneamento de Minas Gerais,COPASA,Regional,Sociedade de economia mista com administração pública,Água e Esgotos,60.508,46.157,"3.756,05","3.756,05",0,"3.756,05",46.903,"2.334,80","2.334,80",5.079,1,5.061,0,806,0
312810,Funilândia,31062000,Companhia de Saneamento de Minas Gerais,COPASA,Regional,Sociedade de economia mista com administração pública,Água e Esgotos,4.434,2.251,"386,34",0,"386,34","386,34",1.275,"64,96","55,99",899,2,895,1,257,0
312820,Gameleiras,31273311,Prefeitura Municipal de Gameleiras,PMG,Local,Administração pública direta,Água,5.084,4.716,190,0,0,0,,,,0,0,0,0,0,0
312825,Glaucilândia,31062000,Companhia de Saneamento de Minas Gerais,COPASA,Regional,Sociedade de economia mista com administração pública,Água e Esgotos,3.177,1.118,"78,89","78,89",0,"78,89",1.092,"32,58","32,58",504,0,504,0,136,0
312830,Goiabeira,31273711,Prefeitura Municipal de Goiabeira,PMG,Local,Administração pública direta,Água e Esgoto,3.402,2.819,150,150,0,0,2.524,"103,2","103,2",4.320,0,4.320,43,100,0
312840,Goianá,31062000,Companhia de Saneamento de Minas Gerais,COPASA,Regional,Sociedade de economia mista com administração pública,Água,4.014,3.044,"320,6","320,6",0,"320,6",,,,2.115,0,2.130,14,133,0
312850,Gonçalves,31062000,Companhia de Saneamento de Minas Gerais,COPASA,Regional,Sociedade de economia mista com administração pública,Água e Esgotos,4.360,1.216,"150,18","150,18",0,"150,18",511,"43,36","43,36",3.076,0,3.078,10,164,1
312860,Gonzaga,31275011,Prefeitura Municipal de Gonzaga,PMG,Local,Administração pública direta,Água e Esgoto,6.184,4.500,300,250,0,250,3.800,250,0,4.400,5,270.500,60,130,3
312870,Gouveia,31062000,Companhia de Saneamento de Minas Gerais,COPASA,Regional,Sociedade de economia mista com administração pública,Água,11.811,8.499,"549,03","549,03",0,"549,03",,,,4.576,0,4.573,0,270,0
312880,Governador Valadares,31277011,Serviço Autônomo de Água e Esgoto,SAAE,Local,Autarquia,Água e Esgoto,282.164,280.301,"31.855,21","31.855,21",0,"31.855,21",273.262,"13.323,32",0,2.400,0,2.400,0,2.400,0
312890,Grão Mogol,31062000,Companhia de Saneamento de Minas Gerais,COPASA,Regional,Sociedade de economia mista com administração pública,Água e Esgotos,15.943,4.601,"255,77","255,77",0,"255,77",2.768,"85,38","85,38",1.862,0,1.861,0,133,0
312910,Grupiara,31062000,Companhia de Saneamento de Minas Gerais,COPASA,Regional,Sociedade de economia mista com administração pública,Água,1.386,1.054,"92,8",0,"92,8","92,8",,,,329,0,321,0,110,0
312920,Guanhães,31280011,Serviço Autônomo de Água e Esgoto,SAAE,Local,Autarquia,Água e Esgoto,34.818,28.113,"2.166,35","1.928,30","238,04","2.132,45",28.113,"1.285,00","127,21",8.256,32,9.603,4,2.508,85
312930,Guapé,31281011,Serviço Autônomo de Água e Esgoto,SAAE,Local,Autarquia,Água e Esgoto,14.269,14.269,"1.005,00","959,5",0,0,14.269,700,0,9.328,7,9.328,364,672,0
312940,Guaraciaba,31062000,Companhia de Saneamento de Minas Gerais,COPASA,Regional,Sociedade de economia mista com administração pública,Água e Esgotos,10.307,3.318,"214,25",0,"214,25","214,25",3.053,"93,65",0,588,0,560,0,126,1
312950,Guaraciama,31062000,Companhia de Saneamento de Minas Gerais,COPASA,Regional,Sociedade de economia mista com administração pública,Água,5.005,2.792,"261,28",0,"261,28","261,28",,,,2.074,3,2.049,21,159,6
312960,Guaranésia,31062000,Companhia de Saneamento de Minas Gerais,COPASA,Regional,Sociedade de economia mista com administração pública,Água,19.014,16.361,"1.440,73","1.440,73",0,"1.440,73",,,,16.275,2,16.229,5,508,0
312965,Guarani,31284011,Serviço Autônomo de Água e Esgoto de Guarani,SAEG,Local,Autarquia,Água e Esgoto,8.926,7.061,"1.590,00",0,"1.590,00",0,7.061,"1.350,00",0,20,0,20,0,20,3
312970,Guarará,31062000,Companhia de Saneamento de Minas Gerais,COPASA,Regional,Sociedade de economia mista com administração pública,Água,3.755,2.988,"226,22","226,22",0,"226,22",,,,3.047,0,3.054,4,131,1
312980,Guarda-Mor,31062000,Companhia de Saneamento de Minas Gerais,COPASA,Regional,Sociedade de economia mista com administração pública,Água e Esgotos,6.558,3.505,"291,4","145,7","145,7","291,4",3.351,"168,95","167,96",2.293,0,2.290,0,110,0
312990,Guaxupé,31062000,Companhia de Saneamento de Minas Gerais,COPASA,Regional,Sociedade de economia mista com administração pública,Água e Esgotos,52.234,45.932,"3.876,74","3.876,74",0,"3.876,74",43.637,"2.123,37",0,3.990,0,3.916,0,730,0
313000,Guidoval,31062000,Companhia de Saneamento de Minas Gerais,COPASA,Regional,Sociedade de economia mista com administração pública,Água,7.026,4.452,"400,14","400,14",0,"400,14",,,,2.096,0,2.060,0,150,0
313005,Guimarânia,31062000,Companhia de Saneamento de Minas Gerais,COPASA,Regional,Sociedade de economia mista com administração pública,Água e Esgotos,8.168,6.266,"471,44","471,44",0,"471,44",6.050,"267,08",0,3.686,0,3.686,0,159,0
313010,Guiricema,31062000,Companhia de Saneamento de Minas Gerais,COPASA,Regional,Sociedade de economia mista com administração pública,Água,8.296,3.160,257,257,0,257,,,,1.381,0,1.360,163,116,3
313020,Gurinhatã,31062000,Companhia de Saneamento de Minas Gerais,COPASA,Regional,Sociedade de economia mista com administração pública,Água,5.516,2.409,"228,62",0,"228,62","228,62",,,,826,0,751,0,249,0
313030,Heliodora,31062000,Companhia de Saneamento de Minas Gerais,COPASA,Regional,Sociedade de economia mista com administração pública,Água,6.623,4.700,329,"219,33","109,67",329,,,,6.360,0,6.348,0,130,0
313040,Iapu,31062000,Companhia de Saneamento de Minas Gerais,COPASA,Regional,Sociedade de economia mista com administração pública,Água,11.085,7.088,"454,49","454,49",0,"454,49",,,,5.251,0,5.182,0,283,0
313050,Ibertioga,31062000,Companhia de Saneamento de Minas Gerais,COPASA,Regional,Sociedade de economia mista com administração pública,Água,4.999,3.328,"222,73","222,73",0,"222,73",,,,2.226,0,2.210,0,146,4
313055,Ibiá,31295011,Serviço Autônomo de Água e Esgoto,SAAE,Local,Autarquia,Água e Esgoto,25.511,23.385,"1.757,66","1.757,66",0,"1.718,16",22.163,"1.172,34",0,2.665,13,2.665,28,465,2
313060,Ibiaí,31062000,Companhia de Saneamento de Minas Gerais,COPASA,Regional,Sociedade de economia mista com administração pública,Água e Esgotos,8.478,5.507,"427,71","427,71",0,"427,71",2.180,"65,94","65,94",4.211,0,4.210,1,170,3
313065,Ibiracatu,31062000,Companhia de Saneamento de Minas Gerais,COPASA,Regional,Sociedade de economia mista com administração pública,Água,5.340,3.128,"154,25",0,"154,25","154,25",,,,1.644,0,1.560,0,539,0
313070,Ibiraci,31062000,Companhia de Saneamento de Minas Gerais,COPASA,Regional,Sociedade de economia mista com administração pública,Água e Esgotos,14.128,9.045,"653,04","589,77","63,27","653,04",8.567,"345,51",0,5.103,0,5.067,0,353,0
313080,Ibirité,31062000,Companhia de Saneamento de Minas Gerais,COPASA,Regional,Sociedade de economia mista com administração pública,Água e Esgotos,184.030,151.870,"14.218,91","11.375,13","2.843,78","14.218,91",123.840,"4.336,62","2.918,59",23.641,1,23.625,3,1.455,16
313090,Ibitiúra de Minas,31062000,Companhia de Saneamento de Minas Gerais,COPASA,Regional,Sociedade de economia mista com administração pública,Água,3.497,2.396,"232,72","232,72",0,"232,72",,,,3.818,1,3.786,522,113,2
313100,Ibituruna,31300011,Prefeitura Municipal de Ibituruna,PMI,Local,Administração pública direta,Água e Esgoto,3.003,2.604,"136,98",0,0,0,2.604,"94,98",0,504,11,504,0,240,4
313110,Icaraí de Minas,31062000,Companhia de Saneamento de Minas Gerais,COPASA,Regional,Sociedade de economia mista com administração pública,Água e Esgotos,12.200,3.289,"175,41",0,"175,41","175,41",1.457,"44,79","44,79",965,0,771,4,263,14
313115,Igarapé,31062000,Companhia de Saneamento de Minas Gerais,COPASA,Regional,Sociedade de economia mista com administração pública,Água e Esgotos,44.561,37.003,"4.187,69","4.187,69",0,"4.187,69",18.117,"947,84",0,4.951,1,4.943,5,582,10
313120,Igaratinga,31062000,Companhia de Saneamento de Minas Gerais,COPASA,Regional,Sociedade de economia mista com administração pública,Água,11.146,6.302,"357,58",0,"357,58","357,58",,,,2.457,0,2.457,1,169,0
313130,Iguatama,31303012,Serviço Autônomo de Água e Esgoto de Iguatama,SAAE,Local,Autarquia,Água e Esgoto,7.901,7.001,"1.058,50",0,"1.058,50",0,5.745,"299,95",0,1.499,7,520,8,520,0
313150,Ijaci,31304011,Prefeitura Municipal de Ijaci,PMI,Local,Administração pública direta,Água e Esgoto,6.667,6.667,360,0,360,0,6.667,350,300,0,0,0,0,0,0
313160,Ilicínea,31062000,Companhia de Saneamento de Minas Gerais,COPASA,Regional,Sociedade de economia mista com administração pública,Água,12.511,9.641,"681,21","227,07","454,14","681,21",,,,4.569,0,4.538,0,256,1
313170,Imbé de Minas,31062000,Companhia de Saneamento de Minas Gerais,COPASA,Regional,Sociedade de economia mista com administração pública,Água,6.976,2.127,"113,57","113,57",0,"113,57",,,,2.057,1,2.058,7,97,1
313180,Inconfidentes,31062000,Companhia de Saneamento de Minas Gerais,COPASA,Regional,Sociedade de economia mista com administração pública,Água,7.387,3.917,"328,66","328,66",0,"328,66",,,,7.842,2,7.838,5,116,0
313190,Indaiabira,31062000,Companhia de Saneamento de Minas Gerais,COPASA,Regional,Sociedade de economia mista com administração pública,Água e Esgotos,7.328,2.778,"144,19",0,"144,19","144,19",1.023,"32,69","32,69",1.480,0,1.479,0,266,1
313200,Indianópolis,31062000,Companhia de Saneamento de Minas Gerais,COPASA,Regional,Sociedade de economia mista com administração pública,Água,7.009,4.460,"319,23","159,62","159,61","319,23",,,,3.632,3,3.631,2,152,0
313210,Ingaí,31062000,Companhia de Saneamento de Minas Gerais,COPASA,Regional,Sociedade de economia mista com administração pública,Água,2.785,1.610,"123,9","123,9",0,"123,9",,,,2.774,0,2.766,0,151,0
313220,Inhapim,31062000,Companhia de Saneamento de Minas Gerais,COPASA,Regional,Sociedade de economia mista com administração pública,Água e Esgotos,24.020,11.013,"798,38","798,38",0,"798,38",6.698,"267,65",0,3.157,28,3.157,73,329,16
313230,Inhaúma,31310011,Prefeitura Municipal de Inhauma,PMI,Local,Administração pública direta,Água e Esgoto,6.352,6.352,720,0,720,0,1.536,"87,34","87,34",900,0,84,3,60,12
313240,Inimutaba,31062000,Companhia de Saneamento de Minas Gerais,COPASA,Regional,Sociedade de economia mista com administração pública,Água,7.605,5.230,"457,37",0,"457,37","457,37",,,,669,0,669,1,181,2
313250,Ipaba,31062000,Companhia de Saneamento de Minas Gerais,COPASA,Regional,Sociedade de economia mista com administração pública,Água,18.926,14.019,"857,64","797,4","60,24","857,64",,,,3.371,40,3.287,48,410,2
313260,Ipanema,31312011,Serviço Autônomo de Água e Esgoto,SAAE,Local,Autarquia,Água e Esgoto,20.133,15.734,"1.513,00","1.513,00",0,"1.513,00",15.419,973,0,4.745,0,4.745,0,276,0
313280,Ipatinga,31062000,Companhia de Saneamento de Minas Gerais,COPASA,Regional,Sociedade de economia mista com administração pública,Água e Esgotos,267.333,227.331,"19.589,59","19.589,59",0,"19.589,59",246.483,"9.091,08","9.091,08",3.412,0,3.141,3,2.010,6
313290,Ipuiúna,31062000,Companhia de Saneamento de Minas Gerais,COPASA,Regional,Sociedade de economia mista com administração pública,Água e Esgotos,10.156,7.248,"428,05","214,03","214,02","428,05",5.562,"218,97",0,4.261,1,4.246,4,293,0
313300,Iraí de Minas,31062000,Companhia de Saneamento de Minas Gerais,COPASA,Regional,Sociedade de economia mista com administração pública,Água,7.067,5.147,"434,27","144,76","289,51","434,27",,,,3.947,0,4.010,1,173,0
313310,Itabira,31317011,Serviço Autônomo de Água e Esgoto de Itabira,SAAE-Itabira,Local,Autarquia,Água e Esgoto,121.717,117.945,"9.187,21","5.505,81","3.681,40","30,37",112.293,"5.245,34","3.198,10",26.879,211,19.560,3.734,3.248,27
313320,Itabirinha,31062000,Companhia de Saneamento de Minas Gerais,COPASA,Regional,Sociedade de economia mista com administração pública,Água e Esgotos,11.637,6.972,"346,05","346,05",0,"346,05",5.771,"191,52",0,4.123,2,4.108,51,164,0
313340,Itabirito,31319011,SERVIÇO AUTÔNOMO SANEAMENTO BÁSICO,SAAE,Local,Autarquia,Água e Esgoto,52.996,51.930,"6.195,24","4.694,68","1.500,56","4.782,34",45.262,"3.501,38","3.052,34",720,16,724,1,800,6
313350,Itacambira,31686000,Copasa Serviços de Saneamento Integrado do Norte e Nordeste de Minas Gerais S/A,COPANOR,Regional,Empresa pública,Água,5.447,1.438,"78,22","78,22",0,"78,22",,,,3.909,0,3.909,0,208,0
313360,Itacarambi,31062000,Companhia de Saneamento de Minas Gerais,COPASA,Regional,Sociedade de economia mista com administração pública,Água e Esgotos,18.175,12.244,"722,79","722,79",0,"722,79",5.691,"194,3","194,3",3.436,0,3.436,0,282,1
313370,Itaguara,31322011,Serviço Autônomo de Água e Esgoto,SAAE,Local,Autarquia,Água e Esgoto,13.510,13.505,876,841,35,876,13.500,613,"490,4",4.861,7,4.861,12,736,3
313375,Itaipé,31686000,Copasa Serviços de Saneamento Integrado do Norte e Nordeste de Minas Gerais S/A,COPANOR,Regional,Empresa pública,Água e Esgotos,12.910,5.740,"305,81","253,1","52,7","250,01",4.766,"173,86","173,86",2.660,15,2.731,0,617,1
313380,Itajubá,31062000,Companhia de Saneamento de Minas Gerais,COPASA,Regional,Sociedade de economia mista com administração pública,Água e Esgotos,97.782,81.864,"6.297,29","6.173,92","123,37","6.297,29",76.105,"3.599,93","3.599,93",6.022,2,6.005,0,874,6
313390,Itamarandiba,31062000,Companhia de Saneamento de Minas Gerais,COPASA,Regional,Sociedade de economia mista com administração pública,Água e Esgotos,35.130,22.354,"1.351,33","1.351,33",0,"1.351,33",18.928,"599,56","81,08",5.135,1,5.160,7,563,1
313410,Itamarati de Minas,31062000,Companhia de Saneamento de Minas Gerais,COPASA,Regional,Sociedade de economia mista com administração pública,Água,4.395,3.256,"253,92","84,64","169,28","253,92",,,,2.960,2,2.967,4,135,3
313420,Itambé do Mato Dentro,31328011,Prefeitura Municipal de Itambé do Mato Dentro,PMIMD,Local,Administração pública direta,Água e Esgoto,2.032,950,85,0,0,0,950,85,65,1,1,1,1,1,1
313430,Itamogi,31062000,Companhia de Saneamento de Minas Gerais,COPASA,Regional,Sociedade de economia mista com administração pública,Água,10.122,7.448,"593,88","593,88",0,"593,88",,,,4.587,0,4.565,0,213,0
313440,Itamonte,31062000,Companhia de Saneamento de Minas Gerais,COPASA,Regional,Sociedade de economia mista com administração pública,Água,15.844,10.565,"955,28","955,28",0,"955,28",,,,4.725,0,4.709,0,282,0
313450,Itanhandu,31331011,Prefeitura Municipal de Itanhandu,PMI,Local,Administração pública direta,Água e Esgoto,15.511,15.423,"1.734,48","1.734,48",0,0,15.423,"1.361,56","13,61",4.668,8,4.668,49,360,6
313460,Itanhomi,31062000,Companhia de Saneamento de Minas Gerais,COPASA,Regional,Sociedade de economia mista com administração pública,Água,12.259,8.198,"786,59","786,59",0,"786,59",,,,8.279,32,8.277,185,378,0
313470,Itaobim,31062000,Companhia de Saneamento de Minas Gerais,COPASA,Regional,Sociedade de economia mista com administração pública,Água e Esgotos,20.997,14.555,"1.006,86","1.006,86",0,"1.006,86",7.105,"302,75","302,75",4.608,0,4.606,1,313,0
313500,Itapagipe,31062000,Companhia de Saneamento de Minas Gerais,COPASA,Regional,Sociedade de economia mista com administração pública,Água,15.511,10.527,"885,55","885,55",0,"885,55",,,,5.150,0,5.150,0,283,0
313505,Itapecerica,31062000,Companhia de Saneamento de Minas Gerais,COPASA,Regional,Sociedade de economia mista com administração pública,Água e Esgotos,21.760,15.830,"1.012,31",684,"328,31","1.012,31",12.304,"469,8","469,8",4.151,0,4.094,0,871,3
313510,Itapeva,31062000,Companhia de Saneamento de Minas Gerais,COPASA,Regional,Sociedade de economia mista com administração pública,Água e Esgotos,9.976,5.008,"540,83","540,83",0,"540,83",4.121,"220,63",0,3.942,0,3.945,2,160,3
313520,Itatiaiuçu,31062000,Companhia de Saneamento de Minas Gerais,COPASA,Regional,Sociedade de economia mista com administração pública,Água,11.354,6.880,"856,28","681,05","175,23","856,28",,,,8.738,2,8.739,0,342,13
313530,Itaú de Minas,31062000,Companhia de Saneamento de Minas Gerais,COPASA,Regional,Sociedade de economia mista com administração pública,Água,16.286,15.428,"1.209,98","1.209,98",0,"1.209,98",,,,8.968,0,8.931,0,370,0
313535,Itaúna,31338011,Serviço Autônomo de Água e Esgoto,SAAE,Local,Autarquia,Água e Esgoto,94.455,94.316,"11.047,04","10.532,22","514,81","10.532,22",90.286,"5.929,62",0,11.893,809,10.954,233,4.746,192
313540,Itaverava,31062000,Companhia de Saneamento de Minas Gerais,COPASA,Regional,Sociedade de economia mista com administração pública,Água,5.321,1.627,"140,63","140,63",0,"140,63",,,,2.248,0,2.257,0,107,0
313545,Itinga,31686000,Copasa Serviços de Saneamento Integrado do Norte e Nordeste de Minas Gerais S/A,COPANOR,Regional,Empresa pública,Água e Esgotos,15.053,8.072,"688,66","688,66",0,"505,27",5.114,"187,08","187,08",7.884,0,4.875,11,428,0
313550,Itueta,31062000,Companhia de Saneamento de Minas Gerais,COPASA,Regional,Sociedade de economia mista com administração pública,Água,6.074,3.380,"238,69","238,69",0,"238,69",,,,4.344,0,4.346,0,190,0
313560,Ituiutaba,31342011,Superintendência de Água e Esgotos de Ituiutaba,SAE,Local,Autarquia,Água e Esgoto,105.818,101.412,"10.788,78","10.788,78",0,"10.788,78",101.412,"5.238,32","5.238,32",9.812,0,9.708,0,1.210,0
313570,Itumirim,31062000,Companhia de Saneamento de Minas Gerais,COPASA,Regional,Sociedade de economia mista com administração pública,Água,5.978,4.761,"365,71","315,01","50,7","365,71",,,,5.849,0,5.825,60,466,0
313580,Iturama,31062000,Companhia de Saneamento de Minas Gerais,COPASA,Regional,Sociedade de economia mista com administração pública,Água e Esgotos,40.101,33.748,"2.664,49","2.498,59","165,9","2.664,49",32.492,"1.382,37","1.382,37",4.972,0,4.960,0,645,0
313590,Itutinga,31062000,Companhia de Saneamento de Minas Gerais,COPASA,Regional,Sociedade de economia mista com administração pública,Água,3.749,2.598,"240,84","240,84",0,"240,84",,,,3.671,0,3.665,0,155,0
313600,Jaboticatubas,31062000,Companhia de Saneamento de Minas Gerais,COPASA,Regional,Sociedade de economia mista com administração pública,Água e Esgotos,20.683,12.251,"617,32","305,1","312,22","617,32",8.030,"223,69","223,69",12.323,0,12.324,1,546,0
313610,Jacinto,31062000,Companhia de Saneamento de Minas Gerais,COPASA,Regional,Sociedade de economia mista com administração pública,Água e Esgotos,12.320,6.622,"468,17","468,17",0,"468,17",4.376,"196,97",0,2.421,0,2.419,0,150,1
313630,Jacuí,31062000,Companhia de Saneamento de Minas Gerais,COPASA,Regional,Sociedade de economia mista com administração pública,Água,7.695,4.757,"355,61",0,"355,61","355,61",,,,527,1,513,0,162,0
313640,Jaguaraçu,31350011,Prefeitura Municipal de Jáguaraçu,PMJ,Local,Administração pública direta,Água e Esgoto,3.151,2.238,648,648,0,0,2.238,394,394,18.125,5,18.125,8,120,0
313650,Jaíba,31062000,Companhia de Saneamento de Minas Gerais,COPASA,Regional,Sociedade de economia mista com administração pública,Água e Esgotos,39.850,19.920,"1.259,29","1.259,29",0,"1.259,29",7.214,"277,19","277,19",3.117,21,3.106,0,454,0
313652,Janaúba,31062000,Companhia de Saneamento de Minas Gerais,COPASA,Regional,Sociedade de economia mista com administração pública,Água e Esgotos,72.374,64.246,"4.007,75","3.895,36","112,39","4.007,75",17.569,"671,28","671,28",5.486,1,5.326,4,1.235,0
313655,Januária,31062000,Companhia de Saneamento de Minas Gerais,COPASA,Regional,Sociedade de economia mista com administração pública,Água e Esgotos,67.958,40.497,"2.872,66","2.779,45","93,21","2.872,66",10.201,"413,32","413,32",12.530,4,12.560,116,1.258,9
313657,Japaraíba,31353011,Prefeitura Municipal de Japaraíba,PMJ,Local,Administração pública direta,Água e Esgoto,4.418,4.418,"328,83",0,"328,83",0,2.860,"328,83","328,83",1.751,38,492,12,492,26
313665,Japonvar,31062000,Companhia de Saneamento de Minas Gerais,COPASA,Regional,Sociedade de economia mista com administração pública,Água,7.991,2.651,"169,95",0,"169,95","169,95",,,,501,0,501,0,134,0
313670,Jeceaba,31354011,Prefeitura Municipal de Jeceaba,PMJ,Local,Administração pública direta,Água e Esgoto,4.795,4.794,754,458,0,0,3.075,"250,63",0,3.557,0,3.557,0,180,0
313680,Jenipapo de Minas,31686000,Copasa Serviços de Saneamento Integrado do Norte e Nordeste de Minas Gerais S/A,COPANOR,Regional,Empresa pública,Água e Esgotos,7.781,3.926,"272,17","247,71","24,46","272,17",2.272,"102,01","102,01",4.444,0,4.444,16,521,0
313690,Jequeri,31355011,Departamento Municipal de Água e Esgoto,DEMAE,Local,Autarquia,Água e Esgoto,12.246,6.951,600,585,0,585,6.951,530,0,4.510,2,4.510,2,120,0
313695,Jequitaí,31062000,Companhia de Saneamento de Minas Gerais,COPASA,Regional,Sociedade de economia mista com administração pública,Água,7.407,4.514,"375,38","375,38",0,"375,38",,,,6.315,0,6.315,4,145,1
313700,Jequitibá,31062000,Companhia de Saneamento de Minas Gerais,COPASA,Regional,Sociedade de economia mista com administração pública,Água,5.203,1.866,"276,15",0,"276,15","276,15",,,,999,0,981,2,108,0
313710,Jequitinhonha,31062000,Companhia de Saneamento de Minas Gerais,COPASA,Regional,Sociedade de economia mista com administração pública,Água e Esgotos,25.555,14.823,"812,8","812,8",0,"812,8",11.698,"418,04","418,04",5.105,0,5.103,0,328,0
313730,Jesuânia,31359011,Prefeitura Municipal de Jesuania,PMJ,Local,Administração pública direta,Água e Esgoto,4.774,3.102,300,300,0,0,3.102,250,0,4.380,43,4.380,20,48,0
313740,Joaíma,31062000,Companhia de Saneamento de Minas Gerais,COPASA,Regional,Sociedade de economia mista com administração pública,Água e Esgotos,15.476,8.547,"470,6","470,6",0,"470,6",7.081,"267,42","267,42",5.284,0,5.095,0,184,0
313753,Joanésia,31361011,Prefeitura Municipal de Joanésia,PMJ,Local,Administração pública direta,Água e Esgoto,4.382,2.400,"87,75","87,75",0,0,1.666,"87,75",0,2.090,21,2.734,2,48,2
313760,João Monlevade,31362011,Departamento Municipal de Águas e Esgotos,DAE,Local,Autarquia,Água e Esgoto,80.903,80.903,"7.208,64","7.181,18","27,46","7.181,18",80.903,"3.860,92",0,5.808,0,5.808,0,2.039,2
313770,João Pinheiro,31062000,Companhia de Saneamento de Minas Gerais,COPASA,Regional,Sociedade de economia mista com administração pública,Água e Esgotos,47.990,34.906,"2.562,88","2.562,88",0,"2.562,88",32.894,"1.414,12","1.379,72",5.384,0,5.382,47,654,0
313780,Joaquim Felício,31062000,Companhia de Saneamento de Minas Gerais,COPASA,Regional,Sociedade de economia mista com administração pública,Água,4.757,2.401,"180,24","180,24",0,"180,24",,,,527,0,523,0,161,0
313790,Jordânia,31062000,Companhia de Saneamento de Minas Gerais,COPASA,Regional,Sociedade de economia mista com administração pública,Água,10.872,6.770,"412,93","412,93",0,"412,93",,,,2.479,0,2.465,0,165,0
313800,José Gonçalves de Minas,31686000,Copasa Serviços de Saneamento Integrado do Norte e Nordeste de Minas Gerais S/A,COPANOR,Regional,Empresa pública,Água e Esgotos,4.474,1.479,"86,4","86,4",0,"86,4",1.163,"39,14","39,14",2.160,0,2.260,0,200,0
313810,José Raydan,31062000,Companhia de Saneamento de Minas Gerais,COPASA,Regional,Sociedade de economia mista com administração pública,Água,5.104,1.754,"136,95",0,"136,95","136,95",,,,434,0,433,121,183,0
313820,Josenópolis,31686000,Copasa Serviços de Saneamento Integrado do Norte e Nordeste de Minas Gerais S/A,COPANOR,Regional,Empresa pública,Água e Esgotos,4.911,2.534,"131,65","131,65",0,"131,65",1.424,"46,43","46,43",1.514,0,1.518,2,203,1
313830,Juatuba,31062000,Companhia de Saneamento de Minas Gerais,COPASA,Regional,Sociedade de economia mista com administração pública,Água e Esgotos,27.823,24.812,"4.145,21","4.145,21",0,"4.145,21",9.313,"483,82","227,84",5.023,0,5.017,1,605,8
313835,Juiz de Fora,31367011,Companhia de Saneamento Municipal,CESAMA,Local,Empresa pública,Água e Esgoto,577.532,554.216,"48.331,65","47.921,96","409,69","47.816,38",546.750,"25.570,17","1.896,75",4.419,269,4.467,31,4.082,105
313840,Juramento,31062000,Companhia de Saneamento de Minas Gerais,COPASA,Regional,Sociedade de economia mista com administração pública,Água e Esgotos,4.359,2.407,"126,44","126,44",0,"126,44",1.971,"55,11","55,11",3.420,0,3.421,4,139,0
313850,Juruaia,31062000,Companhia de Saneamento de Minas Gerais,COPASA,Regional,Sociedade de economia mista com administração pública,Água,10.795,5.053,"432,96","432,96",0,"432,96",,,,7.213,0,7.195,0,178,0
313860,Juvenília,31062000,Companhia de Saneamento de Minas Gerais,COPASA,Regional,Sociedade de economia mista com administração pública,Água e Esgotos,5.706,3.690,"227,61","227,61",0,"227,61",332,"12,88","12,88",8.138,5,8.138,1,402,4
313862,Ladainha,31686000,Copasa Serviços de Saneamento Integrado do Norte e Nordeste de Minas Gerais S/A,COPANOR,Regional,Empresa pública,Água e Esgotos,18.272,5.247,"311,96","244,49","67,45",244,4.489,"181,13","181,13",4.632,66,4.776,25,1.031,0
313865,Lagamar,31062000,Companhia de Saneamento de Minas Gerais,COPASA,Regional,Sociedade de economia mista com administração pública,Água,7.588,4.466,"281,98","281,98",0,"281,98",,,,2.635,0,2.355,0,116,0
313867,Lagoa da Prata,31372011,Serviço Autônomo de Água e Esgoto,SAAE,Local,Autarquia,Água e Esgoto,53.236,44.026,"5.649,41",0,"5.649,41","5.649,41",43.565,"2.723,42","2.723,42",3.192,19,3.192,32,3.192,16
313868,Lagoa dos Patos,31062000,Companhia de Saneamento de Minas Gerais,COPASA,Regional,Sociedade de economia mista com administração pública,Água e Esgotos,4.062,2.655,"146,3",0,"146,3","146,3",1.814,"55,78","34,6",522,0,520,0,157,2
313870,Lagoa Dourada,31062000,Companhia de Saneamento de Minas Gerais,COPASA,Regional,Sociedade de economia mista com administração pública,Água e Esgotos,13.115,7.339,"548,1",0,"548,1","548,1",790,"19,91",0,2.120,5,2.119,0,324,0
313880,Lagoa Formosa,31375011,Serviço Autônomo de Água e Esgotos,SAAE,Local,Autarquia,Água e Esgoto,18.168,18.168,"1.333,56","1.316,33","17,23","1.278,39",18.168,"855,62","855,62",5.285,55,5.263,54,820,66
313890,Lagoa Grande,31062000,Companhia de Saneamento de Minas Gerais,COPASA,Regional,Sociedade de economia mista com administração pública,Água,9.681,6.684,"487,17",0,"487,17","487,17",,,,538,3,535,0,169,0
313900,Lagoa Santa,31062000,Companhia de Saneamento de Minas Gerais,COPASA,Regional,Sociedade de economia mista com administração pública,Água e Esgotos,66.744,57.553,"7.488,72",0,"7.488,72","7.488,72",33.492,"2.122,46","2.122,46",9.302,9,9.301,305,850,43
313910,Lajinha,31377011,Serviço Autônomo de Água e Esgoto,SAAE,Local,Autarquia,Água e Esgoto,19.914,12.441,"686,27","666,53",0,"666,53",9.877,"470,48",0,4.380,5,4.427,549,314,0
313920,Lambari,31378011,Serviço Autônomo de Água e Esgoto,SAAE,Local,Autarquia,Água e Esgoto,20.995,16.392,"1.952,80","1.927,69","25,11","1.927,69",15.945,"831,17",0,3.414,0,3.406,2,199,1
313925,Lamim,31379011,Prefeitura Municipal de Lamim,PML,Local,Administração pública direta,Água,3.366,3.366,100,100,0,0,,,,10,0,10,0,10,0
313930,Laranjal,31062000,Companhia de Saneamento de Minas Gerais,COPASA,Regional,Sociedade de economia mista com administração pública,Água,6.856,4.571,"303,07","202,05","101,02","303,07",,,,7.085,0,7.105,5,197,1
313940,Lassance,31381011,Serviço Autônomo de Água e Esgotosl de Lassance,SAAE,Local,Autarquia,Água,6.494,6.494,540,145,380,"144,72",,,,120,2,120,0,120,5
313950,Lavras,31062000,Companhia de Saneamento de Minas Gerais,COPASA,Regional,Sociedade de economia mista com administração pública,Água e Esgotos,105.756,94.648,"7.706,61","7.706,61",0,"7.706,61",91.051,"3.868,79","3.868,79",7.572,15,7.580,42,1.181,0
313960,Leandro Ferreira,31062000,Companhia de Saneamento de Minas Gerais,COPASA,Regional,Sociedade de economia mista com administração pública,Água e Esgotos,3.222,2.082,"208,98",0,"208,98","208,98",1.913,"91,52",0,276,0,276,0,130,1
313980,Leme do Prado,31686000,Copasa Serviços de Saneamento Integrado do Norte e Nordeste de Minas Gerais S/A,COPANOR,Regional,Empresa pública,Água e Esgotos,4.923,1.731,"115,98","115,98",0,"59,87",1.322,"72,21","72,21",6.476,3,6.476,23,457,0
313970,Leopoldina,31062000,Companhia de Saneamento de Minas Gerais,COPASA,Regional,Sociedade de economia mista com administração pública,Água,52.690,39.418,"3.732,87","3.732,87",0,"3.732,87",,,,4.765,1,4.709,1,764,0
313990,Liberdade,31062000,Companhia de Saneamento de Minas Gerais,COPASA,Regional,Sociedade de economia mista com administração pública,Água,4.994,3.720,"275,2","275,2",0,"275,2",,,,3.147,0,3.139,2,120,0
314000,Lima Duarte,31386011,Departamento Municipal de Água e Esgoto,DEMAE,Local,Autarquia,Água e Esgoto,16.749,15.663,"1.565,00","1.500,00",65,0,15.503,571,0,4.380,16,4.380,0,384,1
314010,Limeira do Oeste,31062000,Companhia de Saneamento de Minas Gerais,COPASA,Regional,Sociedade de economia mista com administração pública,Água e Esgotos,7.640,5.399,"358,7","358,7",0,"358,7",5.253,"226,23","226,23",3.930,0,3.932,0,154,0
314015,Lontra,31062000,Companhia de Saneamento de Minas Gerais,COPASA,Regional,Sociedade de economia mista com administração pública,Água e Esgotos,9.766,4.811,"237,12","118,56","118,56","237,12",2.052,"67,94","67,94",2.177,0,2.178,1,132,1
314020,Luisburgo,31386711,Prefeitura Municipal de Luisburgo,PML,Local,Administração pública direta,Água e Esgoto,6.249,1.840,314,314,0,296,1.840,180,0,3.650,5,3.650,20,222,3
314030,Luislândia,31062000,Companhia de Saneamento de Minas Gerais,COPASA,Regional,Sociedade de economia mista com administração pública,Água,6.735,3.155,"132,53",0,"132,53","132,53",,,,510,0,510,0,133,1
314040,Luminárias,31387011,Prefeitura Municipal de Luminárias,PML,Local,Administração pública direta,Água e Esgoto,5.431,4.182,"497,66","497,66",0,0,4.178,60,0,720,0,96,0,1,0
314050,Luz,31062000,Companhia de Saneamento de Minas Gerais,COPASA,Regional,Sociedade de economia mista com administração pública,Água,18.297,15.723,"1.388,02","694,01","694,01","1.388,02",,,,4.627,0,4.833,0,374,0
314053,Machacalis,31062000,Companhia de Saneamento de Minas Gerais,COPASA,Regional,Sociedade de economia mista com administração pública,Água,7.112,5.563,"325,12","325,12",0,"325,12",,,,4.136,0,4.128,0,141,1
314055,Machado,31390011,Serviço Autônomo de Água e Esgoto,SAAE,Local,Autarquia,Água e Esgoto,42.682,42.413,"3.214,91","3.139,77","75,14","3.139,77",42.413,"1.831,93","1.391,13",4.422,0,4.422,0,884,0
314060,Madre de Deus de Minas,31062000,Companhia de Saneamento de Minas Gerais,COPASA,Regional,Sociedade de economia mista com administração pública,Água,5.119,3.692,"274,73","137,37","137,36","274,73",,,,3.560,0,3.553,0,152,0
314070,Malacacheta,31062000,Companhia de Saneamento de Minas Gerais,COPASA,Regional,Sociedade de economia mista com administração pública,Água e Esgotos,18.556,10.382,"558,85","558,85",0,"558,85",9.382,"290,93","290,93",4.543,0,4.521,1,221,0
314080,Mamonas,31392511,Prefeitura Municipal de Mamonas,PMM,Local,Administração pública direta,Água e Esgoto,6.565,3.627,"362,88",0,0,0,419,"27,7",0,40,0,60,0,60,17
314085,Manga,31062000,Companhia de Saneamento de Minas Gerais,COPASA,Regional,Sociedade de economia mista com administração pública,Água e Esgotos,18.051,11.769,"769,99","769,99",0,"769,99",2.225,"85,28","85,28",3.218,0,3.216,1,262,0
314090,Manhuaçu,31394011,Serviço Autônomo Água e Esgoto,SAAE,Local,Autarquia,Água e Esgoto,92.074,92.074,"5.754,74","4.944,24",780,"4.944,24",92.074,"4.530,60","4,8",32.480,48,31.640,50,3.460,10
314100,Manhumirim,31395011,Serviço Autônomo de Água e Esgoto,SAAE,Local,Autarquia,Água e Esgoto,22.894,17.898,"1.734,48","1.419,12","315,36","1.734,48",17.485,875,0,4.380,0,4.380,0,192,0
314110,Mantena,31396011,Serviço Autônomo de Água e Esgoto,SAAE,Local,Autarquia,Água e Esgoto,27.651,27.111,"2.698,68","2.608,68",0,"2.608,68",27.111,"2.024,00","1.518,00",8.183,80,8.230,126,674,0
314120,Mar de Espanha,31062000,Companhia de Saneamento de Minas Gerais,COPASA,Regional,Sociedade de economia mista com administração pública,Água,12.985,10.705,"796,32","398,16","398,16","796,32",,,,2.595,0,2.636,1,280,3
314130,Maravilhas,31062000,Companhia de Saneamento de Minas Gerais,COPASA,Regional,Sociedade de economia mista com administração pública,Água,8.113,5.383,"399,3","399,3",0,"399,3",,,,551,0,552,1,169,0
314140,Maria da Fé,31062000,Companhia de Saneamento de Minas Gerais,COPASA,Regional,Sociedade de economia mista com administração pública,Água,14.019,7.924,"537,35","537,35",0,"537,35",,,,6.221,0,6.206,3,242,2
314150,Mariana,31400011,Serviço Autônomo de Água e Esgoto de Mariana,SAAE,Local,Autarquia,Água e Esgoto,61.830,61.830,"7.098,27","3.723,92","3.374,35",0,61.830,"5.323,70",0,19.450,98,19.309,92,1.910,34
314160,Marilac,31062000,Companhia de Saneamento de Minas Gerais,COPASA,Regional,Sociedade de economia mista com administração pública,Água,4.079,2.917,"266,23","266,23",0,"266,23",,,,3.072,3,3.047,10,110,0
314170,Mário Campos,31062000,Companhia de Saneamento de Minas Gerais,COPASA,Regional,Sociedade de economia mista com administração pública,Água,15.814,14.154,"1.421,27","1.421,27",0,"1.421,27",,,,4.722,0,4.718,0,354,3
314180,Maripá de Minas,31062000,Companhia de Saneamento de Minas Gerais,COPASA,Regional,Sociedade de economia mista com administração pública,Água,3.000,2.371,"203,65",0,"203,65","203,65",,,,1.501,0,1.510,0,132,1
314190,Marliéria,31403011,Prefeitura Municipal de Marliéria,PMM,Local,Administração pública direta,Água e Esgoto,4.030,4.030,"1.145,00","1.140,00",0,0,2.860,147,0,5.160,0,5.160,0,96,0
314200,Marmelópolis,31404011,Prefeitura Municipal de Marmelópolis,PMM,Local,Administração pública direta,Água e Esgoto,2.701,2.686,460,200,0,0,1.900,305,0,72,72,72,72,72,72
314210,Martinho Campos,31062000,Companhia de Saneamento de Minas Gerais,COPASA,Regional,Sociedade de economia mista com administração pública,Água e Esgotos,13.497,11.125,"877,19","362,96","514,23","877,19",6.605,"311,2","311,2",4.032,0,3.504,3,852,2
314220,Martins Soares,31062000,Companhia de Saneamento de Minas Gerais,COPASA,Regional,Sociedade de economia mista com administração pública,Água,8.640,1.965,"136,69","136,69",0,"136,69",,,,2.272,0,2.272,0,93,1
314225,Mata Verde,31062000,Companhia de Saneamento de Minas Gerais,COPASA,Regional,Sociedade de economia mista com administração pública,Água e Esgotos,8.700,6.927,"346,61","346,61",0,"346,61",6.927,"170,01","170,01",2.348,0,2.346,2,204,2
314230,Materlândia,31062000,Companhia de Saneamento de Minas Gerais,COPASA,Regional,Sociedade de economia mista com administração pública,Água,4.415,2.022,"110,4",0,"110,4","110,4",,,,2.503,1,2.501,5,167,5
314240,Mateus Leme,31062000,Companhia de Saneamento de Minas Gerais,COPASA,Regional,Sociedade de economia mista com administração pública,Água e Esgotos,31.631,22.121,"3.010,80","2.685,92","324,88","3.010,80",12.597,"721,54","721,54",11.631,0,11.633,11,737,71
314250,Mathias Lobato,31062000,Companhia de Saneamento de Minas Gerais,COPASA,Regional,Sociedade de economia mista com administração pública,Água,3.157,2.371,"191,12","191,12",0,"191,12",,,,3.495,0,3.484,0,107,0
314260,Matias Barbosa,31062000,Companhia de Saneamento de Minas Gerais,COPASA,Regional,Sociedade de economia mista com administração pública,Água,14.626,13.574,"1.041,34","258,23","783,11","1.041,34",,,,8.001,1,8.044,4,497,27
314270,Matias Cardoso,31062000,Companhia de Saneamento de Minas Gerais,COPASA,Regional,Sociedade de economia mista com administração pública,Água,11.360,5.661,"367,17","258,09","109,08","367,17",,,,4.531,1,4.458,0,547,0
314280,Matipó,31062000,Companhia de Saneamento de Minas Gerais,COPASA,Regional,Sociedade de economia mista com administração pública,Água,19.098,13.940,"896,43","836,29","60,14","896,43",,,,8.308,1,8.309,2,331,3
314290,Mato Verde,31062000,Companhia de Saneamento de Minas Gerais,COPASA,Regional,Sociedade de economia mista com administração pública,Água,12.367,9.582,"598,9","598,9",0,"598,9",,,,9.105,0,9.099,0,362,0
314300,Matozinhos,31062000,Companhia de Saneamento de Minas Gerais,COPASA,Regional,Sociedade de economia mista com administração pública,Água e Esgotos,38.469,31.537,"3.251,81","1.266,91","1.984,90","3.251,81",23.386,"1.088,15","598,49",5.760,1,5.758,3,771,18
314310,Matutina,31062000,Companhia de Saneamento de Minas Gerais,COPASA,Regional,Sociedade de economia mista com administração pública,Água,3.733,2.579,"276,31","248,3","28,01","276,31",,,,4.611,2,4.611,1,254,0
314315,Medeiros,31062000,Companhia de Saneamento de Minas Gerais,COPASA,Regional,Sociedade de economia mista com administração pública,Água,3.861,2.130,"158,66","79,33","79,33","158,66",,,,3.174,0,3.146,0,131,0
314320,Medina,31062000,Companhia de Saneamento de Minas Gerais,COPASA,Regional,Sociedade de economia mista com administração pública,Água e Esgotos,20.701,13.552,"684,09","684,09",0,"684,09",12.625,"362,39","362,39",3.464,1,3.461,0,292,1
314330,Mendes Pimentel,31686000,Copasa Serviços de Saneamento Integrado do Norte e Nordeste de Minas Gerais S/A,COPANOR,Regional,Empresa pública,Água,6.446,3.715,"194,18","194,18",0,"194,18",,,,3.605,75,3.605,51,220,0
314345,Mercês,31062000,Companhia de Saneamento de Minas Gerais,COPASA,Regional,Sociedade de economia mista com administração pública,Água,10.775,7.333,"520,61","520,61",0,"520,61",,,,4.176,19,4.143,45,205,0
314350,Mesquita,31417011,Prefeitura Municipal de Mesquita,PMM,Local,Administração pública direta,Água e Esgoto,5.489,4.387,850,0,0,0,3.750,500,0,12,0,200,0,12,0
314360,Minas Novas,31062000,Companhia de Saneamento de Minas Gerais,COPASA,Regional,Sociedade de economia mista com administração pública,Água e Esgotos,31.509,11.698,"576,38","576,38",0,"576,38",6.459,"172,78","172,78",6.126,0,6.123,1,381,0
314380,Minduri,31062000,Companhia de Saneamento de Minas Gerais,COPASA,Regional,Sociedade de economia mista com administração pública,Água,3.891,3.137,"234,43","234,43",0,"234,43",,,,3.054,0,3.047,0,158,0
314390,Mirabela,31062000,Companhia de Saneamento de Minas Gerais,COPASA,Regional,Sociedade de economia mista com administração pública,Água e Esgotos,13.651,8.524,"440,45",0,"440,45","440,45",4.427,"149,87","149,87",3.359,2,3.359,0,213,0
314400,Miradouro,31062000,Companhia de Saneamento de Minas Gerais,COPASA,Regional,Sociedade de economia mista com administração pública,Água,10.818,5.865,"397,22","397,22",0,"397,22",,,,3.347,1,3.351,26,186,1
314410,Miraí,31062000,Companhia de Saneamento de Minas Gerais,COPASA,Regional,Sociedade de economia mista com administração pública,Água,15.205,10.095,"830,15","781,65","48,5","830,15",,,,5.197,0,5.211,3,489,0
314420,Miravânia,31062000,Companhia de Saneamento de Minas Gerais,COPASA,Regional,Sociedade de economia mista com administração pública,Água,4.939,1.159,"86,01",0,"86,01","86,01",,,,717,0,698,0,135,1
314430,Moeda,31062000,Companhia de Saneamento de Minas Gerais,COPASA,Regional,Sociedade de economia mista com administração pública,Água,4.948,1.891,"241,14","241,14",0,"241,14",,,,4.305,8,4.305,0,112,0
314435,Moema,31424012,Serviço Autônomo de Água e Esgoto de Moema,SAAEM,Local,Autarquia,Água e Esgoto,7.589,6.912,"512,38",0,"509,42",0,6.030,"435,52","435,52",278,0,370,28,278,14
314440,Monjolos,31062000,Companhia de Saneamento de Minas Gerais,COPASA,Regional,Sociedade de economia mista com administração pública,Água,2.184,1.323,"178,41","90,86","87,55","178,41",,,,1.110,0,1.111,1,287,0
314450,Monsenhor Paulo,31062000,Companhia de Saneamento de Minas Gerais,COPASA,Regional,Sociedade de economia mista com administração pública,Água,8.764,6.546,"418,38","418,38",0,"418,38",,,,3.492,0,3.480,0,171,0
314460,Montalvânia,31062000,Companhia de Saneamento de Minas Gerais,COPASA,Regional,Sociedade de economia mista com administração pública,Água e Esgotos,14.621,9.567,"672,14","672,14",0,"672,14",1.248,"38,31","38,31",8.014,3,8.009,2,582,6
314465,Monte Alegre de Minas,31428011,Prefeitura Municipal de Monte Alegre de Minas,PMMAM,Local,Administração pública direta,Água e Esgoto,21.349,15.766,"1.225,73","1.037,10",0,"1.037,10",15.616,"601,14","573,11",3.793,6,3.793,5,562,6
314467,Monte Azul,31062000,Companhia de Saneamento de Minas Gerais,COPASA,Regional,Sociedade de economia mista com administração pública,Água e Esgotos,20.544,12.299,"864,56","864,56",0,"864,56",1.177,"42,79","42,79",5.883,0,5.856,0,469,0
314470,Monte Belo,31062000,Companhia de Saneamento de Minas Gerais,COPASA,Regional,Sociedade de economia mista com administração pública,Água,13.139,8.164,"652,05","326,03","326,02","652,05",,,,3.331,0,3.309,0,236,0
314480,Monte Carmelo,31431011,Departamento Municipal de Água e Esgoto,DMAE,Local,Autarquia,Água e Esgoto,48.049,48.049,"4.373,05","2.234,76","2.138,29",0,40.412,"2.385,60","1.583,78",90.378,0,40.238,0,1.932,0
314490,Monte Formoso,31686000,Copasa Serviços de Saneamento Integrado do Norte e Nordeste de Minas Gerais S/A,COPANOR,Regional,Empresa pública,Água e Esgotos,4.939,1.886,"91,25","79,82","11,43","79,82",1.500,"59,79","59,79",4.660,2,4.660,6,413,0
314500,Monte Santo de Minas,31062000,Companhia de Saneamento de Minas Gerais,COPASA,Regional,Sociedade de economia mista com administração pública,Água,21.504,16.326,"1.499,47","1.392,62","106,85","1.499,47",,,,5.252,0,5.205,0,514,0
314505,Monte Sião,31062000,Companhia de Saneamento de Minas Gerais,COPASA,Regional,Sociedade de economia mista com administração pública,Água e Esgotos,24.247,17.987,"1.826,84","1.826,84",0,"1.826,84",17.987,"869,38","836,02",12.771,1,12.728,38,542,3
314510,Montes Claros,31062000,Companhia de Saneamento de Minas Gerais,COPASA,Regional,Sociedade de economia mista com administração pública,Água e Esgotos,417.478,350.351,"29.885,64","29.796,05","89,59","29.885,64",356.645,"11.890,23","11.890,23",27.373,9,27.080,27,3.999,64
314520,Montezuma,31062000,Companhia de Saneamento de Minas Gerais,COPASA,Regional,Sociedade de economia mista com administração pública,Água,8.379,3.369,"188,06","188,06",0,"188,06",,,,3.321,36,3.321,5,132,0
313660,Morada Nova de Minas,31062000,Companhia de Saneamento de Minas Gerais,COPASA,Regional,Sociedade de economia mista com administração pública,Água e Esgotos,8.955,6.665,"570,84","570,84",0,"570,84",4.781,"234,58","234,58",588,0,589,0,222,0
314530,Morro da Garça,31062000,Companhia de Saneamento de Minas Gerais,COPASA,Regional,Sociedade de economia mista com administração pública,Água,2.413,1.289,"146,03",0,"146,03","146,03",,,,508,0,508,0,157,0
314535,Morro do Pilar,31437011,Prefeitura Municipal de Morro do Pilar,PMMP,Local,Administração pública direta,Água,3.126,2.374,536,36,500,0,,,,5,0,5,0,3,0
314537,Munhoz,31062000,Companhia de Saneamento de Minas Gerais,COPASA,Regional,Sociedade de economia mista com administração pública,Água,5.960,3.241,"304,84","304,84",0,"304,84",,,,3.453,0,3.449,1,100,3
314540,Muriaé,31439011,Departamento Municipal de Saneamento Urbano,DEMSUR,Local,Autarquia,Água e Esgoto,109.997,101.766,"8.854,80","7.826,60","788,4","7.826,60",101.766,"5.081,57","2.134,99",22.838,0,21.893,12,5.666,5
314545,Mutum,31062000,Companhia de Saneamento de Minas Gerais,COPASA,Regional,Sociedade de economia mista com administração pública,Água e Esgotos,26.945,11.657,"775,12","775,12",0,"775,12",7.888,"320,37",0,5.463,0,5.463,0,338,0
314550,Muzambinho,31062000,Companhia de Saneamento de Minas Gerais,COPASA,Regional,Sociedade de economia mista com administração pública,Água,20.522,15.672,"1.409,17","1.409,17",0,"1.409,17",,,,8.154,0,8.114,0,400,0
314560,Nacip Raydan,31062000,Companhia de Saneamento de Minas Gerais,COPASA,Regional,Sociedade de economia mista com administração pública,Água,3.221,1.736,"117,76","117,76",0,"117,76",,,,418,0,401,0,107,1
314570,Nanuque,31062000,Companhia de Saneamento de Minas Gerais,COPASA,Regional,Sociedade de economia mista com administração pública,Água e Esgotos,40.583,32.665,"2.695,98","2.695,98",0,"2.695,98",24.792,"981,46","218,4",10.024,1,9.968,50,727,0
314580,Naque,31062000,Companhia de Saneamento de Minas Gerais,COPASA,Regional,Sociedade de economia mista com administração pública,Água,7.104,6.144,"342,68","342,68",0,"342,68",,,,2.368,0,2.341,0,155,0
314587,Natércia,31062000,Companhia de Saneamento de Minas Gerais,COPASA,Regional,Sociedade de economia mista com administração pública,Água e Esgotos,4.727,2.722,"204,2","204,2",0,"204,2",2.078,"106,19",0,5.012,0,5.006,0,113,0
314590,Nazareno,31062000,Companhia de Saneamento de Minas Gerais,COPASA,Regional,Sociedade de economia mista com administração pública,Água,8.710,5.541,"398,32","398,32",0,"398,32",,,,3.798,0,3.788,0,199,0
314600,Nepomuceno,31446011,Serviço Autônomo de Água e Esgoto,SAAE,Local,Autarquia,Água e Esgoto,26.882,26.882,"2.520,00","1.870,00",0,"1.870,00",26.882,"1.900,00",0,4.680,0,4.680,0,351,0
314610,Ninheira,31062000,Companhia de Saneamento de Minas Gerais,COPASA,Regional,Sociedade de economia mista com administração pública,Água,10.355,2.773,"309,45","309,45",0,"309,45",,,,8.321,0,8.321,1,133,5
314620,Nova Belém,31686000,Copasa Serviços de Saneamento Integrado do Norte e Nordeste de Minas Gerais S/A,COPANOR,Regional,Empresa pública,Água e Esgotos,3.067,1.270,"65,24","63,63","1,61","65,24",1.270,"45,25","45,25",4.533,37,4.533,11,288,9
314625,Nova Era,31447011,Prefeitura Municipal de Nova Era,PMNE,Local,Administração pública direta,Água e Esgoto,17.524,16.472,"1.369,39","1.273,72","95,67","1.369,39",16.472,"676,7",0,11.000,0,1.440,10,192,4
314630,Nova Lima,31062000,Companhia de Saneamento de Minas Gerais,COPASA,Regional,Sociedade de economia mista com administração pública,Água e Esgotos,97.378,90.168,"12.438,57","8.292,38","4.146,19","12.438,57",22.051,"1.269,20","1.269,20",18.182,0,18.182,9,1.514,26
314655,Nova Módica,31062000,Companhia de Saneamento de Minas Gerais,COPASA,Regional,Sociedade de economia mista com administração pública,Água e Esgotos,3.548,2.308,"141,53","141,53",0,"141,53",1.852,"71,8",0,3.664,0,3.652,0,108,0
314640,Nova Ponte,31450011,Prefeitura Municipal de Nova Ponte,DMAE,Local,Administração pública direta,Água e Esgoto,16.046,13.765,"1.190,63","1.023,64",0,"1.023,64",13.765,"793,76","793,76",1.608,0,1.608,0,148,0
314650,Nova Porteirinha,31062000,Companhia de Saneamento de Minas Gerais,COPASA,Regional,Sociedade de economia mista com administração pública,Água e Esgotos,7.493,4.207,"432,93","432,93",0,"432,93",1.671,"62,88","62,88",3.933,0,3.920,3,279,0
314660,Nova Resende,31062000,Companhia de Saneamento de Minas Gerais,COPASA,Regional,Sociedade de economia mista com administração pública,Água,16.937,9.530,"700,97","700,97",0,"700,97",,,,4.439,0,4.417,2,247,0
314670,Nova Serrana,31062000,Companhia de Saneamento de Minas Gerais,COPASA,Regional,Sociedade de economia mista com administração pública,Água e Esgotos,108.241,80.213,"6.432,05","6.432,05",0,"6.432,05",79.201,"2.940,26","2.940,26",5.220,5,5.220,1,908,35
314690,Nova União,31062000,Companhia de Saneamento de Minas Gerais,COPASA,Regional,Sociedade de economia mista com administração pública,Água,5.739,3.001,"261,47","261,47",0,"261,47",,,,4.784,0,4.772,5,187,0
314710,Novo Cruzeiro,31062000,Companhia de Saneamento de Minas Gerais,COPASA,Regional,Sociedade de economia mista com administração pública,Água e Esgotos,31.339,9.785,"489,12","489,12",0,"489,12",7.018,"208,92",0,4.562,0,4.560,9,200,0
314720,Novo Oriente de Minas,31686000,Copasa Serviços de Saneamento Integrado do Norte e Nordeste de Minas Gerais S/A,COPANOR,Regional,Empresa pública,Água e Esgotos,10.800,5.611,"340,33","312,07","28,26","312,07",5.611,"191,49","191,49",2.014,23,505,0,373,0
314730,Novorizonte,31686000,Copasa Serviços de Saneamento Integrado do Norte e Nordeste de Minas Gerais S/A,COPANOR,Regional,Empresa pública,Água e Esgotos,5.348,2.904,"225,94",0,"225,94","225,94",470,"18,05",0,714,9,711,4,772,1
314740,Olaria,31454011,Prefeitura Municipal de Olaria,PMO,Local,Administração pública direta,Água e Esgoto,1.694,1.694,"163,35",0,"163,35",0,1.694,59,0,0,0,72,0,72,69
314760,Olhos-d Água,31686000,Copasa Serviços de Saneamento Integrado do Norte e Nordeste de Minas Gerais S/A,COPANOR,Regional,Empresa pública,Água,6.243,3.626,"171,22","151,21","12,91","151,21",,,,2.336,3,2.388,19,232,1
314770,Olímpio Noronha,31455011,Prefeitura Municipal de Olímpio Noronha,PMON,Local,Administração pública direta,Água e Esgoto,2.829,2.512,395,259,0,0,2.512,395,0,4.320,12,4.320,60,48,2
314780,Oliveira,31456011,Serviço Autônomo de Água e Esgoto,SAAE,Local,Autarquia,Água e Esgoto,41.987,41.987,"3.020,57","3.020,57",0,"3.020,57",41.987,"1.798,87","1.746,48",5.784,1,5.872,4,2.100,0
314750,Oliveira Fortes,31062000,Companhia de Saneamento de Minas Gerais,COPASA,Regional,Sociedade de economia mista com administração pública,Água,2.128,1.210,"70,31","70,31",0,"70,31",,,,1.082,0,1.064,26,123,0
314790,Onça de Pitangui,31062000,Companhia de Saneamento de Minas Gerais,COPASA,Regional,Sociedade de economia mista com administração pública,Água,3.155,1.516,"109,02","109,02",0,"109,02",,,,239,0,239,3,135,1
314795,Orizânia,31062000,Companhia de Saneamento de Minas Gerais,COPASA,Regional,Sociedade de economia mista com administração pública,Água,8.138,2.424,"125,57","125,57",0,"125,57",,,,2.312,0,2.312,0,101,0
314800,Ouro Branco,31062000,Companhia de Saneamento de Minas Gerais,COPASA,Regional,Sociedade de economia mista com administração pública,Água e Esgotos,40.220,34.896,"2.894,18","2.848,54","45,64","2.894,18",34.355,"1.361,55","1.361,55",5.106,9,5.104,0,668,0
314810,Ouro Fino,31460011,Departamento Municipal Autônomo de Água e Esgoto,DMAAE,Local,Autarquia,Água e Esgoto,33.938,33.938,"2.684,88","1.426,08","1.258,80","1.426,08",33.938,"1.424,33",0,5.340,0,5.340,0,957,0
314820,Ouro Preto,31461012,Ouro Preto Serviços de Saneamento S.A.,SANEOURO,Local,Empresa privada,Água e Esgoto,74.824,65.196,"12.851,77","6.403,55","6.257,22",0,41.530,"3.218,05","35,96",24.600,118,24.600,724,4.438,150
314830,Ouro Verde de Minas,31062000,Companhia de Saneamento de Minas Gerais,COPASA,Regional,Sociedade de economia mista com administração pública,Água e Esgotos,5.895,3.404,"166,68","166,68",0,"166,68",3.122,"96,37",0,2.649,0,2.643,0,109,0
314840,Padre Carvalho,31686000,Copasa Serviços de Saneamento Integrado do Norte e Nordeste de Minas Gerais S/A,COPANOR,Regional,Empresa pública,Água e Esgotos,6.466,3.766,"307,35","226,74","80,61","307,35",1.813,"63,44","63,44",3.101,35,3.108,160,631,1
314850,Padre Paraíso,31062000,Companhia de Saneamento de Minas Gerais,COPASA,Regional,Sociedade de economia mista com administração pública,Água,20.346,10.932,"643,04","643,04",0,"643,04",,,,3.904,0,3.902,0,236,2
314860,Pai Pedro,31062000,Companhia de Saneamento de Minas Gerais,COPASA,Regional,Sociedade de economia mista com administração pública,Água,6.098,1.613,"98,38",0,"98,38","98,38",,,,507,0,489,1,140,0
314870,Paineiras,31062000,Companhia de Saneamento de Minas Gerais,COPASA,Regional,Sociedade de economia mista com administração pública,Água,4.440,3.278,"262,98",0,"262,98","262,98",,,,399,0,408,0,149,0
314880,Pains,31465011,Serviço Autônomo de Água e Esgoto de Pains,SAAE,Local,Autarquia,Água e Esgoto,8.308,8.279,966,0,966,0,7.087,772,0,2.958,0,2.958,0,2.958,0
314890,Paiva,31466011,Prefeitura Municipal de Paiva,PMP,Local,Administração pública direta,Água,1.517,1.517,53,53,0,0,,,,1,0,1,0,1,0
314900,Palma,31062000,Companhia de Saneamento de Minas Gerais,COPASA,Regional,Sociedade de economia mista com administração pública,Água,6.606,4.730,"371,67","302,77","68,9","371,67",,,,3.741,0,3.762,0,372,5
314910,Palmópolis,31062000,Companhia de Saneamento de Minas Gerais,COPASA,Regional,Sociedade de economia mista com administração pública,Água,5.196,3.989,"239,59","239,59",0,"239,59",,,,3.952,0,3.947,0,350,8
314915,Papagaios,31469011,Prefeitura Municipal de Papagaios,PMP,Local,Administração pública direta,Água e Esgoto,15.922,15.922,"1.125,00",0,"1.125,00",0,13.389,"1.030,00","1.030,00",4,0,4,0,4,0
314920,Pará de Minas,31471011,Águas de Pará de Minas S. A.,CAPAM,Local,Empresa privada,Água e Esgoto,95.616,95.616,"6.714,36","5.441,38","1.272,98","6.714,36",95.060,"4.715,96","4.715,96",10.733,0,10.733,0,5.356,0
314930,Paracatu,31062000,Companhia de Saneamento de Minas Gerais,COPASA,Regional,Sociedade de economia mista com administração pública,Água e Esgotos,94.539,76.359,"5.628,23","1.876,08","3.752,15","5.628,23",71.046,"2.634,20","2.568,15",5.488,1,5.421,704,887,0
314940,Paraguaçu,31472011,Concessionária de Saneamento Básico Ltda,COSÁGUA,Local,Empresa privada,Água e Esgoto,21.693,17.872,"1.458,50","1.444,10","14,4","1.458,50",17.872,"860,2","860,2",3.960,0,3.960,0,480,0
314950,Paraisópolis,31473011,Serviço Autônomo de Água e Esgoto de Paraisópolis,SAAE,Local,Autarquia,Água e Esgoto,21.353,21.205,"1.656,00","1.580,00",76,"1.580,00",21.000,902,0,4.036,0,4.036,20,578,0
314960,Paraopeba,31062000,Companhia de Saneamento de Minas Gerais,COPASA,Regional,Sociedade de economia mista com administração pública,Água,24.854,20.178,"1.654,02","275,67","1.378,35","1.654,02",,,,6.001,0,6.006,0,670,0
314970,Passa Quatro,31476011,Prefeitura Municipal de Passa Quatro,PMPQ,Local,Administração pública direta,Água e Esgoto,16.439,12.644,"1.100,00",101,0,0,16.439,"1.000,00",0,4.320,432,120,65,110,0
314980,Passa Tempo,31062000,Companhia de Saneamento de Minas Gerais,COPASA,Regional,Sociedade de economia mista com administração pública,Água,8.031,6.051,"448,13","448,13",0,"448,13",,,,4.982,0,4.986,258,166,0
314990,Passa-Vinte,31062000,Companhia de Saneamento de Minas Gerais,COPASA,Regional,Sociedade de economia mista com administração pública,Água,2.024,1.258,"162,39",0,"162,39","162,39",,,,196,0,194,0,136,0
314995,Passabém,31062000,Companhia de Saneamento de Minas Gerais,COPASA,Regional,Sociedade de economia mista com administração pública,Água e Esgotos,1.619,982,"63,35",0,"63,35","63,35",496,"18,09",0,966,0,940,0,121,0
315000,Passos,31479011,Serviço Autônomo de Água e Esgoto,SAAE,Local,Autarquia,Água e Esgoto,115.970,110.026,"11.030,43","11.030,43",0,"11.030,43",108.782,"6.311,83","3.947,51",10.735,0,10.735,0,2.026,0
315015,Patis,31062000,Companhia de Saneamento de Minas Gerais,COPASA,Regional,Sociedade de economia mista com administração pública,Água,6.031,2.274,"127,06",0,"127,06","127,06",,,,500,0,500,0,133,0
315020,Patos de Minas,31062000,Companhia de Saneamento de Minas Gerais,COPASA,Regional,Sociedade de economia mista com administração pública,Água e Esgotos,154.641,134.513,"11.397,86","11.268,83","129,03","11.397,86",131.458,"7.228,21","4.490,98",14.386,20,14.599,38,2.922,2
315030,Patrocínio,31481011,Departamento de Água e Esgoto de Patrocínio,DAEPA,Local,Autarquia,Água e Esgoto,92.116,92.116,"7.582,00","7.582,00",0,"7.582,00",92.116,"3.633,00","3.542,00",4.910,160,4.085,2.935,724,0
315040,Patrocínio do Muriaé,31062000,Companhia de Saneamento de Minas Gerais,COPASA,Regional,Sociedade de economia mista com administração pública,Água,5.744,4.628,"400,87","200,44","200,43","400,87",,,,1.851,0,1.865,2,133,0
315050,Paula Cândido,31062000,Companhia de Saneamento de Minas Gerais,COPASA,Regional,Sociedade de economia mista com administração pública,Água,9.597,5.163,"296,4","258,89","37,51","296,4",,,,995,0,957,0,259,5
315053,Paulistas,31062000,Companhia de Saneamento de Minas Gerais,COPASA,Regional,Sociedade de economia mista com administração pública,Água,4.794,2.333,"147,69","147,69",0,"147,69",,,,4.739,1,4.739,2,166,0
315057,Pavão,31686000,Copasa Serviços de Saneamento Integrado do Norte e Nordeste de Minas Gerais S/A,COPANOR,Regional,Empresa pública,Água e Esgotos,8.390,5.069,"267,12","234,15","32,97","267,12",4.977,"120,37","120,37",4.580,119,4.598,9,304,0
315060,Peçanha,31062000,Companhia de Saneamento de Minas Gerais,COPASA,Regional,Sociedade de economia mista com administração pública,Água,17.534,8.887,"636,53","318,27","318,26","636,53",,,,4.755,217,4.759,74,268,2
315070,Pedra Azul,31062000,Companhia de Saneamento de Minas Gerais,COPASA,Regional,Sociedade de economia mista com administração pública,Água e Esgotos,24.333,17.622,"995,77","995,77",0,"995,77",16.399,"482,53","459,38",4.234,86,4.231,1,392,14
315080,Pedra do Anta,31062000,Companhia de Saneamento de Minas Gerais,COPASA,Regional,Sociedade de economia mista com administração pública,Água,2.960,2.011,"147,51",0,"147,51","147,51",,,,1.210,1,1.190,0,146,5
315090,Pedra do Indaiá,31062000,Companhia de Saneamento de Minas Gerais,COPASA,Regional,Sociedade de economia mista com administração pública,Água,3.977,2.098,"160,49","160,49",0,"160,49",,,,2.400,0,2.400,0,144,0
315100,Pedra Dourada,31490011,Prefeitura Municipal de Pedra Dourada,PMPD,Local,Administração pública direta,Água e Esgoto,2.559,1.520,170,85,85,0,1.520,160,23,4,0,180,0,180,180
315110,Pedralva,31062000,Companhia de Saneamento de Minas Gerais,COPASA,Regional,Sociedade de economia mista com administração pública,Água e Esgotos,11.098,5.452,"413,13","206,57","206,56","413,13",4.828,"185,15","185,15",2.861,0,2.839,0,156,2
315120,Pedras de Maria da Cruz,31062000,Companhia de Saneamento de Minas Gerais,COPASA,Regional,Sociedade de economia mista com administração pública,Água e Esgotos,12.313,6.431,"318,04","318,04",0,"318,04",1.401,"37,12","37,12",4.021,0,4.022,0,165,1
315130,Pedrinópolis,31062000,Companhia de Saneamento de Minas Gerais,COPASA,Regional,Sociedade de economia mista com administração pública,Água,3.651,2.629,"253,33",0,"253,33","253,33",,,,498,0,498,0,133,0
315140,Pedro Leopoldo,31062000,Companhia de Saneamento de Minas Gerais,COPASA,Regional,Sociedade de economia mista com administração pública,Água e Esgotos,65.149,54.288,"5.961,00","3.576,60","2.384,40","5.961,00",41.145,"1.732,93","872,52",6.372,4,6.370,5,822,18
315150,Pedro Teixeira,31494011,Prefeitura Municipal de Pedro Teixeira,PMPT,Local,Administração pública direta,Água e Esgoto,1.804,1.200,"99,63",0,25,0,1.200,"63,55","45,62",65,0,56,0,12,0
315160,Pequeri,31062000,Companhia de Saneamento de Minas Gerais,COPASA,Regional,Sociedade de economia mista com administração pública,Água,3.340,2.788,"281,8","140,9","140,9","281,8",,,,2.661,11,2.675,6,130,3
315170,Pequi,31496011,Prefeitura Municipal de Pequi,PMP,Local,Administração pública direta,Água e Esgoto,4.457,4.457,"620,59","330,94","289,65","330,94",2.570,380,66,6.692,497,7.154,7,935,0
315180,Perdigão,31062000,Companhia de Saneamento de Minas Gerais,COPASA,Regional,Sociedade de economia mista com administração pública,Água,11.994,9.568,"628,91","628,91",0,"628,91",,,,5.335,0,5.335,0,229,0
315190,Perdizes,31062000,Companhia de Saneamento de Minas Gerais,COPASA,Regional,Sociedade de economia mista com administração pública,Água,16.469,10.984,"891,69","891,69",0,"891,69",,,,7.004,0,7.001,1,280,0
315200,Perdões,31062000,Companhia de Saneamento de Minas Gerais,COPASA,Regional,Sociedade de economia mista com administração pública,Água e Esgotos,21.577,17.984,"1.388,35","1.341,77","46,58","1.388,35",15.892,"699,27",0,4.696,0,4.657,0,688,0
315210,Periquito,31062000,Companhia de Saneamento de Minas Gerais,COPASA,Regional,Sociedade de economia mista com administração pública,Água,6.738,4.469,"438,47","334,25","104,22","438,47",,,,4.883,1,4.795,3,503,1
315213,Pescador,31686000,Copasa Serviços de Saneamento Integrado do Norte e Nordeste de Minas Gerais S/A,COPANOR,Regional,Empresa pública,Água,4.261,3.071,"154,88","154,88",0,"154,88",,,,4.150,1,4.135,0,193,0
315217,Piedade de Caratinga,31062000,Companhia de Saneamento de Minas Gerais,COPASA,Regional,Sociedade de economia mista com administração pública,Água,8.832,5.338,"276,27","276,27",0,"276,27",,,,1.952,3,1.953,13,136,0
315220,Piedade de Ponte Nova,31062000,Companhia de Saneamento de Minas Gerais,COPASA,Regional,Sociedade de economia mista com administração pública,Água,4.141,3.045,"220,36","220,36",0,"220,36",,,,2.412,0,2.412,0,109,0
315230,Piedade do Rio Grande,31062000,Companhia de Saneamento de Minas Gerais,COPASA,Regional,Sociedade de economia mista com administração pública,Água,4.436,3.013,"240,71",0,"240,71","240,71",,,,973,0,957,0,309,0
315240,Piedade dos Gerais,31062000,Companhia de Saneamento de Minas Gerais,COPASA,Regional,Sociedade de economia mista com administração pública,Água,5.034,2.278,"173,82","57,94","115,88","173,82",,,,4.050,2,4.043,20,112,0
315250,Pimenta,31505011,Serviço Autônomo de Água e Esgoto,SAAE,Local,Autarquia,Água e Esgoto,8.715,8.600,800,0,"666,47",0,7.600,600,600,2.244,0,2.591,0,300,0
315270,Pingo-d Água,31062000,Companhia de Saneamento de Minas Gerais,COPASA,Regional,Sociedade de economia mista com administração pública,Água,5.029,4.272,"250,41","250,41",0,"250,41",,,,2.475,0,2.451,0,108,1
315280,Pintópolis,31062000,Companhia de Saneamento de Minas Gerais,COPASA,Regional,Sociedade de economia mista com administração pública,Água,7.540,2.660,"153,42",0,"153,42","153,42",,,,857,0,857,0,133,0
315290,Piracema,31506011,Prefeitura Municipal de Piracema,PMP,Local,Administração pública direta,Água e Esgoto,6.386,3.900,820,"500,8","12,05",0,2.700,330,0,4.500,100,4.500,150,240,2
315300,Pirajuba,31062000,Companhia de Saneamento de Minas Gerais,COPASA,Regional,Sociedade de economia mista com administração pública,Água e Esgotos,6.491,4.567,"332,79",0,"332,79","332,79",4.640,"228,2","57,8",476,0,209,0,111,0
315310,Piranga,31062000,Companhia de Saneamento de Minas Gerais,COPASA,Regional,Sociedade de economia mista com administração pública,Água,17.641,5.666,"410,23","410,23",0,"410,23",,,,2.437,0,2.437,5,142,0
315320,Piranguçu,31062000,Companhia de Saneamento de Minas Gerais,COPASA,Regional,Sociedade de economia mista com administração pública,Água,5.504,1.873,"230,91","230,91",0,"230,91",,,,2.692,1,2.688,2,160,1
315330,Piranguinho,31062000,Companhia de Saneamento de Minas Gerais,COPASA,Regional,Sociedade de economia mista com administração pública,Água,8.683,5.312,"568,08","553,44","14,64","568,08",,,,10.379,1,10.371,4,351,4
315340,Pirapetinga,31062000,Companhia de Saneamento de Minas Gerais,COPASA,Regional,Sociedade de economia mista com administração pública,Água e Esgotos,10.791,7.996,"642,01","642,01",0,"642,01",7.291,"326,83",0,8.456,1,8.447,2,250,3
315360,Pirapora,31512011,Serviço Autônomo de Água e Esgoto,SAAE,Local,Autarquia,Água e Esgoto,56.845,55.223,"6.943,26","6.943,26",0,"6.943,26",26.314,"1.261,00","1.261,00",7.112,11,7.098,465,821,21
315370,Piraúba,31062000,Companhia de Saneamento de Minas Gerais,COPASA,Regional,Sociedade de economia mista com administração pública,Água,10.732,7.805,"667,75",0,"667,75","667,75",,,,464,0,416,1,333,6
315380,Pitangui,31062000,Companhia de Saneamento de Minas Gerais,COPASA,Regional,Sociedade de economia mista com administração pública,Água,28.433,23.465,"1.901,98","1.901,98",0,"1.901,98",,,,4.679,0,4.676,4,480,1
315390,Piumhi,31515011,Serviço Autônomo de Água e Esgoto,SAAE,Local,Autarquia,Água e Esgoto,35.137,31.479,"4.057,30","4.057,30",0,0,31.479,"1.766,59","1.766,59",5.369,33,5.369,96,672,10
315400,Planura,31062000,Companhia de Saneamento de Minas Gerais,COPASA,Regional,Sociedade de economia mista com administração pública,Água,12.445,11.444,"896,42","448,21","448,21","896,42",,,,4.947,0,4.947,0,279,0
315410,Poço Fundo,31062000,Companhia de Saneamento de Minas Gerais,COPASA,Regional,Sociedade de economia mista com administração pública,Água,16.900,8.997,634,634,0,634,,,,3.784,0,3.768,0,210,2
315415,Poços de Caldas,31518011,Departamento Municipal de Água e Esgoto,DMAE,Local,Autarquia,Água e Esgoto,169.838,169.838,"17.654,65","17.415,76","238,89","17.415,76",169.838,"10.187,63","10.187,63",15.351,148,15.761,39,3.426,17
315420,Pocrane,31519012,SERVIÇO AUTÔNOMO DE ÁGUA E ESGOTO,SAAE,Local,Autarquia,Água e Esgoto,8.288,6.200,"1.300,00",850,0,0,5.100,900,0,6.231,50,14.865,2.537,433,0
315430,Pompéu,31062000,Companhia de Saneamento de Minas Gerais,COPASA,Regional,Sociedade de economia mista com administração pública,Água,32.248,25.433,"2.537,45","1.268,73","1.268,72","2.537,45",,,,9.519,0,9.523,9,614,0
315440,Ponte Nova,31521011,"Departamento Municipal de Água, Esgoto e Saneamento",DMAES,Local,Autarquia,Água e Esgoto,60.003,60.003,"7.415,00","7.155,00",260,"7.155,00",60.003,"2.694,14",0,6.286,4,6.286,6,1.936,2
315445,Ponto Chique,31062000,Companhia de Saneamento de Minas Gerais,COPASA,Regional,Sociedade de economia mista com administração pública,Água,4.305,2.581,"160,77",0,"160,77","160,77",,,,507,0,480,0,133,3
315450,Ponto dos Volantes,31686000,Copasa Serviços de Saneamento Integrado do Norte e Nordeste de Minas Gerais S/A,COPANOR,Regional,Empresa pública,Água,12.235,4.960,"446,98","255,93","191,05","255,93",,,,8.031,2,8.030,173,355,0
315460,Porteirinha,31062000,Companhia de Saneamento de Minas Gerais,COPASA,Regional,Sociedade de economia mista com administração pública,Água e Esgotos,37.823,19.911,"1.868,21","1.868,21",0,"1.868,21",7.353,"347,9","341,18",14.213,28,14.148,37,1.151,0
315470,Porto Firme,31062000,Companhia de Saneamento de Minas Gerais,COPASA,Regional,Sociedade de economia mista com administração pública,Água,11.414,5.215,"379,62",0,"379,62","379,62",,,,555,1,517,0,170,0
315480,Poté,31062000,Companhia de Saneamento de Minas Gerais,COPASA,Regional,Sociedade de economia mista com administração pública,Água e Esgotos,16.675,7.923,"419,4","419,4",0,"419,4",6.460,"190,9",0,6.503,4,6.513,26,176,0
315510,Pouso Alegre,31062000,Companhia de Saneamento de Minas Gerais,COPASA,Regional,Sociedade de economia mista com administração pública,Água e Esgotos,154.293,134.717,"11.731,92","7.815,43","3.916,49","11.731,92",134.717,"5.885,91","5.853,49",21.539,5,21.688,45,1.413,44
315500,Prados,31062000,Companhia de Saneamento de Minas Gerais,COPASA,Regional,Sociedade de economia mista com administração pública,Água e Esgotos,9.128,6.382,"374,07",0,"374,07","374,07",6.315,"188,88","188,88",607,0,595,0,238,0
315520,Prata,31062000,Companhia de Saneamento de Minas Gerais,COPASA,Regional,Sociedade de economia mista com administração pública,Água,28.173,18.814,"1.654,95","1.654,95",0,"1.654,95",,,,5.750,0,5.740,0,468,0
315530,Pratápolis,31529011,Prefeitura Municipal de Pratápolis,PMP,Local,Administração pública direta,Água e Esgoto,8.530,7.500,960,"743,12",0,0,6.819,"743,12",0,4.200,6,4.200,5,4.200,2
315540,Pratinha,31530011,Prefeitura Municipal de Pratinha,PMP,Local,Administração pública direta,Água e Esgoto,3.658,2.100,220,220,0,0,2.100,140,0,48,0,12,0,48,0
315550,Presidente Bernardes,31062000,Companhia de Saneamento de Minas Gerais,COPASA,Regional,Sociedade de economia mista com administração pública,Água e Esgotos,5.315,1.649,"141,05","141,05",0,"141,05",1.473,"55,6",0,2.714,0,2.718,0,112,0
315560,Presidente Juscelino,31062000,Companhia de Saneamento de Minas Gerais,COPASA,Regional,Sociedade de economia mista com administração pública,Água,3.572,1.808,"157,77","157,77",0,"157,77",,,,543,0,543,1,176,0
315570,Presidente Kubitschek,31533011,Prefeitura Municipal de Presidente Kubitschek,PMPK,Local,Administração pública direta,Água e Esgoto,3.000,2.068,254,0,0,0,2.065,208,196,370,16,50,0,120,0
315580,Presidente Olegário,31062000,Companhia de Saneamento de Minas Gerais,COPASA,Regional,Sociedade de economia mista com administração pública,Água,19.680,13.873,"870,31","420,31",450,"870,31",,,,4.764,0,4.764,0,609,0
315590,Prudente de Morais,31062000,Companhia de Saneamento de Minas Gerais,COPASA,Regional,Sociedade de economia mista com administração pública,Água e Esgotos,10.931,9.271,"892,54",0,"892,54","892,54",6.064,"279,37","279,37",1.541,0,1.480,64,340,0
315600,Quartel Geral,31062000,Companhia de Saneamento de Minas Gerais,COPASA,Regional,Sociedade de economia mista com administração pública,Água e Esgotos,3.603,2.781,"190,57","95,29","95,28","190,57",843,"34,86",0,546,0,545,0,173,0
315610,Queluzito,31538011,Prefeitura Municipal de Queluzito,PMQ,Local,Administração pública direta,Água e Esgoto,1.948,1.897,215,0,210,0,995,32,0,12,0,1,0,36,12
315620,Raposos,31062000,Companhia de Saneamento de Minas Gerais,COPASA,Regional,Sociedade de economia mista com administração pública,Água e Esgotos,16.501,13.833,"1.439,07","1.439,07",0,"1.439,07",11.707,"518,19","518,19",4.693,0,4.681,0,321,3
315630,Raul Soares,31540011,Serviço Autônomo de Água e Esgoto,SAAE,Local,Autarquia,Água e Esgoto,23.663,22.176,"1.330,23","1.159,15","171,08","1.159,15",17.577,"814,02",0,9.688,62,7.283,49,823,4
315645,Recreio,31541011,Serviço Autônomo de Água e Esgoto,SAAE,Local,Autarquia,Água e Esgoto,10.522,10.518,"687,3","687,3",0,"687,3",9.266,467,45,3.720,18,3.720,185,330,49
315650,Reduto,31541511,Prefeitura Municipal de Reduto,PMR,Local,Administração pública direta,Água e Esgoto,7.247,7.100,"647,09",0,"647,09","647,09",4.816,"280,22",0,8.200,148,7.303,103,195,1
315660,Resende Costa,31062000,Companhia de Saneamento de Minas Gerais,COPASA,Regional,Sociedade de economia mista com administração pública,Água e Esgotos,11.578,8.475,"571,18","571,18",0,"571,18",4.074,"160,99","160,99",6.878,0,6.865,0,289,0
315670,Resplendor,31062000,Companhia de Saneamento de Minas Gerais,COPASA,Regional,Sociedade de economia mista com administração pública,Água e Esgotos,17.396,10.259,"851,8","851,8",0,"851,8",7.870,"423,38","423,38",6.773,10,6.582,7,571,0
315680,Ressaquinha,31062000,Companhia de Saneamento de Minas Gerais,COPASA,Regional,Sociedade de economia mista com administração pública,Água,4.826,3.119,"167,68","55,89","111,79","167,68",,,,2.418,0,2.386,0,112,0
315690,Riachinho,31062000,Companhia de Saneamento de Minas Gerais,COPASA,Regional,Sociedade de economia mista com administração pública,Água,8.132,4.487,"208,48","208,48",0,"208,48",,,,2.508,0,2.505,0,132,0
315700,Riacho dos Machados,31062000,Companhia de Saneamento de Minas Gerais,COPASA,Regional,Sociedade de economia mista com administração pública,Água e Esgotos,9.471,4.641,"193,2","101,65","91,55","193,2",2.712,"92,61","92,61",4.962,6,4.938,13,327,2
315710,Ribeirão das Neves,31062000,Companhia de Saneamento de Minas Gerais,COPASA,Regional,Sociedade de economia mista com administração pública,Água e Esgotos,341.415,275.947,"30.372,22","30.372,22",0,"30.372,22",242.704,"8.816,45","7.148,22",11.392,2,11.381,35,2.137,24
315720,Ribeirão Vermelho,31062000,Companhia de Saneamento de Minas Gerais,COPASA,Regional,Sociedade de economia mista com administração pública,Água,4.061,3.609,"266,57","266,57",0,"266,57",,,,2.393,15,2.395,0,167,0
315725,Rio Acima,31548011,Prefeitura Municipal de Rio Acima,PMRA,Local,Administração pública direta,Água e Esgoto,10.524,10.420,"2.092,00","2.092,00",0,0,9.106,628,0,88,0,88,0,20,1
315730,Rio Casca,31062000,Companhia de Saneamento de Minas Gerais,COPASA,Regional,Sociedade de economia mista com administração pública,Água e Esgotos,13.384,9.519,"726,55","726,55",0,"726,55",7.633,"310,31",0,8.389,0,8.390,0,212,1
315733,Rio do Prado,31686000,Copasa Serviços de Saneamento Integrado do Norte e Nordeste de Minas Gerais S/A,COPANOR,Regional,Empresa pública,Água e Esgotos,5.117,2.885,"252,69","192,15","60,54","252,69",1.928,"93,64",0,3.001,5,3.001,0,194,0
315737,Rio Doce,31550011,Prefeitura Municipal de Rio Doce,PMRD,Local,Administração pública direta,Água e Esgoto,2.630,2.594,290,290,0,0,2.594,160,150,2.500,2,2.500,6,240,0
315740,Rio Espera,31062000,Companhia de Saneamento de Minas Gerais,COPASA,Regional,Sociedade de economia mista com administração pública,Água,5.332,1.705,"121,19","121,19",0,"121,19",,,,1.546,0,1.546,0,112,0
315750,Rio Manso,31062000,Companhia de Saneamento de Minas Gerais,COPASA,Regional,Sociedade de economia mista com administração pública,Água,5.924,3.075,"304,51","115,75","188,76","304,51",,,,3.218,4,3.130,0,258,2
315760,Rio Novo,31062000,Companhia de Saneamento de Minas Gerais,COPASA,Regional,Sociedade de economia mista com administração pública,Água,8.964,6.695,"537,45","537,45",0,"537,45",,,,2.037,1,2.398,27,237,3
315765,Rio Paranaíba,31062000,Companhia de Saneamento de Minas Gerais,COPASA,Regional,Sociedade de economia mista com administração pública,Água,12.356,7.642,"672,54","672,54",0,"672,54",,,,1.921,0,1.923,0,240,2
315770,Rio Pardo de Minas,31062000,Companhia de Saneamento de Minas Gerais,COPASA,Regional,Sociedade de economia mista com administração pública,Água e Esgotos,31.171,11.033,"596,68","596,68",0,"596,68",4.192,"127,63","127,63",6.148,0,6.150,14,247,7
315780,Rio Piracicaba,31062000,Companhia de Saneamento de Minas Gerais,COPASA,Regional,Sociedade de economia mista com administração pública,Água,14.325,10.589,"983,25","920,39","62,86","983,25",,,,8.286,0,8.198,135,410,4
315790,Rio Pomba,31062000,Companhia de Saneamento de Minas Gerais,COPASA,Regional,Sociedade de economia mista com administração pública,Água,18.007,14.253,"1.223,90","1.223,90",0,"1.223,90",,,,4.445,1,4.378,0,425,4
315800,Rio Preto,31559011,Prefeitura Municipal de Rio Preto,PMRP,Local,Administração pública direta,Água,5.493,5.000,795,750,0,0,,,,0,0,0,0,108,0
315810,Rio Vermelho,31062000,Companhia de Saneamento de Minas Gerais,COPASA,Regional,Sociedade de economia mista com administração pública,Água,12.635,4.950,"256,85","256,85",0,"256,85",,,,3.831,0,3.828,14,199,0
315820,Ritápolis,31062000,Companhia de Saneamento de Minas Gerais,COPASA,Regional,Sociedade de economia mista com administração pública,Água,4.521,3.265,"274,37","274,37",0,"274,37",,,,2.844,0,2.837,0,160,0
315920,Rochedo de Minas,31562011,Prefeitura Municipal de Rochedo de Minas,PMRM,Local,Administração pública direta,Água e Esgoto,2.335,2.100,420,420,0,420,2.100,350,0,6,6,4,0,4,4
315940,Rodeiro,31062000,Companhia de Saneamento de Minas Gerais,COPASA,Regional,Sociedade de economia mista com administração pública,Água,8.333,6.357,"520,94","260,47","260,47","520,94",,,,2.014,0,1.981,1,196,6
315935,Rosário da Limeira,31062000,Companhia de Saneamento de Minas Gerais,COPASA,Regional,Sociedade de economia mista com administração pública,Água,4.648,2.476,"144,34","144,34",0,"144,34",,,,3.796,0,3.803,0,126,0
315950,Rubelita,31686000,Copasa Serviços de Saneamento Integrado do Norte e Nordeste de Minas Gerais S/A,COPANOR,Regional,Empresa pública,Água e Esgotos,5.609,3.560,"235,2","171,02","64,18","235,2",1.210,"46,11","46,11",7.140,1,7.001,1,677,1
315960,Rubim,31062000,Companhia de Saneamento de Minas Gerais,COPASA,Regional,Sociedade de economia mista com administração pública,Água,10.269,6.627,"323,54","323,54",0,"323,54",,,,2.339,0,2.337,0,184,0
315980,Sabará,31062000,Companhia de Saneamento de Minas Gerais,COPASA,Regional,Sociedade de economia mista com administração pública,Água e Esgotos,137.877,105.627,"15.054,05","7.527,03","7.527,02","15.054,05",86.899,"3.552,41",0,11.628,3,11.575,2,1.442,90
315830,Sabinópolis,31568011,Serviço Autônomo de Água e Esgoto,SAAE,Local,Autarquia,Água e Esgoto,15.364,9.917,"1.140,90","1.140,90",0,"1.140,90",6.827,667,0,3.979,41,4.472,518,293,3
315840,Sacramento,31569011,Serviço Autônomo de Água e Esgoto de Sacramento,SAAE,Local,Autarquia,Água e Esgoto,26.556,26.556,"2.373,38","1.055,60","1.317,78","1.317,78",26.556,"1.577,76","1.577,76",9.264,515,9.264,1.720,600,0
315850,Salinas,31062000,Companhia de Saneamento de Minas Gerais,COPASA,Regional,Sociedade de economia mista com administração pública,Água e Esgotos,41.864,30.502,"2.066,55","2.066,55",0,"2.066,55",24.736,"946,49","926,2",9.350,1,9.350,10,537,3
315870,Salto da Divisa,31062000,Companhia de Saneamento de Minas Gerais,COPASA,Regional,Sociedade de economia mista com administração pública,Água,7.014,5.376,"401,28","401,28",0,"401,28",,,,2.473,1,2.472,1,138,1
315880,Santa Bárbara,31062000,Companhia de Saneamento de Minas Gerais,COPASA,Regional,Sociedade de economia mista com administração pública,Água,31.873,23.175,"1.862,66","620,89","1.241,77","1.862,66",,,,13.579,2,13.480,4,452,2
315890,Santa Bárbara do Leste,31062000,Companhia de Saneamento de Minas Gerais,COPASA,Regional,Sociedade de economia mista com administração pública,Água,8.212,4.232,"200,47","200,47",0,"200,47",,,,2.098,19,2.099,9,99,0
315895,Santa Bárbara do Tugúrio,31062000,Companhia de Saneamento de Minas Gerais,COPASA,Regional,Sociedade de economia mista com administração pública,Água,4.385,2.084,"126,9","126,9",0,"126,9",,,,1.686,1,1.668,0,126,0
315900,Santa Cruz de Minas,31573311,Prefeitura Municipal de Santa Cruz de Minas,PMSCM,Local,Administração pública direta,Água e Esgoto,8.723,8.723,"1.063,66","1.063,66",0,"1.063,66",8.723,"904,11",0,204,0,204,3,204,1
315910,Santa Cruz de Salinas,31686000,Copasa Serviços de Saneamento Integrado do Norte e Nordeste de Minas Gerais S/A,COPANOR,Regional,Empresa pública,Água e Esgotos,4.074,1.745,"153,52","105,63","47,89","153,52",1.066,"40,97","40,97",3.528,0,3.529,58,621,0
315990,Santa Cruz do Escalvado,31062000,Companhia de Saneamento de Minas Gerais,COPASA,Regional,Sociedade de economia mista com administração pública,Água,4.693,1.323,"88,14","88,14",0,"88,14",,,,458,0,458,0,93,0
316000,Santa Efigênia de Minas,31062000,Companhia de Saneamento de Minas Gerais,COPASA,Regional,Sociedade de economia mista com administração pública,Água,4.354,2.565,"142,64","142,64",0,"142,64",,,,2.549,8,2.524,270,126,0
316010,Santa Fé de Minas,31062000,Companhia de Saneamento de Minas Gerais,COPASA,Regional,Sociedade de economia mista com administração pública,Água,3.806,1.935,"128,53","128,53",0,"128,53",,,,1.172,0,1.172,1,143,0
316020,Santa Helena de Minas,31686000,Copasa Serviços de Saneamento Integrado do Norte e Nordeste de Minas Gerais S/A,COPANOR,Regional,Empresa pública,Água e Esgotos,6.406,3.268,"173,52","172,56",0,"172,56",3.268,"94,67","94,67",4.522,2,4.523,4,201,0
316030,Santa Juliana,31062000,Companhia de Saneamento de Minas Gerais,COPASA,Regional,Sociedade de economia mista com administração pública,Água,14.497,11.286,"1.033,29",0,"1.033,29","1.033,29",,,,651,0,646,0,286,5
316040,Santa Luzia,31062000,Companhia de Saneamento de Minas Gerais,COPASA,Regional,Sociedade de economia mista com administração pública,Água e Esgotos,221.705,169.077,"21.875,69","14.583,79","7.291,90","21.875,69",150.705,"6.096,57","5.163,78",7.048,0,7.051,11,1.829,11
316045,Santa Margarida,31062000,Companhia de Saneamento de Minas Gerais,COPASA,Regional,Sociedade de economia mista com administração pública,Água,16.393,8.182,"502,14","275,53","226,61","502,14",,,,5.591,0,5.591,1,261,14
316060,Santa Maria de Itabira,31062000,Companhia de Saneamento de Minas Gerais,COPASA,Regional,Sociedade de economia mista com administração pública,Água,10.867,5.702,"434,39","434,39",0,"434,39",,,,4.235,0,4.200,2,178,0
316070,Santa Maria do Salto,31686000,Copasa Serviços de Saneamento Integrado do Norte e Nordeste de Minas Gerais S/A,COPANOR,Regional,Empresa pública,Água e Esgotos,5.203,3.571,"203,96","203,96",0,"203,96",3.205,"134,64",0,4.151,0,4.152,0,96,0
316080,Santa Maria do Suaçuí,31062000,Companhia de Saneamento de Minas Gerais,COPASA,Regional,Sociedade de economia mista com administração pública,Água e Esgotos,14.607,9.098,"508,11","508,11",0,"508,11",6.567,"218,58",0,6.647,0,6.647,6,445,2
316090,Santa Rita de Caldas,31062000,Companhia de Saneamento de Minas Gerais,COPASA,Regional,Sociedade de economia mista com administração pública,Água e Esgotos,8.900,5.269,"390,46","390,46",0,"390,46",4.396,"212,47",0,5.148,1,5.144,1,257,2
316095,Santa Rita de Ibitipoca,31062000,Companhia de Saneamento de Minas Gerais,COPASA,Regional,Sociedade de economia mista com administração pública,Água,3.380,1.586,"110,96","110,96",0,"110,96",,,,1.786,1,1.741,2,140,2
316100,Santa Rita de Minas,31062000,Companhia de Saneamento de Minas Gerais,COPASA,Regional,Sociedade de economia mista com administração pública,Água,7.322,5.066,"271,02","271,02",0,"271,02",,,,2.363,0,2.363,48,131,1
316105,Santa Rita do Itueto,31062000,Companhia de Saneamento de Minas Gerais,COPASA,Regional,Sociedade de economia mista com administração pública,Água,5.426,2.209,"160,01","160,01",0,"160,01",,,,4.134,13,4.133,68,193,0
316110,Santa Rita do Sapucaí,31062000,Companhia de Saneamento de Minas Gerais,COPASA,Regional,Sociedade de economia mista com administração pública,Água e Esgotos,44.226,36.387,"2.519,70","2.519,70",0,"2.519,70",35.713,"1.395,09","1.395,09",5.362,1,5.270,2,621,4
316120,Santa Rosa da Serra,31062000,Companhia de Saneamento de Minas Gerais,COPASA,Regional,Sociedade de economia mista com administração pública,Água,3.364,2.072,"205,97","205,97",0,"205,97",,,,4.093,0,4.041,0,267,1
316130,Santa Vitória,31062000,Companhia de Saneamento de Minas Gerais,COPASA,Regional,Sociedade de economia mista com administração pública,Água,19.997,16.167,"1.462,66","1.306,03","156,63","1.462,66",,,,5.298,0,4.867,16,517,0
316140,Santana da Vargem,31062000,Companhia de Saneamento de Minas Gerais,COPASA,Regional,Sociedade de economia mista com administração pública,Água e Esgotos,7.047,5.311,"308,52","308,52",0,"308,52",5.236,"204,87","163,66",3.164,1,3.148,0,140,1
316150,Santana de Cataguases,31062000,Companhia de Saneamento de Minas Gerais,COPASA,Regional,Sociedade de economia mista com administração pública,Água,3.909,2.975,"199,92","99,96","99,96","199,92",,,,2.366,0,2.376,0,125,1
316160,Santana de Pirapama,31062000,Companhia de Saneamento de Minas Gerais,COPASA,Regional,Sociedade de economia mista com administração pública,Água,7.538,3.313,"251,24",0,"251,24","251,24",,,,791,12,713,15,111,1
316165,Santana do Deserto,31062000,Companhia de Saneamento de Minas Gerais,COPASA,Regional,Sociedade de economia mista com administração pública,Água,3.985,1.467,"109,77",0,"109,77","109,77",,,,1.463,0,1.473,0,125,0
316170,Santana do Garambéu,31587011,Prefeitura Municipal de Santana do Garambéu,PMSG,Local,Administração pública direta,Água e Esgoto,2.494,2.494,157,0,0,0,1.844,37,0,10,0,10,0,10,0
316180,Santana do Jacaré,31062000,Companhia de Saneamento de Minas Gerais,COPASA,Regional,Sociedade de economia mista com administração pública,Água,4.847,4.271,"309,02","309,02",0,"309,02",,,,3.614,0,3.608,1,160,0
316190,Santana do Manhuaçu,31062000,Companhia de Saneamento de Minas Gerais,COPASA,Regional,Sociedade de economia mista com administração pública,Água,8.660,3.240,"245,51","245,51",0,"245,51",,,,2.362,6,2.345,10,105,1
312550,Santana do Paraíso,31062000,Companhia de Saneamento de Minas Gerais,COPASA,Regional,Sociedade de economia mista com administração pública,Água e Esgotos,36.048,30.403,"2.645,60","1.322,80","1.322,80","2.645,60",30.403,"1.451,93",0,7.025,1,6.918,0,835,0
316200,Santana do Riacho,31062000,Companhia de Saneamento de Minas Gerais,COPASA,Regional,Sociedade de economia mista com administração pública,Água,4.334,1.698,"371,11","371,11",0,"371,11",,,,2.946,0,2.942,4,221,0
316220,Santana dos Montes,31591011,Prefeitura Municipal de Santana dos Montes,PMSM,Local,Administração pública direta,Água e Esgoto,3.753,3.100,150,0,110,0,2.800,80,0,240,0,240,0,240,0
316225,Santo Antônio do Amparo,31599012,Águas de Santo Antonio do Amparo,ASAP,Local,Empresa privada,Água e Esgoto,18.697,16.371,"1.013,26","776,48","236,78","1.013,26",16.371,553,277,6.260,0,6.260,0,638,0
316230,Santo Antônio do Aventureiro,31062000,Companhia de Saneamento de Minas Gerais,COPASA,Regional,Sociedade de economia mista com administração pública,Água,3.602,2.290,"232,79",0,"232,79","232,79",,,,968,2,984,3,261,4
316240,Santo Antônio do Grama,31062000,Companhia de Saneamento de Minas Gerais,COPASA,Regional,Sociedade de economia mista com administração pública,Água,3.861,3.175,"235,92","235,92",0,"235,92",,,,3.113,0,3.113,130,105,0
316245,Santo Antônio do Itambé,31062000,Companhia de Saneamento de Minas Gerais,COPASA,Regional,Sociedade de economia mista com administração pública,Água,3.763,1.166,"141,83",0,"141,83","141,83",,,,520,0,517,0,154,0
316250,Santo Antônio do Jacinto,31062000,Companhia de Saneamento de Minas Gerais,COPASA,Regional,Sociedade de economia mista com administração pública,Água,11.570,6.068,"341,04","341,04",0,"341,04",,,,2.541,1,2.541,2,146,0
316255,Santo Antônio do Monte,31062000,Companhia de Saneamento de Minas Gerais,COPASA,Regional,Sociedade de economia mista com administração pública,Água e Esgotos,28.603,23.815,"1.689,19","1.689,19",0,"1.689,19",22.988,"971,2","971,2",8.727,1,8.721,0,473,2
316257,Santo Antônio do Retiro,31062000,Companhia de Saneamento de Minas Gerais,COPASA,Regional,Sociedade de economia mista com administração pública,Água e Esgotos,7.316,1.678,"99,76",0,"99,76","99,76",1.456,"47,82","47,82",1.106,0,1.106,0,133,0
316260,Santo Hipólito,31062000,Companhia de Saneamento de Minas Gerais,COPASA,Regional,Sociedade de economia mista com administração pública,Água,3.044,1.953,"171,62",0,"171,62","171,62",,,,840,0,838,0,299,2
316265,Santos Dumont,31062000,Companhia de Saneamento de Minas Gerais,COPASA,Regional,Sociedade de economia mista com administração pública,Água e Esgotos,46.357,35.050,"2.676,38","2.676,38",0,"2.676,38",24.555,"945,43",0,5.038,0,4.926,3,714,4
316270,São Bento Abade,31062000,Companhia de Saneamento de Minas Gerais,COPASA,Regional,Sociedade de economia mista com administração pública,Água,5.411,4.646,"230,27","230,27",0,"230,27",,,,3.738,1,3.735,0,117,0
316280,São Brás do Suaçuí,31062000,Companhia de Saneamento de Minas Gerais,COPASA,Regional,Sociedade de economia mista com administração pública,Água,3.770,3.322,"292,61","195,07","97,54","292,61",,,,5.192,0,5.190,1,122,0
316290,São Domingos das Dores,31062000,Companhia de Saneamento de Minas Gerais,COPASA,Regional,Sociedade de economia mista com administração pública,Água,5.672,2.331,"130,38","130,38",0,"130,38",,,,2.329,0,2.329,0,97,0
316292,São Domingos do Prata,31062000,Companhia de Saneamento de Minas Gerais,COPASA,Regional,Sociedade de economia mista com administração pública,Água,17.296,9.558,"738,34","738,34",0,"738,34",,,,3.686,0,3.650,81,233,0
316294,São Félix de Minas,31686000,Copasa Serviços de Saneamento Integrado do Norte e Nordeste de Minas Gerais S/A,COPANOR,Regional,Empresa pública,Água e Esgotos,3.354,1.906,"126,59",0,"126,59","126,59",1.906,"77,93",0,281,0,213,21,208,0
316295,São Francisco,31062000,Companhia de Saneamento de Minas Gerais,COPASA,Regional,Sociedade de economia mista com administração pública,Água e Esgotos,56.625,32.767,"1.990,87","1.954,90","35,97","1.990,87",17.438,"612,49","612,49",9.575,2,9.575,4,926,7
316300,São Francisco de Paula,31062000,Companhia de Saneamento de Minas Gerais,COPASA,Regional,Sociedade de economia mista com administração pública,Água,6.512,4.728,"246,95","246,95",0,"246,95",,,,3.314,0,3.307,0,166,0
316310,São Francisco de Sales,31062000,Companhia de Saneamento de Minas Gerais,COPASA,Regional,Sociedade de economia mista com administração pública,Água,6.309,4.190,"387,06","193,53","193,53","387,06",,,,3.343,1,3.336,0,129,0
316320,São Francisco do Glória,31614011,Prefeitura Municipal de São Francisco do Glória,PMSFG,Local,Administração pública direta,Água e Esgoto,4.758,2.878,302,"299,98",1,0,1.758,"273,31",0,4.440,105,4.400,329,72,0
316330,São Geraldo,31062000,Companhia de Saneamento de Minas Gerais,COPASA,Regional,Sociedade de economia mista com administração pública,Água,12.751,7.261,"564,16","564,16",0,"564,16",,,,1.208,0,1.171,0,182,2
316340,São Geraldo da Piedade,31616011,Prefeitura Municipal de São Geraldo da Piedade,PMSGP,Local,Administração pública direta,Água e Esgoto,3.860,1.200,40,40,0,0,1.200,40,0,3.000,0,3.000,1,300,0
316350,São Geraldo do Baixio,31616511,Prefeitura Municipal de São Geraldo do Baixio,PMSGB,Local,Administração pública direta,Água e Esgoto,4.104,2.850,302,200,0,200,2.700,170,170,12,0,12,0,3,3
316360,São Gonçalo do Abaeté,31062000,Companhia de Saneamento de Minas Gerais,COPASA,Regional,Sociedade de economia mista com administração pública,Água e Esgotos,8.527,3.677,"243,98","243,98",0,"243,98",3.469,"146,27","146,27",1.809,0,1.811,0,111,0
316370,São Gonçalo do Pará,31062000,Companhia de Saneamento de Minas Gerais,COPASA,Regional,Sociedade de economia mista com administração pública,Água,12.776,8.345,"574,49","574,49",0,"574,49",,,,3.887,10,3.888,12,217,0
316380,São Gonçalo do Rio Abaixo,31619011,Prefeitura Municipal de São Gonçalo do Rio Abaixo,PMSGRA,Local,Administração pública direta,Água e Esgoto,11.114,11.114,"2.543,50",520,"1.953,96",0,11.114,"1.612,00",0,365,0,12,0,12,0
316390,São Gonçalo do Rio Preto,31686000,Copasa Serviços de Saneamento Integrado do Norte e Nordeste de Minas Gerais S/A,COPANOR,Regional,Empresa pública,Água e Esgotos,3.178,2.083,"154,66","154,66",0,"154,66",2.083,"52,75",0,4.021,8,4.021,11,231,0
316410,São Gonçalo do Sapucaí,31062000,Companhia de Saneamento de Minas Gerais,COPASA,Regional,Sociedade de economia mista com administração pública,Água,25.670,19.024,"1.374,77","458,26","916,51","1.374,77",,,,5.859,2,5.844,0,469,0
316400,São Gotardo,31062000,Companhia de Saneamento de Minas Gerais,COPASA,Regional,Sociedade de economia mista com administração pública,Água e Esgotos,36.084,32.656,"2.923,75","2.923,75",0,"2.923,75",31.398,"1.612,85","791,54",8.311,0,8.311,0,685,1
316420,São João Batista do Glória,31622011,Serviço de Autônomo de Água e Esgoto,SAAE,Local,Autarquia,Água e Esgoto,7.541,6.125,"661,84","661,84",0,"661,84",6.034,"317,59","317,59",2.793,0,2.793,15,228,0
316430,São João da Lagoa,31622511,Prefeitura Municipal de São João da Lagoa,PMSJL,Local,Administração pública direta,Água,4.949,4.920,260,0,260,0,,,,1.200,10,1.200,0,130,6
316443,São João da Mata,31623011,Prefeitura Municipal de São João da Mata,PMSJ,Local,Administração pública direta,Água e Esgoto,2.743,2.700,250,190,0,0,2.701,100,0,4.380,2,4.596,3,236,2
316447,São João da Ponte,31062000,Companhia de Saneamento de Minas Gerais,COPASA,Regional,Sociedade de economia mista com administração pública,Água e Esgotos,25.033,7.216,"473,51",0,"473,51","473,51",2.209,"78,43","74,86",3.728,0,3.415,1,434,0
316450,São João das Missões,31062000,Companhia de Saneamento de Minas Gerais,COPASA,Regional,Sociedade de economia mista com administração pública,Água,13.232,2.293,"182,22",0,"182,22","182,22",,,,497,0,504,0,133,0
316460,São João del Rei,31062000,Companhia de Saneamento de Minas Gerais,COPASA,Regional,Sociedade de economia mista com administração pública,Água e Esgotos,90.897,12.898,889,889,0,889,11.340,"437,04","434,91",4.134,0,4.122,4,370,0
316480,São João do Manhuaçu,31062000,Companhia de Saneamento de Minas Gerais,COPASA,Regional,Sociedade de economia mista com administração pública,Água e Esgotos,11.785,5.210,"274,13","274,13",0,"274,13",4.856,"147,36",0,2.899,1,2.899,0,120,0
316490,São João do Manteninha,31686000,Copasa Serviços de Saneamento Integrado do Norte e Nordeste de Minas Gerais S/A,COPANOR,Regional,Empresa pública,Água e Esgotos,5.975,2.915,"135,06","133,07",0,"133,06",2.870,"85,32",0,6.041,70,6.046,67,342,1
316500,São João do Oriente,31062000,Companhia de Saneamento de Minas Gerais,COPASA,Regional,Sociedade de economia mista com administração pública,Água,7.393,5.497,"437,38","437,38",0,"437,38",,,,2.799,0,2.752,0,258,0
316510,São João do Pacuí,31626511,Prefeitura Municipal de São João do Pacuí,PMSJP,Local,Administração pública direta,Água,4.476,4.419,501,0,501,340,,,,9,0,9,0,9,0
316530,São João do Paraíso,31062000,Companhia de Saneamento de Minas Gerais,COPASA,Regional,Sociedade de economia mista com administração pública,Água e Esgotos,23.797,10.882,"690,72","690,72",0,"690,72",6.560,"229,83","229,83",10.148,1,10.148,13,267,10
316540,São João Evangelista,31062000,Companhia de Saneamento de Minas Gerais,COPASA,Regional,Sociedade de economia mista com administração pública,Água,15.761,10.452,"722,25","618,02","104,23","722,25",,,,5.676,1,5.662,1,784,1
316550,São João Nepomuceno,31062000,Companhia de Saneamento de Minas Gerais,COPASA,Regional,Sociedade de economia mista com administração pública,Água e Esgotos,26.530,22.596,"2.134,30","1.814,58","319,72","2.134,30",18.027,"814,22",0,9.147,3,9.180,9,1.253,9
316553,São Joaquim de Bicas,31062000,Companhia de Saneamento de Minas Gerais,COPASA,Regional,Sociedade de economia mista com administração pública,Água e Esgotos,32.696,21.602,"4.296,91","4.296,91",0,"4.296,91",9.072,"585,77","27,22",4.824,0,4.822,0,455,4
316557,São José da Barra,31062000,Companhia de Saneamento de Minas Gerais,COPASA,Regional,Sociedade de economia mista com administração pública,Água,7.532,5.307,"366,51","366,51",0,"366,51",,,,2.478,0,2.450,0,276,0
316560,São José da Lapa,31062000,Companhia de Saneamento de Minas Gerais,COPASA,Regional,Sociedade de economia mista com administração pública,Água e Esgotos,24.490,13.191,"3.060,88","1.147,83","1.913,05","3.060,88",13.191,"693,36","693,36",1.778,6,1.779,25,630,14
316570,São José da Safira,31062000,Companhia de Saneamento de Minas Gerais,COPASA,Regional,Sociedade de economia mista com administração pública,Água,4.291,2.564,"146,43","146,43",0,"146,43",,,,3.509,0,3.492,4,141,0
316580,São José da Varginha,31631011,Prefeitura Municipal de São José da Varginha,PMSJV,Local,Administração pública direta,Água e Esgoto,5.151,5.151,"290,84","97,31","193,53","97,31",1.728,"76,08","24,52",4.950,575,5.198,17,264,0
316590,São José do Alegre,31062000,Companhia de Saneamento de Minas Gerais,COPASA,Regional,Sociedade de economia mista com administração pública,Água,4.222,3.069,"230,75",0,"230,75","230,75",,,,497,1,479,0,132,4
316600,São José do Divino,31686000,Copasa Serviços de Saneamento Integrado do Norte e Nordeste de Minas Gerais S/A,COPANOR,Regional,Empresa pública,Água e Esgotos,3.851,2.562,"125,08","117,89","7,18","105,08",3.203,"76,93","76,93",4.262,114,4.263,129,303,0
316610,São José do Goiabal,31062000,Companhia de Saneamento de Minas Gerais,COPASA,Regional,Sociedade de economia mista com administração pública,Água,5.356,3.630,"220,44",0,"220,44","220,44",,,,888,0,865,0,109,0
316620,São José do Jacuri,31062000,Companhia de Saneamento de Minas Gerais,COPASA,Regional,Sociedade de economia mista com administração pública,Água e Esgotos,6.409,2.036,"141,39","132,51","8,88","141,39",1.606,"64,72",0,3.444,11,3.442,4,338,2
316630,São José do Mantimento,31062000,Companhia de Saneamento de Minas Gerais,COPASA,Regional,Sociedade de economia mista com administração pública,Água,2.821,1.528,"126,08","126,08",0,"126,08",,,,2.896,0,2.898,1,97,0
316640,São Lourenço,31637011,Serviço Autônomo de Água e Esgoto,SAAE,Local,Autarquia,Água e Esgoto,46.539,46.539,"4.839,94","4.839,94",0,"4.839,94",43.049,"2.440,12",0,3.758,0,3.746,0,881,0
316650,São Miguel do Anta,31062000,Companhia de Saneamento de Minas Gerais,COPASA,Regional,Sociedade de economia mista com administração pública,Água,6.949,3.758,"227,8",0,"227,8","227,8",,,,533,0,513,0,148,1
316660,São Pedro da União,31062000,Companhia de Saneamento de Minas Gerais,COPASA,Regional,Sociedade de economia mista com administração pública,Água,4.563,2.710,"210,56","185,05","25,51","210,56",,,,4.115,0,4.075,0,415,0
316680,São Pedro do Suaçuí,31062000,Companhia de Saneamento de Minas Gerais,COPASA,Regional,Sociedade de economia mista com administração pública,Água,5.160,2.271,"173,9","149,21","24,69","173,9",,,,4.140,1,4.137,1,335,0
316670,São Pedro dos Ferros,31062000,Companhia de Saneamento de Minas Gerais,COPASA,Regional,Sociedade de economia mista com administração pública,Água,7.634,5.068,"408,39","408,39",0,"408,39",,,,2.682,0,2.682,0,130,0
316690,São Romão,31062000,Companhia de Saneamento de Minas Gerais,COPASA,Regional,Sociedade de economia mista com administração pública,Água e Esgotos,12.713,5.641,"318,08","159,04","159,04","318,08",2.132,"74,52","74,52",4.041,0,4.037,9,157,0
316695,São Roque de Minas,31062000,Companhia de Saneamento de Minas Gerais,COPASA,Regional,Sociedade de economia mista com administração pública,Água e Esgotos,7.100,4.119,"355,99",178,"177,99","355,99",3.773,"203,73","199,97",7.968,0,7.954,0,144,0
316710,São Sebastião da Vargem Alegre,31062000,Companhia de Saneamento de Minas Gerais,COPASA,Regional,Sociedade de economia mista com administração pública,Água,3.039,1.722,"135,99",0,"135,99","135,99",,,,483,0,493,0,126,2
316720,São Sebastião do Anta,31062000,Companhia de Saneamento de Minas Gerais,COPASA,Regional,Sociedade de economia mista com administração pública,Água,6.697,4.067,"190,24","190,24",0,"190,24",,,,2.922,0,2.922,0,95,0
316555,São Sebastião do Maranhão,31062000,Companhia de Saneamento de Minas Gerais,COPASA,Regional,Sociedade de economia mista com administração pública,Água e Esgotos,9.884,2.860,"146,02","146,02",0,"146,02",1.995,"73,85",0,3.760,0,3.758,0,191,0
316730,São Sebastião do Oeste,31062000,Companhia de Saneamento de Minas Gerais,COPASA,Regional,Sociedade de economia mista com administração pública,Água,6.948,3.686,"394,32",0,"394,32","394,32",,,,383,0,380,0,159,0
316740,São Sebastião do Paraíso,31062000,Companhia de Saneamento de Minas Gerais,COPASA,Regional,Sociedade de economia mista com administração pública,Água e Esgotos,71.915,63.331,"5.023,92","4.942,97","80,95","5.023,92",60.621,"2.766,16","2.766,16",5.522,0,5.420,2,1.020,0
316750,São Sebastião do Rio Preto,31648011,Prefeitura Municipal de São Sebastião do Rio Preto,PMSSRP,Local,Administração pública direta,Água,1.478,820,"43,8",0,"43,8",0,,,,4,0,48,2,48,2
316760,São Sebastião do Rio Verde,31649011,Prefeitura Municipal de São Sebastião do Rio Verde,PMSSRV,Local,Administração pública direta,Água e Esgoto,2.259,2.259,150,150,0,0,2.259,130,81,4.158,1,7.462,2,72,0
316770,São Thomé das Letras,31062000,Companhia de Saneamento de Minas Gerais,COPASA,Regional,Sociedade de economia mista com administração pública,Água,7.151,4.118,"305,73","291,76","13,97","305,73",,,,6.913,0,6.908,0,226,0
316780,São Tiago,31062000,Companhia de Saneamento de Minas Gerais,COPASA,Regional,Sociedade de economia mista com administração pública,Água e Esgotos,10.979,8.270,"563,23","563,23",0,"563,23",5.648,"231,75",229,8.459,0,8.440,0,374,0
316790,São Tomás de Aquino,31062000,Companhia de Saneamento de Minas Gerais,COPASA,Regional,Sociedade de economia mista com administração pública,Água,6.980,5.146,"417,93",0,"417,93","417,93",,,,880,0,862,1,154,0
316800,São Vicente de Minas,31062000,Companhia de Saneamento de Minas Gerais,COPASA,Regional,Sociedade de economia mista com administração pública,Água,7.876,6.028,"444,48","444,48",0,"444,48",,,,3.627,0,3.620,2,210,0
316805,Sapucaí-Mirim,31062000,Companhia de Saneamento de Minas Gerais,COPASA,Regional,Sociedade de economia mista com administração pública,Água e Esgotos,7.045,4.152,"268,93","268,93",0,"268,93",3.624,"148,34",0,6.968,0,6.868,145,114,4
316810,Sardoá,31062000,Companhia de Saneamento de Minas Gerais,COPASA,Regional,Sociedade de economia mista com administração pública,Água,6.421,2.213,"132,5",0,"132,5","132,5",,,,410,0,375,0,122,0
316820,Sarzedo,31062000,Companhia de Saneamento de Minas Gerais,COPASA,Regional,Sociedade de economia mista com administração pública,Água e Esgotos,34.050,30.698,"2.850,65","2.850,65",0,"2.850,65",27.524,"1.208,00",0,9.279,0,9.272,5,530,7
316830,Senador Amaral,31062000,Companhia de Saneamento de Minas Gerais,COPASA,Regional,Sociedade de economia mista com administração pública,Água,5.365,3.067,"236,54","136,81","99,73","236,54",,,,4.373,0,4.386,1,172,0
316840,Senador Cortes,31656011,Prefeitura Municipal de Senador Cortes,PMSC,Local,Administração pública direta,Água e Esgoto,2.001,1.522,240,200,40,220,1.423,158,0,4.800,0,4.850,46,380,6
316850,Senador Firmino,31657011,Serviço Autônomo de Água e Esgoto,SAAE,Local,Autarquia,Água e Esgoto,7.902,7.902,"458,57","458,57",0,"458,34",4.614,"140,48",0,3.805,0,3.808,0,261,0
316860,Senador José Bento,31658011,Prefeitura Municipal de Senador José Bento,PMSJB,Local,Administração pública direta,Água e Esgoto,1.422,520,126,126,0,0,520,95,0,5.760,0,5.760,0,84,0
316870,Senador Modestino Gonçalves,31062000,Companhia de Saneamento de Minas Gerais,COPASA,Regional,Sociedade de economia mista com administração pública,Água,4.056,1.738,"109,79",0,"109,79","109,79",,,,439,0,439,0,161,0
316880,Senhora de Oliveira,31660011,Serviço Autônomo de Água e Esgoto,SAAE,Local,Autarquia,Água e Esgoto,5.786,3.315,"233,39","233,39",0,0,3.315,"233,39","233,39",147,0,147,0,147,0
316890,Senhora do Porto,31062000,Companhia de Saneamento de Minas Gerais,COPASA,Regional,Sociedade de economia mista com administração pública,Água,3.516,1.306,"91,31","45,66","45,65","91,31",,,,2.637,0,2.635,1,168,0
316900,Senhora dos Remédios,31662011,Prefeitura Municipal de Senhora dos Remédios,PMSR,Local,Administração pública direta,Água e Esgoto,10.474,6.950,468,128,"251,6",0,4.697,255,0,400,40,400,40,12,2
316905,Sericita,31062000,Companhia de Saneamento de Minas Gerais,COPASA,Regional,Sociedade de economia mista com administração pública,Água,7.340,3.878,"226,29","226,29",0,"226,29",,,,2.684,0,2.684,1,105,0
316910,Seritinga,31664011,Prefeitura Municipal de Seritinga,PMS,Local,Administração pública direta,Água e Esgoto,1.857,1.580,"90,13","90,13",0,0,1.580,"73,56",0,3.285,0,3.285,0,47,0
316920,Serra Azul de Minas,31062000,Companhia de Saneamento de Minas Gerais,COPASA,Regional,Sociedade de economia mista com administração pública,Água e Esgotos,4.292,1.508,"104,33",0,"104,33","104,33",1.092,"41,96",0,485,8,483,2,147,0
316930,Serra da Saudade,31062000,Companhia de Saneamento de Minas Gerais,COPASA,Regional,Sociedade de economia mista com administração pública,Água e Esgotos,771,498,"51,18",0,"51,18","51,18",468,"29,94","22,03",257,0,257,1,140,0
316935,Serra do Salitre,31062000,Companhia de Saneamento de Minas Gerais,COPASA,Regional,Sociedade de economia mista com administração pública,Água,11.750,8.033,"631,18","631,18",0,"631,18",,,,4.648,4,4.635,16,368,0
316940,Serra dos Aimorés,31062000,Companhia de Saneamento de Minas Gerais,COPASA,Regional,Sociedade de economia mista com administração pública,Água e Esgotos,8.725,5.724,"386,01","386,01",0,"386,01",3.191,"107,62","107,62",3.792,0,3.785,34,139,0
316960,Serrania,31062000,Companhia de Saneamento de Minas Gerais,COPASA,Regional,Sociedade de economia mista com administração pública,Água,7.667,6.265,"468,23","468,23",0,"468,23",,,,3.287,0,3.266,4,167,1
316970,Serranópolis de Minas,31062000,Companhia de Saneamento de Minas Gerais,COPASA,Regional,Sociedade de economia mista com administração pública,Água,4.836,1.862,"107,84","107,84",0,"107,84",,,,4.945,6,4.871,29,259,0
316980,Serro,31062000,Companhia de Saneamento de Minas Gerais,COPASA,Regional,Sociedade de economia mista com administração pública,Água e Esgotos,20.915,10.558,"688,8","688,8",0,"688,8",8.082,"297,15","297,15",4.082,0,4.091,21,487,1
317000,Sete Lagoas,31672011,"Serviço Autônomo de Água, Esgoto e Saneamento Urbano",SAAE,Local,Autarquia,Água e Esgoto,243.950,242.803,"25.395,80","7.307,20","18.088,60","7.307,20",235.251,"11.403,18","2.775,10",12.302,32,12.265,62,9.169,12
317005,Setubinha,31686000,Copasa Serviços de Saneamento Integrado do Norte e Nordeste de Minas Gerais S/A,COPANOR,Regional,Empresa pública,Água e Esgotos,12.493,4.539,"184,64","144,59","40,04","104,64",2.280,"79,02",0,6.721,11,6.730,94,400,0
317010,Silveirânia,31062000,Companhia de Saneamento de Minas Gerais,COPASA,Regional,Sociedade de economia mista com administração pública,Água,2.267,1.494,89,0,89,89,,,,573,0,377,8,145,0
317020,Silvianópolis,31674011,Prefeitura Municipal de Silvianópolis,PMS,Local,Administração pública direta,Água e Esgoto,6.258,3.769,432,432,0,432,3.769,135,0,8.600,0,8.600,0,84,0
317030,Simão Pereira,31675011,Prefeitura Municipal de Simão Pereira,PMSP,Local,Administração pública direta,Água e Esgoto,2.621,2.618,100,100,0,0,2.615,50,0,1,0,1,0,1,0
317040,Simonésia,31062000,Companhia de Saneamento de Minas Gerais,COPASA,Regional,Sociedade de economia mista com administração pública,Água,19.834,6.134,"498,85","498,85",0,"498,85",,,,3.554,2,3.554,0,241,3
317043,Sobrália,31062000,Companhia de Saneamento de Minas Gerais,COPASA,Regional,Sociedade de economia mista com administração pública,Água,5.476,3.193,"238,5","238,5",0,"238,5",,,,2.660,0,2.642,0,127,0
317047,Soledade de Minas,31678011,SAAE - Serviço Autônomo de Água e Esgoto,SAAE,Local,Autarquia,Água e Esgoto,6.226,4.125,"763,66","763,66",0,0,4.125,"109,2",0,4.392,345,4.392,7,72,4
317050,Tabuleiro,31062000,Companhia de Saneamento de Minas Gerais,COPASA,Regional,Sociedade de economia mista com administração pública,Água,3.669,2.535,"183,26","183,26",0,"183,26",,,,1.590,0,1.569,2,145,3
317052,Taiobeiras,31062000,Companhia de Saneamento de Minas Gerais,COPASA,Regional,Sociedade de economia mista com administração pública,Água e Esgotos,34.653,23.573,"1.286,42","428,81","857,61","1.286,42",14.772,"453,29","453,29",3.753,0,3.754,3,500,3
317060,Taparuba,31680511,Serviço Autônomo de Água e Esgotos de Taparuba,SAAE,Local,Autarquia,Água e Esgoto,3.093,1.385,260,260,0,0,1.385,120,0,8.853,229,9.000,215,300,0
317065,Tapira,31062000,Companhia de Saneamento de Minas Gerais,COPASA,Regional,Sociedade de economia mista com administração pública,Água,4.890,2.835,"251,16",0,"251,16","251,16",,,,870,0,870,0,142,2
317070,Tapiraí,31062000,Companhia de Saneamento de Minas Gerais,COPASA,Regional,Sociedade de economia mista com administração pública,Água,1.869,932,"68,46","7,54","60,92","68,46",,,,1.402,0,1.076,0,267,0
317075,Taquaraçu de Minas,31062000,Companhia de Saneamento de Minas Gerais,COPASA,Regional,Sociedade de economia mista com administração pública,Água e Esgotos,4.120,1.885,"269,22","64,43","204,79","269,22",956,"48,42",0,5.610,1,5.576,2,305,0
317080,Tarumirim,31062000,Companhia de Saneamento de Minas Gerais,COPASA,Regional,Sociedade de economia mista com administração pública,Água,14.280,7.641,"599,56","424,04","175,52","599,56",,,,4.557,37,4.553,16,625,2
317090,Teixeiras,31062000,Companhia de Saneamento de Minas Gerais,COPASA,Regional,Sociedade de economia mista com administração pública,Água,11.680,7.625,"597,33","597,33",0,"597,33",,,,3.626,0,3.584,0,234,1
317100,Teófilo Otoni,31062000,Companhia de Saneamento de Minas Gerais,COPASA,Regional,Sociedade de economia mista com administração pública,Água e Esgotos,141.269,97.486,"8.153,01","8.022,74","130,27","8.153,01",87.184,"3.493,60","3.197,10",10.323,0,10.227,7,1.297,5
317107,Timóteo,31062000,Companhia de Saneamento de Minas Gerais,COPASA,Regional,Sociedade de economia mista com administração pública,Água e Esgotos,91.268,79.040,"7.247,28","3.623,64","3.623,64","7.247,28",79.142,"2.765,02","2.468,85",6.016,0,5.875,9,1.005,0
317110,Tiradentes,31062000,Companhia de Saneamento de Minas Gerais,COPASA,Regional,Sociedade de economia mista com administração pública,Água e Esgotos,8.160,5.207,"725,86","362,93","362,93","725,86",3.922,"275,63",0,9.635,0,9.629,5,170,0
317115,Tiros,31062000,Companhia de Saneamento de Minas Gerais,COPASA,Regional,Sociedade de economia mista com administração pública,Água,6.369,4.453,427,427,0,427,,,,4.417,1,4.417,0,135,0
317120,Tocantins,31690011,Prefeitura Municipal de Tocantins,PMT,Local,Administração pública direta,Água e Esgoto,16.769,16.769,"1.664,00","1.250,00",350,0,16.769,"1.036,00",0,4.481,123,4.481,47,384,9
317130,Tocos do Moji,31690511,Prefeitura Municipal de Tocos do Moji,PMTM,Local,Administração pública direta,Água,4.117,2.500,"121,02","104,69","16,33","104,69",,,,4.369,0,4.369,580,205,0
317140,Toledo,31062000,Companhia de Saneamento de Minas Gerais,COPASA,Regional,Sociedade de economia mista com administração pública,Água,6.336,2.368,"344,37","344,37",0,"344,37",,,,8.124,1,8.142,2,137,5
317160,Tombos,31692011,Serviço Autônomo de Água e Esgoto,SAAE,Local,Autarquia,Água e Esgoto,7.683,6.307,450,410,0,410,6.307,328,0,6.858,0,8.236,0,300,0
317180,Três Corações,31062000,Companhia de Saneamento de Minas Gerais,COPASA,Regional,Sociedade de economia mista com administração pública,Água e Esgotos,80.561,65.393,"5.785,39","5.785,39",0,"5.785,39",62.802,"2.718,00","877,96",6.668,1,6.559,2,904,1
317190,Três Marias,31062000,Companhia de Saneamento de Minas Gerais,COPASA,Regional,Sociedade de economia mista com administração pública,Água e Esgotos,33.062,27.863,"2.440,16","2.440,16",0,"2.440,16",21.320,"853,83","853,83",5.061,0,5.061,1,744,2
317200,Três Pontas,31694011,Serviço Autônomo de Água e Esgoto,SAAE,Local,Autarquia,Água e Esgoto,57.127,57.127,"4.945,81","4.877,15","68,66","4.925,21",56.899,"2.674,26","54,93",12.660,0,12.638,113,930,3
317210,Tumiritinga,31062000,Companhia de Saneamento de Minas Gerais,COPASA,Regional,Sociedade de economia mista com administração pública,Água,6.797,4.180,"339,39","339,39",0,"339,39",,,,4.496,0,4.496,2,187,0
317220,Tupaciguara,31696011,Departamento de Água e Esgoto,DAE,Local,Autarquia,Água e Esgoto,25.466,25.453,"3.399,59","2.147,21","1.252,38",0,25.453,"2.719,67",0,6.840,0,6.840,5,2.592,0
,Turmalina,31062000,Companhia de Saneamento de Minas Gerais,COPASA,Regional,Sociedade de economia mista com administração pública,Água e Esgotos,20.280,14.148,"736,29","736,29",0,"736,29",12.009,"376,98","376,98",4.018,2,4.015,5,453,0
,Turvolândia,31062000,Companhia de Saneamento de Minas Gerais,COPASA,Regional,Sociedade de economia mista com administração pública,Água,5.099,3.139,"278,33","278,33",0,"278,33",,,,4.434,0,4.426,0,131,0
,Ubá,31062000,Companhia de Saneamento de Minas Gerais,COPASA,Regional,Sociedade de economia mista com administração pública,Água e Esgotos,117.995,96.164,"7.361,24","5.520,93","1.840,31","7.361,24",86.333,"2.944,02",0,14.015,0,13.762,1,1.243,7
,Ubaí,31062000,Companhia de Saneamento de Minas Gerais,COPASA,Regional,Sociedade de economia mista com administração pública,Água,12.661,4.541,"294,58",0,"294,58","294,58",,,,648,0,636,0,136,0
,Ubaporanga,31062000,Companhia de Saneamento de Minas Gerais,COPASA,Regional,Sociedade de economia mista com administração pública,Água,12.514,5.712,"363,33","363,33",0,"363,33",,,,3.774,9,3.777,17,142,0
,Uberaba,31701011,"Companhia Operacional de Desenvolvimento, Saneamento e Ações Urbanas de Uberaba",CODAU,Local,Autarquia,Água e Esgoto,340.277,339.596,"37.993,05","35.321,15","2.671,90","37.993,04",335.172,"21.320,53","21.240,00",19.401,44,19.696,1,6.147,0
,Uberlândia,31702011,Departamento Municipal de Água e Esgoto,DMAE,Local,Autarquia,Água e Esgoto,706.597,706.597,"86.321,59","85.825,00","496,59","86.321,59",694.146,"52.441,78","52.441,78",24.826,111,24.843,48,4.996,3
,Umburatiba,31686000,Copasa Serviços de Saneamento Integrado do Norte e Nordeste de Minas Gerais S/A,COPANOR,Regional,Empresa pública,Água e Esgotos,2.582,2.104,"148,91","148,91",0,"148,91",1.740,"30,94","30,94",5.535,109,5.457,14,308,0
,Unaí,31704011,Serviço Municipal de Saneamento Básico,SAAE,Local,Autarquia,Água e Esgoto,85.461,71.754,"7.364,00","6.272,11","1.091,67","6.272,11",61.865,"4.007,29","2.934,65",10.448,32,7.691,304,4.153,32
,União de Minas,31062000,Companhia de Saneamento de Minas Gerais,COPASA,Regional,Sociedade de economia mista com administração pública,Água e Esgotos,4.265,2.221,"148,04",0,"148,04","148,04",2.260,"99,17","76,88",611,0,263,0,104,0
,Uruana de Minas,31704711,Prefeitura Municipal de Uruana de Minas,PMUM,Local,Administração pública direta,Água e Esgoto,3.256,2.500,300,300,0,0,2.500,120,120,3.720,15,3.720,52,12,0
,Urucânia,31062000,Companhia de Saneamento de Minas Gerais,COPASA,Regional,Sociedade de economia mista com administração pública,Água,10.333,7.442,"450,43","187,68","262,75","450,43",,,,5.378,2,5.378,3,244,0
,Urucuia,31062000,Companhia de Saneamento de Minas Gerais,COPASA,Regional,Sociedade de economia mista com administração pública,Água,17.470,6.765,"294,32","294,32",0,"294,32",,,,2.774,0,2.774,9,172,0
,Vargem Alegre,31062000,Companhia de Saneamento de Minas Gerais,COPASA,Regional,Sociedade de economia mista com administração pública,Água,6.460,4.543,"370,6","370,6",0,"370,6",,,,2.702,0,2.700,10,95,1
,Vargem Bonita,31062000,Companhia de Saneamento de Minas Gerais,COPASA,Regional,Sociedade de economia mista com administração pública,Água,2.143,1.166,"156,79",0,"156,79","156,79",,,,1.000,0,974,0,272,0
,Vargem Grande do Rio Pardo,31062000,Companhia de Saneamento de Minas Gerais,COPASA,Regional,Sociedade de economia mista com administração pública,Água,5.045,2.574,"126,24","126,24",0,"126,24",,,,2.684,0,2.684,0,133,0
,Varginha,31062000,Companhia de Saneamento de Minas Gerais,COPASA,Regional,Sociedade de economia mista com administração pública,Água e Esgotos,137.608,126.672,"11.371,78","6.823,07","4.548,71","11.371,78",124.749,"5.698,33","5.387,03",11.049,0,10.947,3,1.328,10
,Varjão de Minas,31062000,Companhia de Saneamento de Minas Gerais,COPASA,Regional,Sociedade de economia mista com administração pública,Água,7.235,5.762,"377,87","377,87",0,"377,87",,,,1.963,0,1.959,6,171,0
,Várzea da Palma,31062000,Companhia de Saneamento de Minas Gerais,COPASA,Regional,Sociedade de economia mista com administração pública,Água e Esgotos,40.101,31.287,"1.986,42","1.036,17","950,25","1.986,42",9.833,"345,38","345,38",8.019,1,8.190,9,748,4
,Varzelândia,31062000,Companhia de Saneamento de Minas Gerais,COPASA,Regional,Sociedade de economia mista com administração pública,Água e Esgotos,19.290,9.187,"566,93",0,"566,93","566,93",1.485,"57,05","57,05",1.635,0,1.575,0,528,0
,Vazante,31062000,Companhia de Saneamento de Minas Gerais,COPASA,Regional,Sociedade de economia mista com administração pública,Água e Esgotos,20.692,15.847,"1.384,44","1.342,52","41,92","1.384,44",14.213,"712,28","694,4",5.974,0,5.974,0,652,0
,Verdelândia,31062000,Companhia de Saneamento de Minas Gerais,COPASA,Regional,Sociedade de economia mista com administração pública,Água,9.527,5.010,"306,42","291,05","15,37","306,42",,,,6.945,15,6.886,0,428,0
,Veredinha,31686000,Copasa Serviços de Saneamento Integrado do Norte e Nordeste de Minas Gerais S/A,COPANOR,Regional,Empresa pública,Água e Esgotos,5.733,4.229,"171,56","171,56",0,"115,62",3.880,"123,65","123,65",5.019,3,5.019,21,471,2
,Veríssimo,31062000,Companhia de Saneamento de Minas Gerais,COPASA,Regional,Sociedade de economia mista com administração pública,Água,4.090,2.287,"220,45",0,"220,45","220,45",,,,866,0,334,0,138,0
,Vermelho Novo,31711511,Serviço Autônomo de Água e Esgoto,SAAE,Local,Autarquia,Água e Esgoto,4.852,1.914,194,194,0,187,1.911,"70,38",0,1.870,0,1.870,0,243,0
,Vespasiano,31062000,Companhia de Saneamento de Minas Gerais,COPASA,Regional,Sociedade de economia mista com administração pública,Água e Esgotos,131.849,111.164,"11.231,44","6.738,86","4.492,58","11.231,44",105.230,"3.571,39","3.454,93",6.899,12,6.885,8,1.204,23
,Viçosa,31713011,Serviço Autônomo de Água e Esgoto,SAAE,Local,Autarquia,Água e Esgoto,79.910,76.713,"6.570,28","5.849,43","395,25","5.849,43",66.325,"2.850,00","20,2",10.685,136,10.731,15,3.758,29
,Vieiras,31062000,Companhia de Saneamento de Minas Gerais,COPASA,Regional,Sociedade de economia mista com administração pública,Água,3.570,1.817,"166,83","73,74","93,09","166,83",,,,3.157,0,3.172,4,259,10
,Virgem da Lapa,31062000,Companhia de Saneamento de Minas Gerais,COPASA,Regional,Sociedade de economia mista com administração pública,Água,13.729,7.053,"467,53","467,53",0,"467,53",,,,2.943,0,2.944,2,186,0
,Virginópolis,31062000,Companhia de Saneamento de Minas Gerais,COPASA,Regional,Sociedade de economia mista com administração pública,Água,10.459,6.338,"392,04","354,34","37,7","392,04",,,,4.042,0,3.992,0,287,0
,Virgolândia,31062000,Companhia de Saneamento de Minas Gerais,COPASA,Regional,Sociedade de economia mista com administração pública,Água,5.303,3.375,"202,79","202,79",0,"202,79",,,,2.920,1,2.884,0,247,0
,Visconde do Rio Branco,31062000,Companhia de Saneamento de Minas Gerais,COPASA,Regional,Sociedade de economia mista com administração pública,Água e Esgotos,43.351,32.716,"2.567,85","2.567,85",0,"2.567,85",30.289,"1.204,14",0,5.872,0,5.713,10,715,6
,Volta Grande,31062000,Companhia de Saneamento de Minas Gerais,COPASA,Regional,Sociedade de economia mista com administração pública,Água,5.270,3.318,"279,04","279,04",0,"279,04",,,,3.898,2,3.902,292,133,1
,Wenceslau Braz,31062000,Companhia de Saneamento de Minas Gerais,COPASA,Regional,Sociedade de economia mista com administração pública,Água,2.543,1.123,"69,96","69,96",0,"69,96",,,,1.434,0,1.436,0,106,0