31062000,Companhia de Saneamento de Minas Gerais,COPASA,Regional,Sociedade de economia mista com administração pública,Água
31062000,Companhia de Saneamento de Minas Gerais,COPASA,Regional,Sociedade de economia mista com administração pública,Água e Esgotos
31003011,Serviço Autônomo de Água e Esgoto,SAAE,Local,Autarquia,Água e Esgoto
31004011,Prefeitura Municipal de Acaiaca,PMA,Local,Administração pública direta,Água e Esgoto
31062000,Companhia de Saneamento de Minas Gerais,COPASA,Regional,Sociedade de economia mista com administração pública,Água
31005011,Prefeitura Municipal de Açucena,PMA,Local,Administração pública direta,Esgoto
31062000,Companhia de Saneamento de Minas Gerais,COPASA,Regional,Sociedade de economia mista com administração pública,Água
31686000,Copasa Serviços de Saneamento Integrado do Norte e Nordeste de Minas Gerais S/A,COPANOR,Regional,Empresa pública,Água
31062000,Companhia de Saneamento de Minas Gerais,COPASA,Regional,Sociedade de economia mista com administração pública,Água
31007011,Prefeitura Municipal de Água Comprida,PMAC,Local,Administração pública direta,Esgoto
31008011,Prefeitura Municipal de Águanil,PMA,Local,Administração pública direta,Água e Esgoto
31062000,Companhia de Saneamento de Minas Gerais,COPASA,Regional,Sociedade de economia mista com administração pública,Água
31686000,Copasa Serviços de Saneamento Integrado do Norte e Nordeste de Minas Gerais S/A,COPANOR,Regional,Empresa pública,Água e Esgotos
31062000,Companhia de Saneamento de Minas Gerais,COPASA,Regional,Sociedade de economia mista com administração pública,Água e Esgotos
31011011,Serviço Autônomo de Água e Esgoto,SAAE,Local,Autarquia,Água e Esgoto
31012011,Prefeitura Municipal de Aiuruoca,PMA,Local,Administração pública direta,Água e Esgoto
31062000,Companhia de Saneamento de Minas Gerais,COPASA,Regional,Sociedade de economia mista com administração pública,Água e Esgotos
31062000,Companhia de Saneamento de Minas Gerais,COPASA,Regional,Sociedade de economia mista com administração pública,Água e Esgotos
31062000,Companhia de Saneamento de Minas Gerais,COPASA,Regional,Sociedade de economia mista com administração pública,Água
31016311,Prefeitura Municipal de Alfredo Vasconcelos,PMAV,Local,Administração pública direta,Esgoto
31062000,Companhia de Saneamento de Minas Gerais,COPASA,Regional,Sociedade de economia mista com administração pública,Água e Esgotos
31686000,Copasa Serviços de Saneamento Integrado do Norte e Nordeste de Minas Gerais S/A,COPANOR,Regional,Empresa pública,Água
31062000,Companhia de Saneamento de Minas Gerais,COPASA,Regional,Sociedade de economia mista com administração pública,Água
31018011,Prefeitura Municipal de Alpercata,PMA,Local,Administração pública direta,Esgoto
31062000,Companhia de Saneamento de Minas Gerais,COPASA,Regional,Sociedade de economia mista com administração pública,Água e Esgotos
31062000,Companhia de Saneamento de Minas Gerais,COPASA,Regional,Sociedade de economia mista com administração pública,Água
31020011,Prefeitura Municipal de Alterosa,PMA,Local,Administração pública direta,Esgoto
31020511,Prefeitura Municipal de Alto Caparaó,PMAC,Local,Administração pública direta,Água e Esgoto
31062000,Companhia de Saneamento de Minas Gerais,COPASA,Regional,Sociedade de economia mista com administração pública,Água
31535011,Prefeitura Municipal de Alto Jequitibá,PMAJ,Local,Administração pública direta,Esgoto
31062000,Companhia de Saneamento de Minas Gerais,COPASA,Regional,Sociedade de economia mista com administração pública,Água
31021011,Prefeitura Municipal de Alto Rio Doce,PMARD,Local,Administração pública direta,Esgoto
31062000,Companhia de Saneamento de Minas Gerais,COPASA,Regional,Sociedade de economia mista com administração pública,Água
31022011,Prefeitura Municipal de Alvarenga,PMA,Local,Administração pública direta,Esgoto
31062000,Companhia de Saneamento de Minas Gerais,COPASA,Regional,Sociedade de economia mista com administração pública,Água
31023011,Prefeitura Municipal de Alvinópolis,PMA,Local,Administração pública direta,Esgoto
31062000,Companhia de Saneamento de Minas Gerais,COPASA,Regional,Sociedade de economia mista com administração pública,Água
31024011,Prefeitura Municipal de Alvorada de Minas,PMAM,Local,Administração pública direta,Esgoto
31062000,Companhia de Saneamento de Minas Gerais,COPASA,Regional,Sociedade de economia mista com administração pública,Água
31062000,Companhia de Saneamento de Minas Gerais,COPASA,Regional,Sociedade de economia mista com administração pública,Água
31026011,Prefeitura Municipal de Andradas,PMA,Local,Administração pública direta,Esgoto
31062000,Companhia de Saneamento de Minas Gerais,COPASA,Regional,Sociedade de economia mista com administração pública,Água
31028011,Prefeitura Municipal de Andrelândia,PMA,Local,Administração pública direta,Esgoto
31686000,Copasa Serviços de Saneamento Integrado do Norte e Nordeste de Minas Gerais S/A,COPANOR,Regional,Empresa pública,Água e Esgotos
31062000,Companhia de Saneamento de Minas Gerais,COPASA,Regional,Sociedade de economia mista com administração pública,Água
31029011,Prefeitura Municipal de Antonio Carlos,PMAC,Local,Administração pública direta,Esgoto
31062000,Companhia de Saneamento de Minas Gerais,COPASA,Regional,Sociedade de economia mista com administração pública,Água
31062000,Companhia de Saneamento de Minas Gerais,COPASA,Regional,Sociedade de economia mista com administração pública,Água
31062000,Companhia de Saneamento de Minas Gerais,COPASA,Regional,Sociedade de economia mista com administração pública,Água
31062000,Companhia de Saneamento de Minas Gerais,COPASA,Regional,Sociedade de economia mista com administração pública,Água
31033011,Prefeitura Municipal de Aracitaba,PMA,Local,Administração pública direta,Esgoto
31062000,Companhia de Saneamento de Minas Gerais,COPASA,Regional,Sociedade de economia mista com administração pública,Água e Esgotos
31686000,Copasa Serviços de Saneamento Integrado do Norte e Nordeste de Minas Gerais S/A,COPANOR,Regional,Empresa pública,Água e Esgotos
31035011,Superintendência de Água e Esgoto,SAE,Local,Autarquia,Água e Esgoto
31062000,Companhia de Saneamento de Minas Gerais,COPASA,Regional,Sociedade de economia mista com administração pública,Água
31036011,Prefeitura Municipal de Arantina,PMA,Local,Administração pública direta,Esgoto
31062000,Companhia de Saneamento de Minas Gerais,COPASA,Regional,Sociedade de economia mista com administração pública,Água
31037011,Prefeitura Municipal de Araponga,PMA,Local,Administração pública direta,Esgoto
31037511,Prefeitura Municipal de Araporã,PMA,Local,Administração pública direta,Água e Esgoto
31038012,Sistema Autônomo de Água e Esgoto,SAAE,Local,Autarquia,Água e Esgoto
31039011,Sanarj Concessionária de Saneamento Básico Ltda,SANARJ,Local,Empresa privada,Água e Esgoto
31062000,Companhia de Saneamento de Minas Gerais,COPASA,Regional,Sociedade de economia mista com administração pública,Água e Esgotos
31062000,Companhia de Saneamento de Minas Gerais,COPASA,Regional,Sociedade de economia mista com administração pública,Água e Esgotos
31062000,Companhia de Saneamento de Minas Gerais,COPASA,Regional,Sociedade de economia mista com administração pública,Água
31042011,Prefeitura Municipal de Arcos,PMA,Local,Administração pública direta,Esgoto
31062000,Companhia de Saneamento de Minas Gerais,COPASA,Regional,Sociedade de economia mista com administração pública,Água
31044011,Prefeitura Municipal de Argirita,PMA,Local,Administração pública direta,Água e Esgoto
31686000,Copasa Serviços de Saneamento Integrado do Norte e Nordeste de Minas Gerais S/A,COPANOR,Regional,Empresa pública,Água e Esgotos
31062000,Companhia de Saneamento de Minas Gerais,COPASA,Regional,Sociedade de economia mista com administração pública,Água
31045011,Prefeitura Municipal de Arinos,PMA,Local,Administração pública direta,Esgoto
31062000,Companhia de Saneamento de Minas Gerais,COPASA,Regional,Sociedade de economia mista com administração pública,Água
31046011,Prefeitura Municipal de Astolfo Dutra,PMAD,Local,Administração pública direta,Esgoto
31062000,Companhia de Saneamento de Minas Gerais,COPASA,Regional,Sociedade de economia mista com administração pública,Água e Esgotos
31686000,Copasa Serviços de Saneamento Integrado do Norte e Nordeste de Minas Gerais S/A,COPANOR,Regional,Empresa pública,Água
31062000,Companhia de Saneamento de Minas Gerais,COPASA,Regional,Sociedade de economia mista com administração pública,Água
31048011,Prefeitura Municipal de Augusto de Lima,PMAL,Local,Administração pública direta,Esgoto
31062000,Companhia de Saneamento de Minas Gerais,COPASA,Regional,Sociedade de economia mista com administração pública,Água
31049011,Prefeitura Municipal de Baependi,PMB,Local,Administração pública direta,Esgoto
31062000,Companhia de Saneamento de Minas Gerais,COPASA,Regional,Sociedade de economia mista com administração pública,Água
31050011,Prefeitura Municipal de Baldim,PMB,Local,Administração pública direta,Esgoto
31062000,Companhia de Saneamento de Minas Gerais,COPASA,Regional,Sociedade de economia mista com administração pública,Água
31051011,Prefeitura Municipal de Bambuí,PMB,Local,Administração pública direta,Esgoto
31686000,Copasa Serviços de Saneamento Integrado do Norte e Nordeste de Minas Gerais S/A,COPANOR,Regional,Empresa pública,Água e Esgotos
31053011,"Serviço de Água, Esgoto e Limpeza Pública",SAELP,Local,Autarquia,Água e Esgoto
31062000,Companhia de Saneamento de Minas Gerais,COPASA,Regional,Sociedade de economia mista com administração pública,Água
31054011,Prefeitura Municipal de Barão de Cocais,PMBC,Local,Administração pública direta,Esgoto
31062000,Companhia de Saneamento de Minas Gerais,COPASA,Regional,Sociedade de economia mista com administração pública,Água
31062000,Companhia de Saneamento de Minas Gerais,COPASA,Regional,Sociedade de economia mista com administração pública,Água e Esgotos
31056011,Serviço de Água e Saneamento,SAS,Local,Autarquia,Água e Esgoto
31062000,Companhia de Saneamento de Minas Gerais,COPASA,Regional,Sociedade de economia mista com administração pública,Água
31062000,Companhia de Saneamento de Minas Gerais,COPASA,Regional,Sociedade de economia mista com administração pública,Água
31059011,Prefeitura Municipal de Barroso,PMB,Local,Administração pública direta,Esgoto
31062000,Companhia de Saneamento de Minas Gerais,COPASA,Regional,Sociedade de economia mista com administração pública,Água
31060011,Prefeitura Municipal de Bela Vista de Minas,PMBVM,Local,Administração pública direta,Esgoto
31062000,Companhia de Saneamento de Minas Gerais,COPASA,Regional,Sociedade de economia mista com administração pública,Água
31061011,Prefeitura Municipal de Belmiro Braga,PMBM,Local,Administração pública direta,Esgoto
31062000,Companhia de Saneamento de Minas Gerais,COPASA,Regional,Sociedade de economia mista com administração pública,Água e Esgotos
31062000,Companhia de Saneamento de Minas Gerais,COPASA,Regional,Sociedade de economia mista com administração pública,Água
31063011,Prefeitura Municipal de Belo Oriente,PMBO,Local,Administração pública direta,Esgoto
31062000,Companhia de Saneamento de Minas Gerais,COPASA,Regional,Sociedade de economia mista com administração pública,Água
31064011,Prefeitura Municipal de Belo Vale,PMBV,Local,Administração pública direta,Esgoto
31686000,Copasa Serviços de Saneamento Integrado do Norte e Nordeste de Minas Gerais S/A,COPANOR,Regional,Empresa pública,Água e Esgotos
31062000,Companhia de Saneamento de Minas Gerais,COPASA,Regional,Sociedade de economia mista com administração pública,Água
31686000,Copasa Serviços de Saneamento Integrado do Norte e Nordeste de Minas Gerais S/A,COPANOR,Regional,Empresa pública,Água e Esgotos
31062000,Companhia de Saneamento de Minas Gerais,COPASA,Regional,Sociedade de economia mista com administração pública,Água e Esgotos
31068011,Prefeitura Municipal de Bias Fortes,PMBF,Local,Administração pública direta,Água e Esgoto
31062000,Companhia de Saneamento de Minas Gerais,COPASA,Regional,Sociedade de economia mista com administração pública,Água
31062000,Companhia de Saneamento de Minas Gerais,COPASA,Regional,Sociedade de economia mista com administração pública,Água
31071011,Serviço Autônomo de Água e Esgoto,SAAE,Local,Autarquia,Água e Esgoto
31072011,Prefeitura Municipal de Bocaina de Minas,PMBM,Local,Administração pública direta,Água e Esgoto
31073011,Serviço Autônomo de Água e Esgoto,SAAE,Local,Autarquia,Água e Esgoto
31062000,Companhia de Saneamento de Minas Gerais,COPASA,Regional,Sociedade de economia mista com administração pública,Água e Esgotos
31062000,Companhia de Saneamento de Minas Gerais,COPASA,Regional,Sociedade de economia mista com administração pública,Água
31062000,Companhia de Saneamento de Minas Gerais,COPASA,Regional,Sociedade de economia mista com administração pública,Água
31076011,Prefeitura Municipal de Bom Jesus da Penha,PMBJP,Local,Administração pública direta,Esgoto
31062000,Companhia de Saneamento de Minas Gerais,COPASA,Regional,Sociedade de economia mista com administração pública,Água
31077011,Prefeitura Municipal de Bom Jesus do Amparo,PMB,Local,Administração pública direta,Esgoto
31062000,Companhia de Saneamento de Minas Gerais,COPASA,Regional,Sociedade de economia mista com administração pública,Água
31062000,Companhia de Saneamento de Minas Gerais,COPASA,Regional,Sociedade de economia mista com administração pública,Água e Esgotos
31080011,Águas de Bom Sucesso Ltda,ABS,Local,Empresa privada,Água e Esgoto
31062000,Companhia de Saneamento de Minas Gerais,COPASA,Regional,Sociedade de economia mista com administração pública,Água e Esgotos
31062000,Companhia de Saneamento de Minas Gerais,COPASA,Regional,Sociedade de economia mista com administração pública,Água
31082011,Prefeitura Municipal de Bonfinópolis de Minas,PMBM,Local,Administração pública direta,Esgoto
31062000,Companhia de Saneamento de Minas Gerais,COPASA,Regional,Sociedade de economia mista com administração pública,Água
31062000,Companhia de Saneamento de Minas Gerais,COPASA,Regional,Sociedade de economia mista com administração pública,Água e Esgotos
31062000,Companhia de Saneamento de Minas Gerais,COPASA,Regional,Sociedade de economia mista com administração pública,Água e Esgotos
31686000,Copasa Serviços de Saneamento Integrado do Norte e Nordeste de Minas Gerais S/A,COPANOR,Regional,Empresa pública,Água e Esgotos
31087011,Prefeitura Municipal de Brás Pires,PMBP,Local,Administração pública direta,Água
31062000,Companhia de Saneamento de Minas Gerais,COPASA,Regional,Sociedade de economia mista com administração pública,Água e Esgotos
31062000,Companhia de Saneamento de Minas Gerais,COPASA,Regional,Sociedade de economia mista com administração pública,Água e Esgotos
31062000,Companhia de Saneamento de Minas Gerais,COPASA,Regional,Sociedade de economia mista com administração pública,Água
31062000,Companhia de Saneamento de Minas Gerais,COPASA,Regional,Sociedade de economia mista com administração pública,Água
31089011,Prefeitura Municipal de Brasópolis,PMB,Local,Administração pública direta,Esgoto
31062000,Companhia de Saneamento de Minas Gerais,COPASA,Regional,Sociedade de economia mista com administração pública,Água e Esgotos
31062000,Companhia de Saneamento de Minas Gerais,COPASA,Regional,Sociedade de economia mista com administração pública,Água e Esgotos
31062000,Companhia de Saneamento de Minas Gerais,COPASA,Regional,Sociedade de economia mista com administração pública,Água e Esgotos
31062000,Companhia de Saneamento de Minas Gerais,COPASA,Regional,Sociedade de economia mista com administração pública,Água
31092511,Prefeitura Municipal de Bugre,PMB,Local,Administração pública direta,Esgoto
31062000,Companhia de Saneamento de Minas Gerais,COPASA,Regional,Sociedade de economia mista com administração pública,Água e Esgotos
31094011,Serviço Autônomo de Água e Esgoto,SAAE,Local,Autarquia,Água
31094511,Serviço Autônomo de Saneamento de Cabeceira Grande,SANECAB,Local,Autarquia,Água
31062000,Companhia de Saneamento de Minas Gerais,COPASA,Regional,Sociedade de economia mista com administração pública,Água e Esgotos
31096011,Prefeitura Municipal de Cachoeira da Prata,PMCP,Local,Administração pública direta,Água e Esgoto
31062000,Companhia de Saneamento de Minas Gerais,COPASA,Regional,Sociedade de economia mista com administração pública,Água
31097011,Prefeitura Municipal de Cachoeira de Minas,PMCM,Local,Administração pública direta,Esgoto
31686000,Copasa Serviços de Saneamento Integrado do Norte e Nordeste de Minas Gerais S/A,COPANOR,Regional,Empresa pública,Água
31098011,Prefeitura Municipal de Cachoeira Dourada,PMCD,Local,Administração pública direta,Água e Esgoto
31062000,Companhia de Saneamento de Minas Gerais,COPASA,Regional,Sociedade de economia mista com administração pública,Água
31099011,Prefeitura Municipal de Caetanópolis,PMC,Local,Administração pública direta,Esgoto
31100011,Serviço Autônomo de Água e Esgoto,SAAE,Local,Autarquia,Água e Esgoto
31062000,Companhia de Saneamento de Minas Gerais,COPASA,Regional,Sociedade de economia mista com administração pública,Água
31101011,Prefeitura Municipal de Caiana,PMC,Local,Administração pública direta,Esgoto
31062000,Companhia de Saneamento de Minas Gerais,COPASA,Regional,Sociedade de economia mista com administração pública,Água
31102011,Prefeitura Municipal de Cajuri,PMC,Local,Administração pública direta,Esgoto
31062000,Companhia de Saneamento de Minas Gerais,COPASA,Regional,Sociedade de economia mista com administração pública,Água e Esgotos
31062000,Companhia de Saneamento de Minas Gerais,COPASA,Regional,Sociedade de economia mista com administração pública,Água
31062000,Companhia de Saneamento de Minas Gerais,COPASA,Regional,Sociedade de economia mista com administração pública,Água e Esgotos
31106011,Serviço Autônomo de Água e Esgoto,SAAE,Local,Autarquia,Água e Esgoto
31062000,Companhia de Saneamento de Minas Gerais,COPASA,Regional,Sociedade de economia mista com administração pública,Água e Esgotos
31062000,Companhia de Saneamento de Minas Gerais,COPASA,Regional,Sociedade de economia mista com administração pública,Água
31062000,Companhia de Saneamento de Minas Gerais,COPASA,Regional,Sociedade de economia mista com administração pública,Água e Esgotos
31062000,Companhia de Saneamento de Minas Gerais,COPASA,Regional,Sociedade de economia mista com administração pública,Água
31110011,Prefeitura Municipal de Campestre,PMC,Local,Administração pública direta,Esgoto
31062000,Companhia de Saneamento de Minas Gerais,COPASA,Regional,Sociedade de economia mista com administração pública,Água e Esgotos
31062000,Companhia de Saneamento de Minas Gerais,COPASA,Regional,Sociedade de economia mista com administração pública,Água
31111511,Prefeitura Municipal de Campo Azul,PMCA,Local,Administração pública direta,Esgoto
31112011,Departamento Municipal de Água e Esgoto,DEMAE,Local,Autarquia,Água e Esgoto
31113011,Serviço Autônomo de Água e Esgoto,SAAE,Local,Autarquia,Água e Esgoto
31062000,Companhia de Saneamento de Minas Gerais,COPASA,Regional,Sociedade de economia mista com administração pública,Água e Esgotos
31062000,Companhia de Saneamento de Minas Gerais,COPASA,Regional,Sociedade de economia mista com administração pública,Água
31115011,Prefeitura Municipal de Campos Altos,PMCA,Local,Administração pública direta,Esgoto
31062000,Companhia de Saneamento de Minas Gerais,COPASA,Regional,Sociedade de economia mista com administração pública,Água
31116011,Prefeitura Municipal de Campos Gerais,PMCG,Local,Administração pública direta,Esgoto
31062000,Companhia de Saneamento de Minas Gerais,COPASA,Regional,Sociedade de economia mista com administração pública,Água
31119011,Prefeitura Municipal de Cana Verde,PMCV,Local,Administração pública direta,Esgoto
31062000,Companhia de Saneamento de Minas Gerais,COPASA,Regional,Sociedade de economia mista com administração pública,Água
31117011,Prefeitura Municipal de Canaã,PMC,Local,Administração pública direta,Esgoto
31062000,Companhia de Saneamento de Minas Gerais,COPASA,Regional,Sociedade de economia mista com administração pública,Água
31118011,Prefeitura Municipal de Canápolis,PMC,Local,Administração pública direta,Esgoto
31062000,Companhia de Saneamento de Minas Gerais,COPASA,Regional,Sociedade de economia mista com administração pública,Água
31062000,Companhia de Saneamento de Minas Gerais,COPASA,Regional,Sociedade de economia mista com administração pública,Água
31062000,Companhia de Saneamento de Minas Gerais,COPASA,Regional,Sociedade de economia mista com administração pública,Água
31121011,Prefeitura Municipal de Caparaó,PMC,Local,Administração pública direta,Esgoto
31062000,Companhia de Saneamento de Minas Gerais,COPASA,Regional,Sociedade de economia mista com administração pública,Água
31122011,Prefeitura Municipal de Capela Nova,PMCN,Local,Administração pública direta,Esgoto
31062000,Companhia de Saneamento de Minas Gerais,COPASA,Regional,Sociedade de economia mista com administração pública,Água e Esgotos
31686000,Copasa Serviços de Saneamento Integrado do Norte e Nordeste de Minas Gerais S/A,COPANOR,Regional,Empresa pública,Água e Esgotos
31062000,Companhia de Saneamento de Minas Gerais,COPASA,Regional,Sociedade de economia mista com administração pública,Água e Esgotos
31124011,Prefeitura Municipal de Capetinga,PMC,Local,Administração pública direta,Esgoto
31062000,Companhia de Saneamento de Minas Gerais,COPASA,Regional,Sociedade de economia mista com administração pública,Água e Esgotos
31062000,Companhia de Saneamento de Minas Gerais,COPASA,Regional,Sociedade de economia mista com administração pública,Água
31126011,Prefeitura Municipal de Capinópolis,PMC,Local,Administração pública direta,Esgoto
31126511,Prefeitura Municipal de Capitão Andrade,PMCA,Local,Administração pública direta,Água e Esgoto
31062000,Companhia de Saneamento de Minas Gerais,COPASA,Regional,Sociedade de economia mista com administração pública,Água e Esgotos
31062000,Companhia de Saneamento de Minas Gerais,COPASA,Regional,Sociedade de economia mista com administração pública,Água
31128011,Prefeitura Municipal de Capitólio,PMC,Local,Administração pública direta,Esgoto
31062000,Companhia de Saneamento de Minas Gerais,COPASA,Regional,Sociedade de economia mista com administração pública,Água
31129011,Prefeitura Municipal de Caputira,PMC,Local,Administração pública direta,Esgoto
31686000,Copasa Serviços de Saneamento Integrado do Norte e Nordeste de Minas Gerais S/A,COPANOR,Regional,Empresa pública,Água e Esgotos
31131011,Prefeitura Municipal de Caranaíba,PMC,Local,Administração pública direta,Água e Esgoto
31062000,Companhia de Saneamento de Minas Gerais,COPASA,Regional,Sociedade de economia mista com administração pública,Água
31132011,Prefeitura Municipal de Carandaí,PMC,Local,Administração pública direta,Esgoto
31133011,Serviço Municipal de Saneamento Básico e Infraestrutura,SEMASA,Local,Autarquia,Água e Esgoto
31062000,Companhia de Saneamento de Minas Gerais,COPASA,Regional,Sociedade de economia mista com administração pública,Água e Esgotos
31062000,Companhia de Saneamento de Minas Gerais,COPASA,Regional,Sociedade de economia mista com administração pública,Água e Esgotos
31686000,Copasa Serviços de Saneamento Integrado do Norte e Nordeste de Minas Gerais S/A,COPANOR,Regional,Empresa pública,Água e Esgotos
31062000,Companhia de Saneamento de Minas Gerais,COPASA,Regional,Sociedade de economia mista com administração pública,Água
31136011,Prefeitura Municipal de Careaçu,PMC,Local,Administração pública direta,Esgoto
31062000,Companhia de Saneamento de Minas Gerais,COPASA,Regional,Sociedade de economia mista com administração pública,Água e Esgotos
31686000,Copasa Serviços de Saneamento Integrado do Norte e Nordeste de Minas Gerais S/A,COPANOR,Regional,Empresa pública,Água e Esgotos
31138011,Prefeitura Municipal de Carmésia,PMC,Local,Administração pública direta,Água e Esgoto
31062000,Companhia de Saneamento de Minas Gerais,COPASA,Regional,Sociedade de economia mista com administração pública,Água e Esgotos
31140011,Serviço Autônomo de Água e Esgoto,SAAE,Local,Autarquia,Água e Esgoto
31141011,Serviço Autônomo de Água e Esgoto,SAAE,Local,Autarquia,Água e Esgoto
31142011,Serviço Autarquico de Água e Esgoto,SAAE,Local,Autarquia,Água e Esgoto
31062000,Companhia de Saneamento de Minas Gerais,COPASA,Regional,Sociedade de economia mista com administração pública,Água e Esgotos
31062000,Companhia de Saneamento de Minas Gerais,COPASA,Regional,Sociedade de economia mista com administração pública,Água e Esgotos
31145011,Serviço de Saneamento Ambiental Municipal,SESAM,Local,Autarquia,Água e Esgoto
31062000,Companhia de Saneamento de Minas Gerais,COPASA,Regional,Sociedade de economia mista com administração pública,Água e Esgotos
31146011,Prefeitura Municipal de Carrancas,PMC,Local,Administração pública direta,Água
31062000,Companhia de Saneamento de Minas Gerais,COPASA,Regional,Sociedade de economia mista com administração pública,Água
31147011,Prefeitura Municipal de Carvalhópolis,PMC,Local,Administração pública direta,Esgoto
31062000,Companhia de Saneamento de Minas Gerais,COPASA,Regional,Sociedade de economia mista com administração pública,Água e Esgotos
31149011,Prefeitura Municipal de Casa Grande,PMCG,Local,Administração pública direta,Água
31062000,Companhia de Saneamento de Minas Gerais,COPASA,Regional,Sociedade de economia mista com administração pública,Água
31150011,Prefeitura Municipal de Cascalho Rico,PMCR,Local,Administração pública direta,Esgoto
31062000,Companhia de Saneamento de Minas Gerais,COPASA,Regional,Sociedade de economia mista com administração pública,Água
31151011,Prefeitura Municipal de Cássia,PMC,Local,Administração pública direta,Esgoto
31062000,Companhia de Saneamento de Minas Gerais,COPASA,Regional,Sociedade de economia mista com administração pública,Água e Esgotos
31153511,Prefeitura Municipal de Catas Altas,PMCA,Local,Administração pública direta,Água e Esgoto
31154011,Prefeitura Municipal de Catas Altas da Noruega,PMCAN,Local,Administração pública direta,Água
31686000,Copasa Serviços de Saneamento Integrado do Norte e Nordeste de Minas Gerais S/A,COPANOR,Regional,Empresa pública,Água e Esgotos
31062000,Companhia de Saneamento de Minas Gerais,COPASA,Regional,Sociedade de economia mista com administração pública,Água e Esgotos
31062000,Companhia de Saneamento de Minas Gerais,COPASA,Regional,Sociedade de economia mista com administração pública,Água e Esgotos
31062000,Companhia de Saneamento de Minas Gerais,COPASA,Regional,Sociedade de economia mista com administração pública,Água
31156011,Prefeitura Municipal de Cedro do Abaeté,PMCA,Local,Administração pública direta,Esgoto
31157011,Serviço Autônomo de Água e Esgoto,SAAE,Local,Autarquia,Água e Esgoto
31062000,Companhia de Saneamento de Minas Gerais,COPASA,Regional,Sociedade de economia mista com administração pública,Água e Esgotos
31062000,Companhia de Saneamento de Minas Gerais,COPASA,Regional,Sociedade de economia mista com administração pública,Água
31159011,Prefeitura Municipal de Chácara,PMC,Local,Administração pública direta,Esgoto
31160011,Prefeitura Municipal de Chalé,PMC,Local,Administração pública direta,Água e Esgoto
31686000,Copasa Serviços de Saneamento Integrado do Norte e Nordeste de Minas Gerais S/A,COPANOR,Regional,Empresa pública,Água e Esgotos
31062000,Companhia de Saneamento de Minas Gerais,COPASA,Regional,Sociedade de economia mista com administração pública,Água
31062000,Companhia de Saneamento de Minas Gerais,COPASA,Regional,Sociedade de economia mista com administração pública,Água
31163011,Prefeitura Municipal de Cipotânea,PMC,Local,Administração pública direta,Esgoto
31164011,Prefeitura Municipal de Claraval,PMC,Local,Administração pública direta,Água e Esgoto
31062000,Companhia de Saneamento de Minas Gerais,COPASA,Regional,Sociedade de economia mista com administração pública,Água e Esgotos
31062000,Companhia de Saneamento de Minas Gerais,COPASA,Regional,Sociedade de economia mista com administração pública,Água e Esgotos
31062000,Companhia de Saneamento de Minas Gerais,COPASA,Regional,Sociedade de economia mista com administração pública,Água
31062000,Companhia de Saneamento de Minas Gerais,COPASA,Regional,Sociedade de economia mista com administração pública,Água
31062000,Companhia de Saneamento de Minas Gerais,COPASA,Regional,Sociedade de economia mista com administração pública,Água
31169011,Prefeitura Municipal de Comendador Gomes,PMCG,Local,Administração pública direta,Esgoto
31686000,Copasa Serviços de Saneamento Integrado do Norte e Nordeste de Minas Gerais S/A,COPANOR,Regional,Empresa pública,Água e Esgotos
31062000,Companhia de Saneamento de Minas Gerais,COPASA,Regional,Sociedade de economia mista com administração pública,Água
31171011,Prefeitura Municipal de Conceição da Aparecida,PMCA,Local,Administração pública direta,Esgoto
31062000,Companhia de Saneamento de Minas Gerais,COPASA,Regional,Sociedade de economia mista com administração pública,Água e Esgotos
31173011,Prefeitura Municipal de Conceição das Alagoas,PMCA,Local,Administração pública direta,Água e Esgoto
31172011,Prefeitura Municipal de Conceição das Pedras,PMCP,Local,Administração pública direta,Água e Esgoto
31174011,Prefeitura Municipal de Conceição de Ipanema,PMCI,Local,Administração pública direta,Água e Esgoto
31062000,Companhia de Saneamento de Minas Gerais,COPASA,Regional,Sociedade de economia mista com administração pública,Água e Esgotos
31062000,Companhia de Saneamento de Minas Gerais,COPASA,Regional,Sociedade de economia mista com administração pública,Água e Esgotos
31062000,Companhia de Saneamento de Minas Gerais,COPASA,Regional,Sociedade de economia mista com administração pública,Água
31062000,Companhia de Saneamento de Minas Gerais,COPASA,Regional,Sociedade de economia mista com administração pública,Água
31178011,Prefeitura Municipal de Conceição dos Ouros,PMCO,Local,Administração pública direta,Esgoto
31062000,Companhia de Saneamento de Minas Gerais,COPASA,Regional,Sociedade de economia mista com administração pública,Água
31062000,Companhia de Saneamento de Minas Gerais,COPASA,Regional,Sociedade de economia mista com administração pública,Água e Esgotos
31062000,Companhia de Saneamento de Minas Gerais,COPASA,Regional,Sociedade de economia mista com administração pública,Água e Esgotos
31062000,Companhia de Saneamento de Minas Gerais,COPASA,Regional,Sociedade de economia mista com administração pública,Água e Esgotos
31062000,Companhia de Saneamento de Minas Gerais,COPASA,Regional,Sociedade de economia mista com administração pública,Água e Esgotos
31062000,Companhia de Saneamento de Minas Gerais,COPASA,Regional,Sociedade de economia mista com administração pública,Água e Esgotos
31184011,Serviço Autônomo de Água e Esgoto,SAAE,Local,Autarquia,Água e Esgoto
31185011,Prefeitura Municipal de Consolação,PMC,Local,Administração pública direta,Água e Esgoto
31062000,Companhia de Saneamento de Minas Gerais,COPASA,Regional,Sociedade de economia mista com administração pública,Água e Esgotos
31187011,Serviço Autônomo de Água e Esgoto,SAAE,Local,Autarquia,Água e Esgoto
31062000,Companhia de Saneamento de Minas Gerais,COPASA,Regional,Sociedade de economia mista com administração pública,Água e Esgotos
31062000,Companhia de Saneamento de Minas Gerais,COPASA,Regional,Sociedade de economia mista com administração pública,Água e Esgotos
31062000,Companhia de Saneamento de Minas Gerais,COPASA,Regional,Sociedade de economia mista com administração pública,Água
31190011,Prefeitura Municipal de Cordislândia,PMC,Local,Administração pública direta,Esgoto
31062000,Companhia de Saneamento de Minas Gerais,COPASA,Regional,Sociedade de economia mista com administração pública,Água e Esgotos
31062000,Companhia de Saneamento de Minas Gerais,COPASA,Regional,Sociedade de economia mista com administração pública,Água
31192011,Prefeitura Municipal de Coroaci,PMC,Local,Administração pública direta,Esgoto
31062000,Companhia de Saneamento de Minas Gerais,COPASA,Regional,Sociedade de economia mista com administração pública,Água
31193011,Prefeitura Municipal de Coromandel,PMC,Local,Administração pública direta,Esgoto
31062000,Companhia de Saneamento de Minas Gerais,COPASA,Regional,Sociedade de economia mista com administração pública,Água e Esgotos
31062000,Companhia de Saneamento de Minas Gerais,COPASA,Regional,Sociedade de economia mista com administração pública,Água e Esgotos
31686000,Copasa Serviços de Saneamento Integrado do Norte e Nordeste de Minas Gerais S/A,COPANOR,Regional,Empresa pública,Água
31196011,Prefeitura Municipal de Coronel Pacheco,PMCP,Local,Administração pública direta,Água e Esgoto
31062000,Companhia de Saneamento de Minas Gerais,COPASA,Regional,Sociedade de economia mista com administração pública,Água
31197011,Prefeitura Municipal de Coronel Xavier Chaves,PMCXC,Local,Administração pública direta,Esgoto
31062000,Companhia de Saneamento de Minas Gerais,COPASA,Regional,Sociedade de economia mista com administração pública,Água
31198011,Prefeitura Municipal de Córrego Danta,PMCD,Local,Administração pública direta,Esgoto
31199011,Prefeitura Municipal de Córrego do Bom Jesus,PMCBJ,Local,Administração pública direta,Água e Esgoto
31199511,Serviço Autônomo de Água e Esgoto,SAAE,Local,Autarquia,Água e Esgoto
31062000,Companhia de Saneamento de Minas Gerais,COPASA,Regional,Sociedade de economia mista com administração pública,Água
31200011,Prefeitura Municipal de Córrego Novo,PMCN,Local,Administração pública direta,Esgoto
31686000,Copasa Serviços de Saneamento Integrado do Norte e Nordeste de Minas Gerais S/A,COPANOR,Regional,Empresa pública,Água e Esgotos
31686000,Copasa Serviços de Saneamento Integrado do Norte e Nordeste de Minas Gerais S/A,COPANOR,Regional,Empresa pública,Água e Esgotos
31062000,Companhia de Saneamento de Minas Gerais,COPASA,Regional,Sociedade de economia mista com administração pública,Água
31202011,Prefeitura Municipal de Cristais,PMC,Local,Administração pública direta,Esgoto
31062000,Companhia de Saneamento de Minas Gerais,COPASA,Regional,Sociedade de economia mista com administração pública,Água e Esgotos
31062000,Companhia de Saneamento de Minas Gerais,COPASA,Regional,Sociedade de economia mista com administração pública,Água e Esgotos
31205011,Prefeitura Municipal de Cristina,PMC,Local,Administração pública direta,Água e Esgoto
31062000,Companhia de Saneamento de Minas Gerais,COPASA,Regional,Sociedade de economia mista com administração pública,Água
31206011,Prefeitura Municipal de Crucilândia,PMCRU,Local,Administração pública direta,Esgoto
31062000,Companhia de Saneamento de Minas Gerais,COPASA,Regional,Sociedade de economia mista com administração pública,Água
31207011,Prefeitura Municipal de Cruzeiro da Fortaleza,PMCF,Local,Administração pública direta,Esgoto
31062000,Companhia de Saneamento de Minas Gerais,COPASA,Regional,Sociedade de economia mista com administração pública,Água e Esgotos
31062000,Companhia de Saneamento de Minas Gerais,COPASA,Regional,Sociedade de economia mista com administração pública,Água
31208311,Prefeitura Municipal de Cuparaque,PMC,Local,Administração pública direta,Esgoto
31062000,Companhia de Saneamento de Minas Gerais,COPASA,Regional,Sociedade de economia mista com administração pública,Água
31208711,Prefeitura Municipal de Curral de Dentro,PMCD,Local,Administração pública direta,Esgoto
31062000,Companhia de Saneamento de Minas Gerais,COPASA,Regional,Sociedade de economia mista com administração pública,Água e Esgotos
31062000,Companhia de Saneamento de Minas Gerais,COPASA,Regional,Sociedade de economia mista com administração pública,Água
31210011,Prefeitura Municipal de Datas,PMD,Local,Administração pública direta,Água e Esgoto
31211011,Prefeitura Municipal de Delfim Moreira,PMDM,Local,Administração pública direta,Água e Esgoto
31062000,Companhia de Saneamento de Minas Gerais,COPASA,Regional,Sociedade de economia mista com administração pública,Água e Esgotos
31212511,Prefeitura Municipal de Delta,PMD,Local,Administração pública direta,Água e Esgoto
31062000,Companhia de Saneamento de Minas Gerais,COPASA,Regional,Sociedade de economia mista com administração pública,Água
31213011,Prefeitura Municipal de Descoberto,PMD,Local,Administração pública direta,Esgoto
31214011,Prefeitura Municipal de Desterro de Entre Rios,PMDER,Local,Administração pública direta,Água e Esgoto
31062000,Companhia de Saneamento de Minas Gerais,COPASA,Regional,Sociedade de economia mista com administração pública,Água e Esgotos
31062000,Companhia de Saneamento de Minas Gerais,COPASA,Regional,Sociedade de economia mista com administração pública,Água e Esgotos
31686000,Copasa Serviços de Saneamento Integrado do Norte e Nordeste de Minas Gerais S/A,COPANOR,Regional,Empresa pública,Água e Esgotos
31217011,Prefeitura Municipal de Diogo de Vasconcelos,PMDV,Local,Administração pública direta,Água e Esgoto
31062000,Companhia de Saneamento de Minas Gerais,COPASA,Regional,Sociedade de economia mista com administração pública,Água
31218011,Prefeitura Municipal de Dionísio,PMD,Local,Administração pública direta,Esgoto
31062000,Companhia de Saneamento de Minas Gerais,COPASA,Regional,Sociedade de economia mista com administração pública,Água
31219011,Prefeitura Municipal de Divinésia,PMD,Local,Administração pública direta,Esgoto
31062000,Companhia de Saneamento de Minas Gerais,COPASA,Regional,Sociedade de economia mista com administração pública,Água e Esgotos
31062000,Companhia de Saneamento de Minas Gerais,COPASA,Regional,Sociedade de economia mista com administração pública,Água
31221011,Prefeitura Municipal de Divino das Laranjeiras,PMDL,Local,Administração pública direta,Esgoto
31222011,Serviço Autônomo de Água e Esgoto de Divinolândia de Minas,SAAEDM,Local,Autarquia,Água e Esgoto
31062000,Companhia de Saneamento de Minas Gerais,COPASA,Regional,Sociedade de economia mista com administração pública,Água e Esgotos
31062000,Companhia de Saneamento de Minas Gerais,COPASA,Regional,Sociedade de economia mista com administração pública,Água
31062000,Companhia de Saneamento de Minas Gerais,COPASA,Regional,Sociedade de economia mista com administração pública,Água
31224011,Prefeitura Municipal de Divisa Nova,PMDN,Local,Administração pública direta,Esgoto
31062000,Companhia de Saneamento de Minas Gerais,COPASA,Regional,Sociedade de economia mista com administração pública,Água e Esgotos
31224711,Prefeitura Municipal de Dom Bosco,PMDB,Local,Administração pública direta,Água e Esgoto
31062000,Companhia de Saneamento de Minas Gerais,COPASA,Regional,Sociedade de economia mista com administração pública,Água
31225011,Prefeitura Municipal de Dom Cavati,PMDC,Local,Administração pública direta,Esgoto
31062000,Companhia de Saneamento de Minas Gerais,COPASA,Regional,Sociedade de economia mista com administração pública,Água
31226011,Prefeitura Municipal de Dom Joaquim,PMDJ,Local,Administração pública direta,Esgoto
31062000,Companhia de Saneamento de Minas Gerais,COPASA,Regional,Sociedade de economia mista com administração pública,Água
31227011,Prefeitura Municipal de Dom Silvério,PMDS,Local,Administração pública direta,Esgoto
31228011,Prefeitura Municipal de Dom Viçoso,PMDV,Local,Administração pública direta,Água e Esgoto
31062000,Companhia de Saneamento de Minas Gerais,COPASA,Regional,Sociedade de economia mista com administração pública,Água
31229011,Prefeitura Municipal de Dona Eusébia,PMDE,Local,Administração pública direta,Esgoto
31230011,Prefeitura Municipal de Dores de Campos,PMDC,Local,Administração pública direta,Água e Esgoto
31231011,Prefeitura Municipal de Dores de Guanhães,PMD,Local,Administração pública direta,Água
31062000,Companhia de Saneamento de Minas Gerais,COPASA,Regional,Sociedade de economia mista com administração pública,Água e Esgotos
31062000,Companhia de Saneamento de Minas Gerais,COPASA,Regional,Sociedade de economia mista com administração pública,Água
31233011,Prefeitura Municipal de Dores do Turvo,PMDT,Local,Administração pública direta,Esgoto
31235011,Prefeitura Municipal de Douradoquara,PMD,Local,Administração pública direta,Água e Esgoto
31062000,Companhia de Saneamento de Minas Gerais,COPASA,Regional,Sociedade de economia mista com administração pública,Água
31235211,Prefeitura Municipal de Durandé,PMD,Local,Administração pública direta,Esgoto
31236011,Serviço Autônomo de Água e Esgoto,SAAE,Local,Autarquia,Água e Esgoto
31062000,Companhia de Saneamento de Minas Gerais,COPASA,Regional,Sociedade de economia mista com administração pública,Água
31237011,Prefeitura Municipal de Engenheiro Caldas,PMEC,Local,Administração pública direta,Esgoto
31062000,Companhia de Saneamento de Minas Gerais,COPASA,Regional,Sociedade de economia mista com administração pública,Água e Esgotos
31062000,Companhia de Saneamento de Minas Gerais,COPASA,Regional,Sociedade de economia mista com administração pública,Água
31062000,Companhia de Saneamento de Minas Gerais,COPASA,Regional,Sociedade de economia mista com administração pública,Água
31239011,Prefeitura Municipal de Entre Rios de Minas,PMERM,Local,Administração pública direta,Esgoto
31062000,Companhia de Saneamento de Minas Gerais,COPASA,Regional,Sociedade de economia mista com administração pública,Água
31062000,Companhia de Saneamento de Minas Gerais,COPASA,Regional,Sociedade de economia mista com administração pública,Água e Esgotos
31062000,Companhia de Saneamento de Minas Gerais,COPASA,Regional,Sociedade de economia mista com administração pública,Água
31242011,Prefeitura Municipal de Espera Feliz,PMEF,Local,Administração pública direta,Esgoto
31062000,Companhia de Saneamento de Minas Gerais,COPASA,Regional,Sociedade de economia mista com administração pública,Água e Esgotos
31244011,Prefeitura Municipal de Espírito Santo do Dourado,PMESD,Local,Administração pública direta,Água e Esgoto
31062000,Companhia de Saneamento de Minas Gerais,COPASA,Regional,Sociedade de economia mista com administração pública,Água
31245011,Prefeitura Municipal de Estiva,PME,Local,Administração pública direta,Esgoto
31062000,Companhia de Saneamento de Minas Gerais,COPASA,Regional,Sociedade de economia mista com administração pública,Água
31246011,Prefeitura Municipal de Estrela Dalva,PMED,Local,Administração pública direta,Esgoto
31062000,Companhia de Saneamento de Minas Gerais,COPASA,Regional,Sociedade de economia mista com administração pública,Água e Esgotos
31062000,Companhia de Saneamento de Minas Gerais,COPASA,Regional,Sociedade de economia mista com administração pública,Água e Esgotos
31062000,Companhia de Saneamento de Minas Gerais,COPASA,Regional,Sociedade de economia mista com administração pública,Água
31250011,Prefeitura Municipal de Ewbank da Camara,PMEC,Local,Administração pública direta,Água
31062000,Companhia de Saneamento de Minas Gerais,COPASA,Regional,Sociedade de economia mista com administração pública,Água e Esgotos
31062000,Companhia de Saneamento de Minas Gerais,COPASA,Regional,Sociedade de economia mista com administração pública,Água e Esgotos
31062000,Companhia de Saneamento de Minas Gerais,COPASA,Regional,Sociedade de economia mista com administração pública,Água
31686000,Copasa Serviços de Saneamento Integrado do Norte e Nordeste de Minas Gerais S/A,COPANOR,Regional,Empresa pública,Água e Esgotos
31062000,Companhia de Saneamento de Minas Gerais,COPASA,Regional,Sociedade de economia mista com administração pública,Água
31062000,Companhia de Saneamento de Minas Gerais,COPASA,Regional,Sociedade de economia mista com administração pública,Água
31258011,Prefeitura Municipal de Fernandes Tourinho,PMFT,Local,Administração pública direta,Esgoto
31062000,Companhia de Saneamento de Minas Gerais,COPASA,Regional,Sociedade de economia mista com administração pública,Água
31259011,Prefeitura Municipal de Ferros,PMF,Local,Administração pública direta,Esgoto
31259511,Serviço Autônomo de Água e Esgoto,SAAE,Local,Autarquia,Água e Esgoto
31062000,Companhia de Saneamento de Minas Gerais,COPASA,Regional,Sociedade de economia mista com administração pública,Água
31260011,Prefeitura Municipal de Florestal,PMF,Local,Administração pública direta,Esgoto
31261011,Serviço Autônomo de Água e Esgoto,SAAE,Local,Autarquia,Água e Esgoto
31062000,Companhia de Saneamento de Minas Gerais,COPASA,Regional,Sociedade de economia mista com administração pública,Água
31062000,Companhia de Saneamento de Minas Gerais,COPASA,Regional,Sociedade de economia mista com administração pública,Água
31263011,Prefeitura Municipal de Fortaleza de Minas,PMFM,Local,Administração pública direta,Esgoto
31686000,Copasa Serviços de Saneamento Integrado do Norte e Nordeste de Minas Gerais S/A,COPANOR,Regional,Empresa pública,Água
31265011,Prefeitura Municipal de Francisco Badaró,PMFB,Local,Administração pública direta,Esgoto
31062000,Companhia de Saneamento de Minas Gerais,COPASA,Regional,Sociedade de economia mista com administração pública,Água e Esgotos
31267011,Serviço Autônomo de Água e Esgoto,SAAE,Local,Autarquia,Água e Esgoto
31062000,Companhia de Saneamento de Minas Gerais,COPASA,Regional,Sociedade de economia mista com administração pública,Água
31267511,Prefeitura Municipal de Franciscópolis,PMF,Local,Administração pública direta,Esgoto
31686000,Copasa Serviços de Saneamento Integrado do Norte e Nordeste de Minas Gerais S/A,COPANOR,Regional,Empresa pública,Água e Esgotos
31062000,Companhia de Saneamento de Minas Gerais,COPASA,Regional,Sociedade de economia mista com administração pública,Água
31062000,Companhia de Saneamento de Minas Gerais,COPASA,Regional,Sociedade de economia mista com administração pública,Água e Esgotos
31686000,Copasa Serviços de Saneamento Integrado do Norte e Nordeste de Minas Gerais S/A,COPANOR,Regional,Empresa pública,Água e Esgotos
31686000,Copasa Serviços de Saneamento Integrado do Norte e Nordeste de Minas Gerais S/A,COPANOR,Regional,Empresa pública,Água
31062000,Companhia de Saneamento de Minas Gerais,COPASA,Regional,Sociedade de economia mista com administração pública,Água e Esgotos
31062000,Companhia de Saneamento de Minas Gerais,COPASA,Regional,Sociedade de economia mista com administração pública,Água e Esgotos
31273311,Prefeitura Municipal de Gameleiras,PMG,Local,Administração pública direta,Água
31062000,Companhia de Saneamento de Minas Gerais,COPASA,Regional,Sociedade de economia mista com administração pública,Água e Esgotos
31273711,Prefeitura Municipal de Goiabeira,PMG,Local,Administração pública direta,Água e Esgoto
31062000,Companhia de Saneamento de Minas Gerais,COPASA,Regional,Sociedade de economia mista com administração pública,Água
31273811,Prefeitura Municipal de Goianá,PMG,Local,Administração pública direta,Esgoto
31062000,Companhia de Saneamento de Minas Gerais,COPASA,Regional,Sociedade de economia mista com administração pública,Água e Esgotos
31275011,Prefeitura Municipal de Gonzaga,PMG,Local,Administração pública direta,Água e Esgoto
31062000,Companhia de Saneamento de Minas Gerais,COPASA,Regional,Sociedade de economia mista com administração pública,Água
31276011,Prefeitura Municipal de Gouveia,PMG,Local,Administração pública direta,Esgoto
31277011,Serviço Autônomo de Água e Esgoto,SAAE,Local,Autarquia,Água e Esgoto
31062000,Companhia de Saneamento de Minas Gerais,COPASA,Regional,Sociedade de economia mista com administração pública,Água e Esgotos
31686000,Copasa Serviços de Saneamento Integrado do Norte e Nordeste de Minas Gerais S/A,COPANOR,Regional,Empresa pública,Água
31062000,Companhia de Saneamento de Minas Gerais,COPASA,Regional,Sociedade de economia mista com administração pública,Água
31280011,Serviço Autônomo de Água e Esgoto,SAAE,Local,Autarquia,Água e Esgoto
31281011,Serviço Autônomo de Água e Esgoto,SAAE,Local,Autarquia,Água e Esgoto
31062000,Companhia de Saneamento de Minas Gerais,COPASA,Regional,Sociedade de economia mista com administração pública,Água e Esgotos
31062000,Companhia de Saneamento de Minas Gerais,COPASA,Regional,Sociedade de economia mista com administração pública,Água
31062000,Companhia de Saneamento de Minas Gerais,COPASA,Regional,Sociedade de economia mista com administração pública,Água
31283011,Prefeitura Municipal de Guaranésia,PMG,Local,Administração pública direta,Esgoto
31284011,Serviço Autônomo de Água e Esgoto de Guarani,SAEG,Local,Autarquia,Água e Esgoto
31062000,Companhia de Saneamento de Minas Gerais,COPASA,Regional,Sociedade de economia mista com administração pública,Água
31062000,Companhia de Saneamento de Minas Gerais,COPASA,Regional,Sociedade de economia mista com administração pública,Água e Esgotos
31062000,Companhia de Saneamento de Minas Gerais,COPASA,Regional,Sociedade de economia mista com administração pública,Água e Esgotos
31062000,Companhia de Saneamento de Minas Gerais,COPASA,Regional,Sociedade de economia mista com administração pública,Água
31288011,Prefeitura Municipal de Guidoval,PMG,Local,Administração pública direta,Esgoto
31062000,Companhia de Saneamento de Minas Gerais,COPASA,Regional,Sociedade de economia mista com administração pública,Água e Esgotos
31062000,Companhia de Saneamento de Minas Gerais,COPASA,Regional,Sociedade de economia mista com administração pública,Água
31290011,Prefeitura Municipal de Guiricema,PMG,Local,Administração pública direta,Esgoto
31062000,Companhia de Saneamento de Minas Gerais,COPASA,Regional,Sociedade de economia mista com administração pública,Água
31291011,Prefeitura Municipal de Gurinhatã,PMG,Local,Administração pública direta,Esgoto
31062000,Companhia de Saneamento de Minas Gerais,COPASA,Regional,Sociedade de economia mista com administração pública,Água
31292011,Prefeitura Municipal de Heliodora,PMH,Local,Administração pública direta,Esgoto
31062000,Companhia de Saneamento de Minas Gerais,COPASA,Regional,Sociedade de economia mista com administração pública,Água
31293011,Prefeitura Municipal de Iapu,PMI,Local,Administração pública direta,Esgoto
31062000,Companhia de Saneamento de Minas Gerais,COPASA,Regional,Sociedade de economia mista com administração pública,Água
31294011,Prefeitura Municipal de Ibertioga,PMI,Local,Administração pública direta,Esgoto
31295011,Serviço Autônomo de Água e Esgoto,SAAE,Local,Autarquia,Água e Esgoto
31062000,Companhia de Saneamento de Minas Gerais,COPASA,Regional,Sociedade de economia mista com administração pública,Água e Esgotos
31062000,Companhia de Saneamento de Minas Gerais,COPASA,Regional,Sociedade de economia mista com administração pública,Água
31062000,Companhia de Saneamento de Minas Gerais,COPASA,Regional,Sociedade de economia mista com administração pública,Água e Esgotos
31062000,Companhia de Saneamento de Minas Gerais,COPASA,Regional,Sociedade de economia mista com administração pública,Água e Esgotos
31062000,Companhia de Saneamento de Minas Gerais,COPASA,Regional,Sociedade de economia mista com administração pública,Água
31299011,Prefeitura Municipal de Ibitiura de Minas,PMIM,Local,Administração pública direta,Esgoto
31300011,Prefeitura Municipal de Ibituruna,PMI,Local,Administração pública direta,Água e Esgoto
31062000,Companhia de Saneamento de Minas Gerais,COPASA,Regional,Sociedade de economia mista com administração pública,Água e Esgotos
31062000,Companhia de Saneamento de Minas Gerais,COPASA,Regional,Sociedade de economia mista com administração pública,Água e Esgotos
31062000,Companhia de Saneamento de Minas Gerais,COPASA,Regional,Sociedade de economia mista com administração pública,Água
31302011,Prefeitura Municipal de Igaratinga,PMI,Local,Administração pública direta,Esgoto
31303012,Serviço Autônomo de Água e Esgoto de Iguatama,SAAE,Local,Autarquia,Água e Esgoto
31304011,Prefeitura Municipal de Ijaci,PMI,Local,Administração pública direta,Água e Esgoto
31062000,Companhia de Saneamento de Minas Gerais,COPASA,Regional,Sociedade de economia mista com administração pública,Água
31305011,Prefeitura Municipal de Ilicínea,PMI,Local,Administração pública direta,Esgoto
31062000,Companhia de Saneamento de Minas Gerais,COPASA,Regional,Sociedade de economia mista com administração pública,Água
31305511,Prefeitura Municipal de Imbé de Minas,PMIM,Local,Administração pública direta,Esgoto
31062000,Companhia de Saneamento de Minas Gerais,COPASA,Regional,Sociedade de economia mista com administração pública,Água
31306011,Prefeitura Municipal de Inconfidentes,PMI,Local,Administração pública direta,Esgoto
31062000,Companhia de Saneamento de Minas Gerais,COPASA,Regional,Sociedade de economia mista com administração pública,Água e Esgotos
31062000,Companhia de Saneamento de Minas Gerais,COPASA,Regional,Sociedade de economia mista com administração pública,Água
31307011,Prefeitura Municipal de Indianópolis,PMI,Local,Administração pública direta,Esgoto
31062000,Companhia de Saneamento de Minas Gerais,COPASA,Regional,Sociedade de economia mista com administração pública,Água
31308011,Prefeitura Municipal de Ingaí,PMI,Local,Administração pública direta,Esgoto
31062000,Companhia de Saneamento de Minas Gerais,COPASA,Regional,Sociedade de economia mista com administração pública,Água e Esgotos
31310011,Prefeitura Municipal de Inhauma,PMI,Local,Administração pública direta,Água e Esgoto
31062000,Companhia de Saneamento de Minas Gerais,COPASA,Regional,Sociedade de economia mista com administração pública,Água
31062000,Companhia de Saneamento de Minas Gerais,COPASA,Regional,Sociedade de economia mista com administração pública,Água
31311511,Prefeitura Municipal de Ipaba,PMI,Local,Administração pública direta,Esgoto
31312011,Serviço Autônomo de Água e Esgoto,SAAE,Local,Autarquia,Água e Esgoto
31062000,Companhia de Saneamento de Minas Gerais,COPASA,Regional,Sociedade de economia mista com administração pública,Água e Esgotos
31062000,Companhia de Saneamento de Minas Gerais,COPASA,Regional,Sociedade de economia mista com administração pública,Água e Esgotos
31062000,Companhia de Saneamento de Minas Gerais,COPASA,Regional,Sociedade de economia mista com administração pública,Água
31316011,Prefeitura Municipal de Iraí de Minas,PMIM,Local,Administração pública direta,Esgoto
31317011,Serviço Autônomo de Água e Esgoto de Itabira,SAAE-Itabira,Local,Autarquia,Água e Esgoto
31062000,Companhia de Saneamento de Minas Gerais,COPASA,Regional,Sociedade de economia mista com administração pública,Água e Esgotos
31686000,Copasa Serviços de Saneamento Integrado do Norte e Nordeste de Minas Gerais S/A,COPANOR,Regional,Empresa pública,Água e Esgotos
31319011,SERVIÇO AUTÔNOMO SANEAMENTO BÁSICO,SAAE,Local,Autarquia,Água e Esgoto
31686000,Copasa Serviços de Saneamento Integrado do Norte e Nordeste de Minas Gerais S/A,COPANOR,Regional,Empresa pública,Água
31062000,Companhia de Saneamento de Minas Gerais,COPASA,Regional,Sociedade de economia mista com administração pública,Água e Esgotos
31322011,Serviço Autônomo de Água e Esgoto,SAAE,Local,Autarquia,Água e Esgoto
31686000,Copasa Serviços de Saneamento Integrado do Norte e Nordeste de Minas Gerais S/A,COPANOR,Regional,Empresa pública,Água e Esgotos
31062000,Companhia de Saneamento de Minas Gerais,COPASA,Regional,Sociedade de economia mista com administração pública,Água e Esgotos
31062000,Companhia de Saneamento de Minas Gerais,COPASA,Regional,Sociedade de economia mista com administração pública,Água e Esgotos
31686000,Copasa Serviços de Saneamento Integrado do Norte e Nordeste de Minas Gerais S/A,COPANOR,Regional,Empresa pública,Água e Esgotos
31062000,Companhia de Saneamento de Minas Gerais,COPASA,Regional,Sociedade de economia mista com administração pública,Água
31328011,Prefeitura Municipal de Itambé do Mato Dentro,PMIMD,Local,Administração pública direta,Água e Esgoto
31062000,Companhia de Saneamento de Minas Gerais,COPASA,Regional,Sociedade de economia mista com administração pública,Água
31062000,Companhia de Saneamento de Minas Gerais,COPASA,Regional,Sociedade de economia mista com administração pública,Água
31331011,Prefeitura Municipal de Itanhandu,PMI,Local,Administração pública direta,Água e Esgoto
31062000,Companhia de Saneamento de Minas Gerais,COPASA,Regional,Sociedade de economia mista com administração pública,Água
31332011,Prefeitura Municipal de Itanhomi,PMI,Local,Administração pública direta,Esgoto
31062000,Companhia de Saneamento de Minas Gerais,COPASA,Regional,Sociedade de economia mista com administração pública,Água e Esgotos
31686000,Copasa Serviços de Saneamento Integrado do Norte e Nordeste de Minas Gerais S/A,COPANOR,Regional,Empresa pública,Água
31062000,Companhia de Saneamento de Minas Gerais,COPASA,Regional,Sociedade de economia mista com administração pública,Água
31334011,Prefeitura Municipal de Itapajipe,PMI,Local,Administração pública direta,Esgoto
31062000,Companhia de Saneamento de Minas Gerais,COPASA,Regional,Sociedade de economia mista com administração pública,Água e Esgotos
31062000,Companhia de Saneamento de Minas Gerais,COPASA,Regional,Sociedade de economia mista com administração pública,Água e Esgotos
31062000,Companhia de Saneamento de Minas Gerais,COPASA,Regional,Sociedade de economia mista com administração pública,Água
31062000,Companhia de Saneamento de Minas Gerais,COPASA,Regional,Sociedade de economia mista com administração pública,Água
31337511,Prefeitura Municipal de Itaú de Minas,PMIM,Local,Administração pública direta,Esgoto
31338011,Serviço Autônomo de Água e Esgoto,SAAE,Local,Autarquia,Água e Esgoto
31062000,Companhia de Saneamento de Minas Gerais,COPASA,Regional,Sociedade de economia mista com administração pública,Água
31686000,Copasa Serviços de Saneamento Integrado do Norte e Nordeste de Minas Gerais S/A,COPANOR,Regional,Empresa pública,Água e Esgotos
31062000,Companhia de Saneamento de Minas Gerais,COPASA,Regional,Sociedade de economia mista com administração pública,Água
31341011,Prefeitura Municipal de Itueta,PMI,Local,Administração pública direta,Esgoto
31342011,Superintendência de Água e Esgotos de Ituiutaba,SAE,Local,Autarquia,Água e Esgoto
31062000,Companhia de Saneamento de Minas Gerais,COPASA,Regional,Sociedade de economia mista com administração pública,Água
31343011,Prefeitura Municipal de Itumirim,PMIMG,Local,Administração pública direta,Esgoto
31062000,Companhia de Saneamento de Minas Gerais,COPASA,Regional,Sociedade de economia mista com administração pública,Água e Esgotos
31062000,Companhia de Saneamento de Minas Gerais,COPASA,Regional,Sociedade de economia mista com administração pública,Água
31345011,Prefeitura Municipal de Itutinga,PMI,Local,Administração pública direta,Esgoto
31062000,Companhia de Saneamento de Minas Gerais,COPASA,Regional,Sociedade de economia mista com administração pública,Água e Esgotos
31062000,Companhia de Saneamento de Minas Gerais,COPASA,Regional,Sociedade de economia mista com administração pública,Água e Esgotos
31686000,Copasa Serviços de Saneamento Integrado do Norte e Nordeste de Minas Gerais S/A,COPANOR,Regional,Empresa pública,Água e Esgotos
31062000,Companhia de Saneamento de Minas Gerais,COPASA,Regional,Sociedade de economia mista com administração pública,Água
31348011,Prefeitura Municipal de Jacuí,PMJ,Local,Administração pública direta,Esgoto
31350011,Prefeitura Municipal de Jáguaraçu,PMJ,Local,Administração pública direta,Água e Esgoto
31062000,Companhia de Saneamento de Minas Gerais,COPASA,Regional,Sociedade de economia mista com administração pública,Água e Esgotos
31062000,Companhia de Saneamento de Minas Gerais,COPASA,Regional,Sociedade de economia mista com administração pública,Água e Esgotos
31062000,Companhia de Saneamento de Minas Gerais,COPASA,Regional,Sociedade de economia mista com administração pública,Água e Esgotos
31353011,Prefeitura Municipal de Japaraíba,PMJ,Local,Administração pública direta,Água e Esgoto
31062000,Companhia de Saneamento de Minas Gerais,COPASA,Regional,Sociedade de economia mista com administração pública,Água
31354011,Prefeitura Municipal de Jeceaba,PMJ,Local,Administração pública direta,Água e Esgoto
31686000,Copasa Serviços de Saneamento Integrado do Norte e Nordeste de Minas Gerais S/A,COPANOR,Regional,Empresa pública,Água e Esgotos
31355011,Departamento Municipal de Água e Esgoto,DEMAE,Local,Autarquia,Água e Esgoto
31062000,Companhia de Saneamento de Minas Gerais,COPASA,Regional,Sociedade de economia mista com administração pública,Água
31062000,Companhia de Saneamento de Minas Gerais,COPASA,Regional,Sociedade de economia mista com administração pública,Água
31357011,Prefeitura Municipal de Jequitibá,PMJ,Local,Administração pública direta,Esgoto
31062000,Companhia de Saneamento de Minas Gerais,COPASA,Regional,Sociedade de economia mista com administração pública,Água e Esgotos
31686000,Copasa Serviços de Saneamento Integrado do Norte e Nordeste de Minas Gerais S/A,COPANOR,Regional,Empresa pública,Água
31359011,Prefeitura Municipal de Jesuania,PMJ,Local,Administração pública direta,Água e Esgoto
31062000,Companhia de Saneamento de Minas Gerais,COPASA,Regional,Sociedade de economia mista com administração pública,Água e Esgotos
31686000,Copasa Serviços de Saneamento Integrado do Norte e Nordeste de Minas Gerais S/A,COPANOR,Regional,Empresa pública,Água
31361011,Prefeitura Municipal de Joanésia,PMJ,Local,Administração pública direta,Água e Esgoto
31362011,Departamento Municipal de Águas e Esgotos,DAE,Local,Autarquia,Água e Esgoto
31062000,Companhia de Saneamento de Minas Gerais,COPASA,Regional,Sociedade de economia mista com administração pública,Água e Esgotos
31062000,Companhia de Saneamento de Minas Gerais,COPASA,Regional,Sociedade de economia mista com administração pública,Água
31364011,Prefeitura Municipal de Joaquim Felício,PMJF,Local,Administração pública direta,Esgoto
31062000,Companhia de Saneamento de Minas Gerais,COPASA,Regional,Sociedade de economia mista com administração pública,Água
31686000,Copasa Serviços de Saneamento Integrado do Norte e Nordeste de Minas Gerais S/A,COPANOR,Regional,Empresa pública,Água e Esgotos
31062000,Companhia de Saneamento de Minas Gerais,COPASA,Regional,Sociedade de economia mista com administração pública,Água
31365511,Prefeitura Municipal de José Raydan,PMJR,Local,Administração pública direta,Esgoto
31686000,Copasa Serviços de Saneamento Integrado do Norte e Nordeste de Minas Gerais S/A,COPANOR,Regional,Empresa pública,Água e Esgotos
31062000,Companhia de Saneamento de Minas Gerais,COPASA,Regional,Sociedade de economia mista com administração pública,Água e Esgotos
31367011,Companhia de Saneamento Municipal,CESAMA,Local,Empresa pública,Água e Esgoto
31062000,Companhia de Saneamento de Minas Gerais,COPASA,Regional,Sociedade de economia mista com administração pública,Água e Esgotos
31062000,Companhia de Saneamento de Minas Gerais,COPASA,Regional,Sociedade de economia mista com administração pública,Água
31369011,Prefeitura Municipal de Juruaia,PMJ,Local,Administração pública direta,Esgoto
31062000,Companhia de Saneamento de Minas Gerais,COPASA,Regional,Sociedade de economia mista com administração pública,Água e Esgotos
31686000,Copasa Serviços de Saneamento Integrado do Norte e Nordeste de Minas Gerais S/A,COPANOR,Regional,Empresa pública,Água e Esgotos
31062000,Companhia de Saneamento de Minas Gerais,COPASA,Regional,Sociedade de economia mista com administração pública,Água
31371011,Prefeitura Municipal de Lagamar,PML,Local,Administração pública direta,Esgoto
31372011,Serviço Autônomo de Água e Esgoto,SAAE,Local,Autarquia,Água e Esgoto
31062000,Companhia de Saneamento de Minas Gerais,COPASA,Regional,Sociedade de economia mista com administração pública,Água e Esgotos
31062000,Companhia de Saneamento de Minas Gerais,COPASA,Regional,Sociedade de economia mista com administração pública,Água e Esgotos
31374011,Prefeitura Municipal de Lagoa Dourada,PMLD,Local,Administração pública direta,Esgoto
31375011,Serviço Autônomo de Água e Esgotos,SAAE,Local,Autarquia,Água e Esgoto
31062000,Companhia de Saneamento de Minas Gerais,COPASA,Regional,Sociedade de economia mista com administração pública,Água
31375311,Prefeitura Municipal de Lagoa Grande,PMLG,Local,Administração pública direta,Esgoto
31062000,Companhia de Saneamento de Minas Gerais,COPASA,Regional,Sociedade de economia mista com administração pública,Água e Esgotos
31377011,Serviço Autônomo de Água e Esgoto,SAAE,Local,Autarquia,Água e Esgoto
31378011,Serviço Autônomo de Água e Esgoto,SAAE,Local,Autarquia,Água e Esgoto
31379011,Prefeitura Municipal de Lamim,PML,Local,Administração pública direta,Água
31062000,Companhia de Saneamento de Minas Gerais,COPASA,Regional,Sociedade de economia mista com administração pública,Água
31380011,Prefeitura Municipal de Laranjal,PML,Local,Administração pública direta,Esgoto
31381011,Serviço Autônomo de Água e Esgotosl de Lassance,SAAE,Local,Autarquia,Água
31062000,Companhia de Saneamento de Minas Gerais,COPASA,Regional,Sociedade de economia mista com administração pública,Água e Esgotos
31062000,Companhia de Saneamento de Minas Gerais,COPASA,Regional,Sociedade de economia mista com administração pública,Água e Esgotos
31686000,Copasa Serviços de Saneamento Integrado do Norte e Nordeste de Minas Gerais S/A,COPANOR,Regional,Empresa pública,Água e Esgotos
31062000,Companhia de Saneamento de Minas Gerais,COPASA,Regional,Sociedade de economia mista com administração pública,Água
31384011,Prefeitura Municipal de Leopoldina,PML,Local,Administração pública direta,Esgoto
31062000,Companhia de Saneamento de Minas Gerais,COPASA,Regional,Sociedade de economia mista com administração pública,Água
31386011,Departamento Municipal de Água e Esgoto,DEMAE,Local,Autarquia,Água e Esgoto
31062000,Companhia de Saneamento de Minas Gerais,COPASA,Regional,Sociedade de economia mista com administração pública,Água e Esgotos
31062000,Companhia de Saneamento de Minas Gerais,COPASA,Regional,Sociedade de economia mista com administração pública,Água e Esgotos
31386711,Prefeitura Municipal de Luisburgo,PML,Local,Administração pública direta,Água e Esgoto
31062000,Companhia de Saneamento de Minas Gerais,COPASA,Regional,Sociedade de economia mista com administração pública,Água
31387011,Prefeitura Municipal de Luminárias,PML,Local,Administração pública direta,Água e Esgoto
31062000,Companhia de Saneamento de Minas Gerais,COPASA,Regional,Sociedade de economia mista com administração pública,Água
31388011,Serviço Autônomo de Água e Esgoto de Luz,SAAE,Local,Autarquia,Esgoto
31062000,Companhia de Saneamento de Minas Gerais,COPASA,Regional,Sociedade de economia mista com administração pública,Água
31389011,Prefeitura Municipal de Machacalis,PMM,Local,Administração pública direta,Esgoto
31390011,Serviço Autônomo de Água e Esgoto,SAAE,Local,Autarquia,Água e Esgoto
31062000,Companhia de Saneamento de Minas Gerais,COPASA,Regional,Sociedade de economia mista com administração pública,Água
31391011,Prefeitura Municipal de Madre de Deus de Minas,PMMDM,Local,Administração pública direta,Esgoto
31062000,Companhia de Saneamento de Minas Gerais,COPASA,Regional,Sociedade de economia mista com administração pública,Água e Esgotos
31686000,Copasa Serviços de Saneamento Integrado do Norte e Nordeste de Minas Gerais S/A,COPANOR,Regional,Empresa pública,Água e Esgotos
31392511,Prefeitura Municipal de Mamonas,PMM,Local,Administração pública direta,Água e Esgoto
31062000,Companhia de Saneamento de Minas Gerais,COPASA,Regional,Sociedade de economia mista com administração pública,Água e Esgotos
31394011,Serviço Autônomo Água e Esgoto,SAAE,Local,Autarquia,Água e Esgoto
31395011,Serviço Autônomo de Água e Esgoto,SAAE,Local,Autarquia,Água e Esgoto
31396011,Serviço Autônomo de Água e Esgoto,SAAE,Local,Autarquia,Água e Esgoto
31062000,Companhia de Saneamento de Minas Gerais,COPASA,Regional,Sociedade de economia mista com administração pública,Água
31398011,Prefeitura Municipal de Mar de Espanha,PMME,Local,Administração pública direta,Esgoto
31062000,Companhia de Saneamento de Minas Gerais,COPASA,Regional,Sociedade de economia mista com administração pública,Água
31397011,Prefeitura Municipal de Maravilhas,PMM,Local,Administração pública direta,Esgoto
31062000,Companhia de Saneamento de Minas Gerais,COPASA,Regional,Sociedade de economia mista com administração pública,Água
31399011,Prefeitura Municipal de Maria da Fé,PMMF,Local,Administração pública direta,Esgoto
31400011,Serviço Autônomo de Água e Esgoto de Mariana,SAAE,Local,Autarquia,Água e Esgoto
31062000,Companhia de Saneamento de Minas Gerais,COPASA,Regional,Sociedade de economia mista com administração pública,Água
31062000,Companhia de Saneamento de Minas Gerais,COPASA,Regional,Sociedade de economia mista com administração pública,Água
31062000,Companhia de Saneamento de Minas Gerais,COPASA,Regional,Sociedade de economia mista com administração pública,Água
31402011,Prefeitura Municipal de Maripá de Minas,PMMM,Local,Administração pública direta,Esgoto
31403011,Prefeitura Municipal de Marliéria,PMM,Local,Administração pública direta,Água e Esgoto
31404011,Prefeitura Municipal de Marmelópolis,PMM,Local,Administração pública direta,Água e Esgoto
31062000,Companhia de Saneamento de Minas Gerais,COPASA,Regional,Sociedade de economia mista com administração pública,Água e Esgotos
31062000,Companhia de Saneamento de Minas Gerais,COPASA,Regional,Sociedade de economia mista com administração pública,Água
31062000,Companhia de Saneamento de Minas Gerais,COPASA,Regional,Sociedade de economia mista com administração pública,Água e Esgotos
31062000,Companhia de Saneamento de Minas Gerais,COPASA,Regional,Sociedade de economia mista com administração pública,Água
31406011,Prefeitura Municipal de Materlândia,PMM,Local,Administração pública direta,Esgoto
31062000,Companhia de Saneamento de Minas Gerais,COPASA,Regional,Sociedade de economia mista com administração pública,Água e Esgotos
31062000,Companhia de Saneamento de Minas Gerais,COPASA,Regional,Sociedade de economia mista com administração pública,Água
31062000,Companhia de Saneamento de Minas Gerais,COPASA,Regional,Sociedade de economia mista com administração pública,Água
31408011,Prefeitura Municipal de Matias Barbosa,PMMB,Local,Administração pública direta,Esgoto
31062000,Companhia de Saneamento de Minas Gerais,COPASA,Regional,Sociedade de economia mista com administração pública,Água
31062000,Companhia de Saneamento de Minas Gerais,COPASA,Regional,Sociedade de economia mista com administração pública,Água
31409011,Prefeitura Municipal de Matipó,PMM,Local,Administração pública direta,Esgoto
31062000,Companhia de Saneamento de Minas Gerais,COPASA,Regional,Sociedade de economia mista com administração pública,Água
31410011,Prefeitura Municipal de Mato Verde,PMMV,Local,Administração pública direta,Esgoto
31062000,Companhia de Saneamento de Minas Gerais,COPASA,Regional,Sociedade de economia mista com administração pública,Água e Esgotos
31062000,Companhia de Saneamento de Minas Gerais,COPASA,Regional,Sociedade de economia mista com administração pública,Água
31412011,Prefeitura Municipal de Matutina,PMM,Local,Administração pública direta,Esgoto
31062000,Companhia de Saneamento de Minas Gerais,COPASA,Regional,Sociedade de economia mista com administração pública,Água
31413011,Prefeitura Municipal de Medeiros,PMM,Local,Administração pública direta,Esgoto
31062000,Companhia de Saneamento de Minas Gerais,COPASA,Regional,Sociedade de economia mista com administração pública,Água e Esgotos
31686000,Copasa Serviços de Saneamento Integrado do Norte e Nordeste de Minas Gerais S/A,COPANOR,Regional,Empresa pública,Água e Esgotos
31686000,Copasa Serviços de Saneamento Integrado do Norte e Nordeste de Minas Gerais S/A,COPANOR,Regional,Empresa pública,Água
31062000,Companhia de Saneamento de Minas Gerais,COPASA,Regional,Sociedade de economia mista com administração pública,Água
31416011,Prefeitura Municipal de Mercês,PMM,Local,Administração pública direta,Esgoto
31417011,Prefeitura Municipal de Mesquita,PMM,Local,Administração pública direta,Água e Esgoto
31062000,Companhia de Saneamento de Minas Gerais,COPASA,Regional,Sociedade de economia mista com administração pública,Água e Esgotos
31686000,Copasa Serviços de Saneamento Integrado do Norte e Nordeste de Minas Gerais S/A,COPANOR,Regional,Empresa pública,Água e Esgotos
31062000,Companhia de Saneamento de Minas Gerais,COPASA,Regional,Sociedade de economia mista com administração pública,Água
31419011,Prefeitura Municipal de Minduri,PMM,Local,Administração pública direta,Esgoto
31062000,Companhia de Saneamento de Minas Gerais,COPASA,Regional,Sociedade de economia mista com administração pública,Água e Esgotos
31062000,Companhia de Saneamento de Minas Gerais,COPASA,Regional,Sociedade de economia mista com administração pública,Água
31062000,Companhia de Saneamento de Minas Gerais,COPASA,Regional,Sociedade de economia mista com administração pública,Água
31422011,Prefeitura Municipal de Miraí,PMM,Local,Administração pública direta,Esgoto
31062000,Companhia de Saneamento de Minas Gerais,COPASA,Regional,Sociedade de economia mista com administração pública,Água
31062000,Companhia de Saneamento de Minas Gerais,COPASA,Regional,Sociedade de economia mista com administração pública,Água
31424012,Serviço Autônomo de Água e Esgoto de Moema,SAAEM,Local,Autarquia,Água e Esgoto
31062000,Companhia de Saneamento de Minas Gerais,COPASA,Regional,Sociedade de economia mista com administração pública,Água
31062000,Companhia de Saneamento de Minas Gerais,COPASA,Regional,Sociedade de economia mista com administração pública,Água
31426011,Prefeitura Municipal de Monsenhor Paulo,PMMP,Local,Administração pública direta,Esgoto
31062000,Companhia de Saneamento de Minas Gerais,COPASA,Regional,Sociedade de economia mista com administração pública,Água e Esgotos
31428011,Prefeitura Municipal de Monte Alegre de Minas,PMMAM,Local,Administração pública direta,Água e Esgoto
31062000,Companhia de Saneamento de Minas Gerais,COPASA,Regional,Sociedade de economia mista com administração pública,Água e Esgotos
31062000,Companhia de Saneamento de Minas Gerais,COPASA,Regional,Sociedade de economia mista com administração pública,Água
31430011,Prefeitura Municipal de Monte Belo,PMMB,Local,Administração pública direta,Esgoto
31431011,Departamento Municipal de Água e Esgoto,DMAE,Local,Autarquia,Água e Esgoto
31686000,Copasa Serviços de Saneamento Integrado do Norte e Nordeste de Minas Gerais S/A,COPANOR,Regional,Empresa pública,Água e Esgotos
31062000,Companhia de Saneamento de Minas Gerais,COPASA,Regional,Sociedade de economia mista com administração pública,Água
31432011,Prefeitura Municipal de Monte Santo de Minas,PMMSM,Local,Administração pública direta,Esgoto
31062000,Companhia de Saneamento de Minas Gerais,COPASA,Regional,Sociedade de economia mista com administração pública,Água e Esgotos
31062000,Companhia de Saneamento de Minas Gerais,COPASA,Regional,Sociedade de economia mista com administração pública,Água e Esgotos
31062000,Companhia de Saneamento de Minas Gerais,COPASA,Regional,Sociedade de economia mista com administração pública,Água
31434511,Prefeitura Municipal de Montezuma,PMM,Local,Administração pública direta,Esgoto
31062000,Companhia de Saneamento de Minas Gerais,COPASA,Regional,Sociedade de economia mista com administração pública,Água e Esgotos
31062000,Companhia de Saneamento de Minas Gerais,COPASA,Regional,Sociedade de economia mista com administração pública,Água
31436011,Prefeitura Municipal de Morro da Garça,PMMG,Local,Administração pública direta,Esgoto
31437011,Prefeitura Municipal de Morro do Pilar,PMMP,Local,Administração pública direta,Água
31062000,Companhia de Saneamento de Minas Gerais,COPASA,Regional,Sociedade de economia mista com administração pública,Água
31439011,Departamento Municipal de Saneamento Urbano,DEMSUR,Local,Autarquia,Água e Esgoto
31062000,Companhia de Saneamento de Minas Gerais,COPASA,Regional,Sociedade de economia mista com administração pública,Água e Esgotos
31062000,Companhia de Saneamento de Minas Gerais,COPASA,Regional,Sociedade de economia mista com administração pública,Água
31441011,Prefeitura Municipal de Muzambinho,PMM,Local,Administração pública direta,Esgoto
31062000,Companhia de Saneamento de Minas Gerais,COPASA,Regional,Sociedade de economia mista com administração pública,Água
31062000,Companhia de Saneamento de Minas Gerais,COPASA,Regional,Sociedade de economia mista com administração pública,Água e Esgotos
31062000,Companhia de Saneamento de Minas Gerais,COPASA,Regional,Sociedade de economia mista com administração pública,Água
31443511,Prefeitura Municipal de Naque,PMN,Local,Administração pública direta,Esgoto
31062000,Companhia de Saneamento de Minas Gerais,COPASA,Regional,Sociedade de economia mista com administração pública,Água e Esgotos
31062000,Companhia de Saneamento de Minas Gerais,COPASA,Regional,Sociedade de economia mista com administração pública,Água
31445011,Prefeitura Municipal de Nazareno,PMN,Local,Administração pública direta,Esgoto
31446011,Serviço Autônomo de Água e Esgoto,SAAE,Local,Autarquia,Água e Esgoto
31062000,Companhia de Saneamento de Minas Gerais,COPASA,Regional,Sociedade de economia mista com administração pública,Água
31686000,Copasa Serviços de Saneamento Integrado do Norte e Nordeste de Minas Gerais S/A,COPANOR,Regional,Empresa pública,Água e Esgotos
31447011,Prefeitura Municipal de Nova Era,PMNE,Local,Administração pública direta,Água e Esgoto
31062000,Companhia de Saneamento de Minas Gerais,COPASA,Regional,Sociedade de economia mista com administração pública,Água e Esgotos
31062000,Companhia de Saneamento de Minas Gerais,COPASA,Regional,Sociedade de economia mista com administração pública,Água e Esgotos
31450011,Prefeitura Municipal de Nova Ponte,DMAE,Local,Administração pública direta,Água e Esgoto
31062000,Companhia de Saneamento de Minas Gerais,COPASA,Regional,Sociedade de economia mista com administração pública,Água e Esgotos
31062000,Companhia de Saneamento de Minas Gerais,COPASA,Regional,Sociedade de economia mista com administração pública,Água
31062000,Companhia de Saneamento de Minas Gerais,COPASA,Regional,Sociedade de economia mista com administração pública,Água e Esgotos
31452011,Prefeitura Municipal de Nova Serrana,PMNS,Local,Administração pública direta,Água e Esgoto
31062000,Companhia de Saneamento de Minas Gerais,COPASA,Regional,Sociedade de economia mista com administração pública,Água
31366011,Prefeitura Municipal de Nova União,PMNU,Local,Administração pública direta,Esgoto
31062000,Companhia de Saneamento de Minas Gerais,COPASA,Regional,Sociedade de economia mista com administração pública,Água e Esgotos
31686000,Copasa Serviços de Saneamento Integrado do Norte e Nordeste de Minas Gerais S/A,COPANOR,Regional,Empresa pública,Água e Esgotos
31686000,Copasa Serviços de Saneamento Integrado do Norte e Nordeste de Minas Gerais S/A,COPANOR,Regional,Empresa pública,Água e Esgotos
31686000,Copasa Serviços de Saneamento Integrado do Norte e Nordeste de Minas Gerais S/A,COPANOR,Regional,Empresa pública,Água e Esgotos
31454011,Prefeitura Municipal de Olaria,PMO,Local,Administração pública direta,Água e Esgoto
31686000,Copasa Serviços de Saneamento Integrado do Norte e Nordeste de Minas Gerais S/A,COPANOR,Regional,Empresa pública,Água
31455011,Prefeitura Municipal de Olímpio Noronha,PMON,Local,Administração pública direta,Água e Esgoto
31456011,Serviço Autônomo de Água e Esgoto,SAAE,Local,Autarquia,Água e Esgoto
31062000,Companhia de Saneamento de Minas Gerais,COPASA,Regional,Sociedade de economia mista com administração pública,Água
31457011,Prefeitura Municipal de Oliveira Fortes,PMOF,Local,Administração pública direta,Esgoto
31062000,Companhia de Saneamento de Minas Gerais,COPASA,Regional,Sociedade de economia mista com administração pública,Água
31458011,Prefeitura Municipal de Onça de Pitangui,PMOT,Local,Administração pública direta,Esgoto
31062000,Companhia de Saneamento de Minas Gerais,COPASA,Regional,Sociedade de economia mista com administração pública,Água
31062000,Companhia de Saneamento de Minas Gerais,COPASA,Regional,Sociedade de economia mista com administração pública,Água e Esgotos
31460011,Departamento Municipal Autônomo de Água e Esgoto,DMAAE,Local,Autarquia,Água e Esgoto
31461012,Ouro Preto Serviços de Saneamento S.A.,SANEOURO,Local,Empresa privada,Água e Esgoto
31062000,Companhia de Saneamento de Minas Gerais,COPASA,Regional,Sociedade de economia mista com administração pública,Água e Esgotos
31686000,Copasa Serviços de Saneamento Integrado do Norte e Nordeste de Minas Gerais S/A,COPANOR,Regional,Empresa pública,Água e Esgotos
31062000,Companhia de Saneamento de Minas Gerais,COPASA,Regional,Sociedade de economia mista com administração pública,Água
31463011,Prefeitura Municipal de Padre Paraíso,PMPP,Local,Administração pública direta,Esgoto
31062000,Companhia de Saneamento de Minas Gerais,COPASA,Regional,Sociedade de economia mista com administração pública,Água
31062000,Companhia de Saneamento de Minas Gerais,COPASA,Regional,Sociedade de economia mista com administração pública,Água
31465011,Serviço Autônomo de Água e Esgoto de Pains,SAAE,Local,Autarquia,Água e Esgoto
31466011,Prefeitura Municipal de Paiva,PMP,Local,Administração pública direta,Água
31062000,Companhia de Saneamento de Minas Gerais,COPASA,Regional,Sociedade de economia mista com administração pública,Água
31062000,Companhia de Saneamento de Minas Gerais,COPASA,Regional,Sociedade de economia mista com administração pública,Água
31469011,Prefeitura Municipal de Papagaios,PMP,Local,Administração pública direta,Água e Esgoto
31471011,Águas de Pará de Minas S. A.,CAPAM,Local,Empresa privada,Água e Esgoto
31062000,Companhia de Saneamento de Minas Gerais,COPASA,Regional,Sociedade de economia mista com administração pública,Água e Esgotos
31472011,Concessionária de Saneamento Básico Ltda,COSÁGUA,Local,Empresa privada,Água e Esgoto
31473011,Serviço Autônomo de Água e Esgoto de Paraisópolis,SAAE,Local,Autarquia,Água e Esgoto
31062000,Companhia de Saneamento de Minas Gerais,COPASA,Regional,Sociedade de economia mista com administração pública,Água
31474011,Prefeitura Municipal de Paraopeba,PMP,Local,Administração pública direta,Esgoto
31476011,Prefeitura Municipal de Passa Quatro,PMPQ,Local,Administração pública direta,Água e Esgoto
31062000,Companhia de Saneamento de Minas Gerais,COPASA,Regional,Sociedade de economia mista com administração pública,Água
31477011,Prefeitura Municipal de Passa Tempo,PMPT,Local,Administração pública direta,Esgoto
31062000,Companhia de Saneamento de Minas Gerais,COPASA,Regional,Sociedade de economia mista com administração pública,Água
31062000,Companhia de Saneamento de Minas Gerais,COPASA,Regional,Sociedade de economia mista com administração pública,Água e Esgotos
31479011,Serviço Autônomo de Água e Esgoto,SAAE,Local,Autarquia,Água e Esgoto
31062000,Companhia de Saneamento de Minas Gerais,COPASA,Regional,Sociedade de economia mista com administração pública,Água
31062000,Companhia de Saneamento de Minas Gerais,COPASA,Regional,Sociedade de economia mista com administração pública,Água e Esgotos
31481011,Departamento de Água e Esgoto de Patrocínio,DAEPA,Local,Autarquia,Água e Esgoto
31062000,Companhia de Saneamento de Minas Gerais,COPASA,Regional,Sociedade de economia mista com administração pública,Água
31062000,Companhia de Saneamento de Minas Gerais,COPASA,Regional,Sociedade de economia mista com administração pública,Água
31483011,Prefeitura Municipal de Paula Candido,PMPC,Local,Administração pública direta,Esgoto
31062000,Companhia de Saneamento de Minas Gerais,COPASA,Regional,Sociedade de economia mista com administração pública,Água
31686000,Copasa Serviços de Saneamento Integrado do Norte e Nordeste de Minas Gerais S/A,COPANOR,Regional,Empresa pública,Água e Esgotos
31062000,Companhia de Saneamento de Minas Gerais,COPASA,Regional,Sociedade de economia mista com administração pública,Água
31486011,Prefeitura Municipal de Peçanha,PMP,Local,Administração pública direta,Esgoto
31062000,Companhia de Saneamento de Minas Gerais,COPASA,Regional,Sociedade de economia mista com administração pública,Água e Esgotos
31062000,Companhia de Saneamento de Minas Gerais,COPASA,Regional,Sociedade de economia mista com administração pública,Água
31488011,Prefeitura Municipal de Pedra do Anta,PMPA,Local,Administração pública direta,Esgoto
31062000,Companhia de Saneamento de Minas Gerais,COPASA,Regional,Sociedade de economia mista com administração pública,Água
31489011,Prefeitura Municipal de Pedra do Indaiá,PMPI,Local,Administração pública direta,Esgoto
31490011,Prefeitura Municipal de Pedra Dourada,PMPD,Local,Administração pública direta,Água e Esgoto
31062000,Companhia de Saneamento de Minas Gerais,COPASA,Regional,Sociedade de economia mista com administração pública,Água e Esgotos
31062000,Companhia de Saneamento de Minas Gerais,COPASA,Regional,Sociedade de economia mista com administração pública,Água e Esgotos
31062000,Companhia de Saneamento de Minas Gerais,COPASA,Regional,Sociedade de economia mista com administração pública,Água
31492011,Prefeitura Municipal de Pedrinópolis,PMP,Local,Administração pública direta,Esgoto
31062000,Companhia de Saneamento de Minas Gerais,COPASA,Regional,Sociedade de economia mista com administração pública,Água e Esgotos
31494011,Prefeitura Municipal de Pedro Teixeira,PMPT,Local,Administração pública direta,Água e Esgoto
31062000,Companhia de Saneamento de Minas Gerais,COPASA,Regional,Sociedade de economia mista com administração pública,Água
31496011,Prefeitura Municipal de Pequi,PMP,Local,Administração pública direta,Água e Esgoto
31062000,Companhia de Saneamento de Minas Gerais,COPASA,Regional,Sociedade de economia mista com administração pública,Água
31497011,Prefeitura Municipal de Perdigão,PMP,Local,Administração pública direta,Esgoto
31062000,Companhia de Saneamento de Minas Gerais,COPASA,Regional,Sociedade de economia mista com administração pública,Água
31498011,Prefeitura Municipal de Perdizes,PMP,Local,Administração pública direta,Esgoto
31062000,Companhia de Saneamento de Minas Gerais,COPASA,Regional,Sociedade de economia mista com administração pública,Água e Esgotos
31062000,Companhia de Saneamento de Minas Gerais,COPASA,Regional,Sociedade de economia mista com administração pública,Água
31499511,Prefeitura Municipal de Periquito,PMP,Local,Administração pública direta,Esgoto
31686000,Copasa Serviços de Saneamento Integrado do Norte e Nordeste de Minas Gerais S/A,COPANOR,Regional,Empresa pública,Água
31062000,Companhia de Saneamento de Minas Gerais,COPASA,Regional,Sociedade de economia mista com administração pública,Água
31062000,Companhia de Saneamento de Minas Gerais,COPASA,Regional,Sociedade de economia mista com administração pública,Água
31062000,Companhia de Saneamento de Minas Gerais,COPASA,Regional,Sociedade de economia mista com administração pública,Água
31062000,Companhia de Saneamento de Minas Gerais,COPASA,Regional,Sociedade de economia mista com administração pública,Água
31505011,Serviço Autônomo de Água e Esgoto,SAAE,Local,Autarquia,Água e Esgoto
31062000,Companhia de Saneamento de Minas Gerais,COPASA,Regional,Sociedade de economia mista com administração pública,Água
31505311,Prefeitura Municipal de Pingo-D'Água,PMPA,Local,Administração pública direta,Esgoto
31062000,Companhia de Saneamento de Minas Gerais,COPASA,Regional,Sociedade de economia mista com administração pública,Água
31505711,Prefeitura Municipal de Pintópolis,PMP,Local,Administração pública direta,Esgoto
31506011,Prefeitura Municipal de Piracema,PMP,Local,Administração pública direta,Água e Esgoto
31062000,Companhia de Saneamento de Minas Gerais,COPASA,Regional,Sociedade de economia mista com administração pública,Água e Esgotos
31062000,Companhia de Saneamento de Minas Gerais,COPASA,Regional,Sociedade de economia mista com administração pública,Água
31508011,Prefeitura Municipal de Piranga,PMP,Local,Administração pública direta,Esgoto
31062000,Companhia de Saneamento de Minas Gerais,COPASA,Regional,Sociedade de economia mista com administração pública,Água
31509011,Prefeitura Municipal de Piranguçu,PMP,Local,Administração pública direta,Esgoto
31062000,Companhia de Saneamento de Minas Gerais,COPASA,Regional,Sociedade de economia mista com administração pública,Água
31510011,Prefeitura Municipal de Piranguinho,PMP,Local,Administração pública direta,Esgoto
31062000,Companhia de Saneamento de Minas Gerais,COPASA,Regional,Sociedade de economia mista com administração pública,Água e Esgotos
31512011,Serviço Autônomo de Água e Esgoto,SAAE,Local,Autarquia,Água e Esgoto
31062000,Companhia de Saneamento de Minas Gerais,COPASA,Regional,Sociedade de economia mista com administração pública,Água
31513011,Prefeitura Municipal de Piraúba,PMP,Local,Administração pública direta,Esgoto
31062000,Companhia de Saneamento de Minas Gerais,COPASA,Regional,Sociedade de economia mista com administração pública,Água
31515011,Serviço Autônomo de Água e Esgoto,SAAE,Local,Autarquia,Água e Esgoto
31062000,Companhia de Saneamento de Minas Gerais,COPASA,Regional,Sociedade de economia mista com administração pública,Água
31516011,Prefeitura Municipal de Planura,PMP,Local,Administração pública direta,Esgoto
31062000,Companhia de Saneamento de Minas Gerais,COPASA,Regional,Sociedade de economia mista com administração pública,Água
31518011,Departamento Municipal de Água e Esgoto,DMAE,Local,Autarquia,Água e Esgoto
31519012,SERVIÇO AUTÔNOMO DE ÁGUA E ESGOTO,SAAE,Local,Autarquia,Água e Esgoto
31062000,Companhia de Saneamento de Minas Gerais,COPASA,Regional,Sociedade de economia mista com administração pública,Água
31520011,Prefeitura Municipal de Pompeu,PMP,Local,Administração pública direta,Esgoto
31521011,"Departamento Municipal de Água, Esgoto e Saneamento",DMAES,Local,Autarquia,Água e Esgoto
31062000,Companhia de Saneamento de Minas Gerais,COPASA,Regional,Sociedade de economia mista com administração pública,Água
31521311,Prefeitura Municipal de Ponto Chique,PMPC,Local,Administração pública direta,Esgoto
31686000,Copasa Serviços de Saneamento Integrado do Norte e Nordeste de Minas Gerais S/A,COPANOR,Regional,Empresa pública,Água
31062000,Companhia de Saneamento de Minas Gerais,COPASA,Regional,Sociedade de economia mista com administração pública,Água e Esgotos
31062000,Companhia de Saneamento de Minas Gerais,COPASA,Regional,Sociedade de economia mista com administração pública,Água
31062000,Companhia de Saneamento de Minas Gerais,COPASA,Regional,Sociedade de economia mista com administração pública,Água e Esgotos
31686000,Copasa Serviços de Saneamento Integrado do Norte e Nordeste de Minas Gerais S/A,COPANOR,Regional,Empresa pública,Água e Esgotos
31062000,Companhia de Saneamento de Minas Gerais,COPASA,Regional,Sociedade de economia mista com administração pública,Água e Esgotos
31062000,Companhia de Saneamento de Minas Gerais,COPASA,Regional,Sociedade de economia mista com administração pública,Água e Esgotos
31062000,Companhia de Saneamento de Minas Gerais,COPASA,Regional,Sociedade de economia mista com administração pública,Água
31528011,Prefeitura Municipal de Prata,PMP,Local,Administração pública direta,Esgoto
31529011,Prefeitura Municipal de Pratápolis,PMP,Local,Administração pública direta,Água e Esgoto
31530011,Prefeitura Municipal de Pratinha,PMP,Local,Administração pública direta,Água e Esgoto
31062000,Companhia de Saneamento de Minas Gerais,COPASA,Regional,Sociedade de economia mista com administração pública,Água e Esgotos
31062000,Companhia de Saneamento de Minas Gerais,COPASA,Regional,Sociedade de economia mista com administração pública,Água
31532011,Prefeitura Municipal de Presidente Juscelino,PMPJ,Local,Administração pública direta,Esgoto
31533011,Prefeitura Municipal de Presidente Kubitschek,PMPK,Local,Administração pública direta,Água e Esgoto
31062000,Companhia de Saneamento de Minas Gerais,COPASA,Regional,Sociedade de economia mista com administração pública,Água
31534011,Prefeitura Municipal de Presidente Olegário,PMPO,Local,Administração pública direta,Esgoto
31062000,Companhia de Saneamento de Minas Gerais,COPASA,Regional,Sociedade de economia mista com administração pública,Água e Esgotos
31062000,Companhia de Saneamento de Minas Gerais,COPASA,Regional,Sociedade de economia mista com administração pública,Água e Esgotos
31538011,Prefeitura Municipal de Queluzito,PMQ,Local,Administração pública direta,Água e Esgoto
31062000,Companhia de Saneamento de Minas Gerais,COPASA,Regional,Sociedade de economia mista com administração pública,Água e Esgotos
31540011,Serviço Autônomo de Água e Esgoto,SAAE,Local,Autarquia,Água e Esgoto
31541011,Serviço Autônomo de Água e Esgoto,SAAE,Local,Autarquia,Água e Esgoto
31541511,Prefeitura Municipal de Reduto,PMR,Local,Administração pública direta,Água e Esgoto
31062000,Companhia de Saneamento de Minas Gerais,COPASA,Regional,Sociedade de economia mista com administração pública,Água e Esgotos
31062000,Companhia de Saneamento de Minas Gerais,COPASA,Regional,Sociedade de economia mista com administração pública,Água e Esgotos
31062000,Companhia de Saneamento de Minas Gerais,COPASA,Regional,Sociedade de economia mista com administração pública,Água
31062000,Companhia de Saneamento de Minas Gerais,COPASA,Regional,Sociedade de economia mista com administração pública,Água
31062000,Companhia de Saneamento de Minas Gerais,COPASA,Regional,Sociedade de economia mista com administração pública,Água e Esgotos
31062000,Companhia de Saneamento de Minas Gerais,COPASA,Regional,Sociedade de economia mista com administração pública,Água e Esgotos
31062000,Companhia de Saneamento de Minas Gerais,COPASA,Regional,Sociedade de economia mista com administração pública,Água
31547011,Prefeitura Municipal de Ribeirão Vermelho,PMRV,Local,Administração pública direta,Esgoto
31548011,Prefeitura Municipal de Rio Acima,PMRA,Local,Administração pública direta,Água e Esgoto
31062000,Companhia de Saneamento de Minas Gerais,COPASA,Regional,Sociedade de economia mista com administração pública,Água e Esgotos
31686000,Copasa Serviços de Saneamento Integrado do Norte e Nordeste de Minas Gerais S/A,COPANOR,Regional,Empresa pública,Água e Esgotos
31550011,Prefeitura Municipal de Rio Doce,PMRD,Local,Administração pública direta,Água e Esgoto
31062000,Companhia de Saneamento de Minas Gerais,COPASA,Regional,Sociedade de economia mista com administração pública,Água
31062000,Companhia de Saneamento de Minas Gerais,COPASA,Regional,Sociedade de economia mista com administração pública,Água
31062000,Companhia de Saneamento de Minas Gerais,COPASA,Regional,Sociedade de economia mista com administração pública,Água
31554011,Prefeitura Municipal de Rio Novo,PMRN,Local,Administração pública direta,Esgoto
31062000,Companhia de Saneamento de Minas Gerais,COPASA,Regional,Sociedade de economia mista com administração pública,Água
31062000,Companhia de Saneamento de Minas Gerais,COPASA,Regional,Sociedade de economia mista com administração pública,Água e Esgotos
31062000,Companhia de Saneamento de Minas Gerais,COPASA,Regional,Sociedade de economia mista com administração pública,Água
31557011,Prefeitura Municipal de Rio Piracicaba,PMRP,Local,Administração pública direta,Esgoto
31062000,Companhia de Saneamento de Minas Gerais,COPASA,Regional,Sociedade de economia mista com administração pública,Água
31558011,Prefeitura Municipal de Rio Pomba,PMRP,Local,Administração pública direta,Esgoto
31559011,Prefeitura Municipal de Rio Preto,PMRP,Local,Administração pública direta,Água
31062000,Companhia de Saneamento de Minas Gerais,COPASA,Regional,Sociedade de economia mista com administração pública,Água
31560011,Prefeitura Municipal de Rio Vermelho,PMRV,Local,Administração pública direta,Esgoto
31062000,Companhia de Saneamento de Minas Gerais,COPASA,Regional,Sociedade de economia mista com administração pública,Água
31562011,Prefeitura Municipal de Rochedo de Minas,PMRM,Local,Administração pública direta,Água e Esgoto
31062000,Companhia de Saneamento de Minas Gerais,COPASA,Regional,Sociedade de economia mista com administração pública,Água
31563011,Prefeitura Municipal de Rodeiro,PMR,Local,Administração pública direta,Esgoto
31062000,Companhia de Saneamento de Minas Gerais,COPASA,Regional,Sociedade de economia mista com administração pública,Água
31564511,Prefeitura Municipal de Rosário da Limeira,PMRL,Local,Administração pública direta,Esgoto
31686000,Copasa Serviços de Saneamento Integrado do Norte e Nordeste de Minas Gerais S/A,COPANOR,Regional,Empresa pública,Água e Esgotos
31062000,Companhia de Saneamento de Minas Gerais,COPASA,Regional,Sociedade de economia mista com administração pública,Água
31686000,Copasa Serviços de Saneamento Integrado do Norte e Nordeste de Minas Gerais S/A,COPANOR,Regional,Empresa pública,Água
31566011,Prefeitura Municipal de Rubim,PMR,Local,Administração pública direta,Esgoto
31062000,Companhia de Saneamento de Minas Gerais,COPASA,Regional,Sociedade de economia mista com administração pública,Água e Esgotos
31568011,Serviço Autônomo de Água e Esgoto,SAAE,Local,Autarquia,Água e Esgoto
31569011,Serviço Autônomo de Água e Esgoto de Sacramento,SAAE,Local,Autarquia,Água e Esgoto
31062000,Companhia de Saneamento de Minas Gerais,COPASA,Regional,Sociedade de economia mista com administração pública,Água e Esgotos
31686000,Copasa Serviços de Saneamento Integrado do Norte e Nordeste de Minas Gerais S/A,COPANOR,Regional,Empresa pública,Água e Esgotos
31062000,Companhia de Saneamento de Minas Gerais,COPASA,Regional,Sociedade de economia mista com administração pública,Água
31062000,Companhia de Saneamento de Minas Gerais,COPASA,Regional,Sociedade de economia mista com administração pública,Água
31572011,Prefeitura Municipal de Santa Bárbara,PMSB,Local,Administração pública direta,Esgoto
31062000,Companhia de Saneamento de Minas Gerais,COPASA,Regional,Sociedade de economia mista com administração pública,Água
31062000,Companhia de Saneamento de Minas Gerais,COPASA,Regional,Sociedade de economia mista com administração pública,Água
31573311,Prefeitura Municipal de Santa Cruz de Minas,PMSCM,Local,Administração pública direta,Água e Esgoto
31686000,Copasa Serviços de Saneamento Integrado do Norte e Nordeste de Minas Gerais S/A,COPANOR,Regional,Empresa pública,Água e Esgotos
31062000,Companhia de Saneamento de Minas Gerais,COPASA,Regional,Sociedade de economia mista com administração pública,Água
31574011,Prefeitura Municipal de Santa Cruz do Escalvado,PMSCE,Local,Administração pública direta,Esgoto
31062000,Companhia de Saneamento de Minas Gerais,COPASA,Regional,Sociedade de economia mista com administração pública,Água
31062000,Companhia de Saneamento de Minas Gerais,COPASA,Regional,Sociedade de economia mista com administração pública,Água
31686000,Copasa Serviços de Saneamento Integrado do Norte e Nordeste de Minas Gerais S/A,COPANOR,Regional,Empresa pública,Água e Esgotos
31062000,Companhia de Saneamento de Minas Gerais,COPASA,Regional,Sociedade de economia mista com administração pública,Água
31577011,Prefeitura Municipal de Santa Juliana,PMSJ,Local,Administração pública direta,Esgoto
31062000,Companhia de Saneamento de Minas Gerais,COPASA,Regional,Sociedade de economia mista com administração pública,Água e Esgotos
31062000,Companhia de Saneamento de Minas Gerais,COPASA,Regional,Sociedade de economia mista com administração pública,Água
31579011,Prefeitura Municipal de Santa Margarida,PMSM,Local,Administração pública direta,Esgoto
31062000,Companhia de Saneamento de Minas Gerais,COPASA,Regional,Sociedade de economia mista com administração pública,Água
31580011,Prefeitura Municipal de Santa Maria de Itabira,PMSMI,Local,Administração pública direta,Esgoto
31686000,Copasa Serviços de Saneamento Integrado do Norte e Nordeste de Minas Gerais S/A,COPANOR,Regional,Empresa pública,Água e Esgotos
31062000,Companhia de Saneamento de Minas Gerais,COPASA,Regional,Sociedade de economia mista com administração pública,Água e Esgotos
31062000,Companhia de Saneamento de Minas Gerais,COPASA,Regional,Sociedade de economia mista com administração pública,Água e Esgotos
31062000,Companhia de Saneamento de Minas Gerais,COPASA,Regional,Sociedade de economia mista com administração pública,Água
31062000,Companhia de Saneamento de Minas Gerais,COPASA,Regional,Sociedade de economia mista com administração pública,Água
31062000,Companhia de Saneamento de Minas Gerais,COPASA,Regional,Sociedade de economia mista com administração pública,Água
31062000,Companhia de Saneamento de Minas Gerais,COPASA,Regional,Sociedade de economia mista com administração pública,Água e Esgotos
31062000,Companhia de Saneamento de Minas Gerais,COPASA,Regional,Sociedade de economia mista com administração pública,Água
31062000,Companhia de Saneamento de Minas Gerais,COPASA,Regional,Sociedade de economia mista com administração pública,Água
31598011,Prefeitura Municipal de Santa Vitória,PMSV,Local,Administração pública direta,Esgoto
31062000,Companhia de Saneamento de Minas Gerais,COPASA,Regional,Sociedade de economia mista com administração pública,Água e Esgotos
31062000,Companhia de Saneamento de Minas Gerais,COPASA,Regional,Sociedade de economia mista com administração pública,Água
31584011,Prefeitura Municipal de Santana de Catáguases,PMSC,Local,Administração pública direta,Esgoto
31062000,Companhia de Saneamento de Minas Gerais,COPASA,Regional,Sociedade de economia mista com administração pública,Água
31585011,Prefeitura Municipal de Santana de Pirapama,PMSP,Local,Administração pública direta,Esgoto
31062000,Companhia de Saneamento de Minas Gerais,COPASA,Regional,Sociedade de economia mista com administração pública,Água
31587011,Prefeitura Municipal de Santana do Garambéu,PMSG,Local,Administração pública direta,Água e Esgoto
31062000,Companhia de Saneamento de Minas Gerais,COPASA,Regional,Sociedade de economia mista com administração pública,Água
31588011,Prefeitura Municipal de Santana do Jacaré,PMSJ,Local,Administração pública direta,Esgoto
31062000,Companhia de Saneamento de Minas Gerais,COPASA,Regional,Sociedade de economia mista com administração pública,Água
31589011,Prefeitura Municipal de Santana do Manhuaçu,PMSM,Local,Administração pública direta,Esgoto
31062000,Companhia de Saneamento de Minas Gerais,COPASA,Regional,Sociedade de economia mista com administração pública,Água e Esgotos
31062000,Companhia de Saneamento de Minas Gerais,COPASA,Regional,Sociedade de economia mista com administração pública,Água
31590011,Prefeitura Municipal de Santana do Riacho,PMSR,Local,Administração pública direta,Água
31591011,Prefeitura Municipal de Santana dos Montes,PMSM,Local,Administração pública direta,Água e Esgoto
31599012,Águas de Santo Antonio do Amparo,ASAP,Local,Empresa privada,Água e Esgoto
31062000,Companhia de Saneamento de Minas Gerais,COPASA,Regional,Sociedade de economia mista com administração pública,Água
31062000,Companhia de Saneamento de Minas Gerais,COPASA,Regional,Sociedade de economia mista com administração pública,Água
31601011,Prefeitura Municipal de Santo Antonio do Grama,PMSAG,Local,Administração pública direta,Esgoto
31062000,Companhia de Saneamento de Minas Gerais,COPASA,Regional,Sociedade de economia mista com administração pública,Água
31062000,Companhia de Saneamento de Minas Gerais,COPASA,Regional,Sociedade de economia mista com administração pública,Água
31603011,Prefeitura Municipal de Santo Antônio do Jacinto,PMS,Local,Administração pública direta,Esgoto
31062000,Companhia de Saneamento de Minas Gerais,COPASA,Regional,Sociedade de economia mista com administração pública,Água e Esgotos
31062000,Companhia de Saneamento de Minas Gerais,COPASA,Regional,Sociedade de economia mista com administração pública,Água e Esgotos
31062000,Companhia de Saneamento de Minas Gerais,COPASA,Regional,Sociedade de economia mista com administração pública,Água
31062000,Companhia de Saneamento de Minas Gerais,COPASA,Regional,Sociedade de economia mista com administração pública,Água e Esgotos
31062000,Companhia de Saneamento de Minas Gerais,COPASA,Regional,Sociedade de economia mista com administração pública,Água
31608011,Prefeitura Municipal de São Bento Abade,PMSBA,Local,Administração pública direta,Esgoto
31062000,Companhia de Saneamento de Minas Gerais,COPASA,Regional,Sociedade de economia mista com administração pública,Água
31062000,Companhia de Saneamento de Minas Gerais,COPASA,Regional,Sociedade de economia mista com administração pública,Água
31062000,Companhia de Saneamento de Minas Gerais,COPASA,Regional,Sociedade de economia mista com administração pública,Água
31610011,Prefeitura Municipal de São Domingos do Prata,PMSDP,Local,Administração pública direta,Esgoto
31686000,Copasa Serviços de Saneamento Integrado do Norte e Nordeste de Minas Gerais S/A,COPANOR,Regional,Empresa pública,Água e Esgotos
31062000,Companhia de Saneamento de Minas Gerais,COPASA,Regional,Sociedade de economia mista com administração pública,Água e Esgotos
31062000,Companhia de Saneamento de Minas Gerais,COPASA,Regional,Sociedade de economia mista com administração pública,Água
31612011,Prefeitura Municipal de São Francisco de Paula,PMSFP,Local,Administração pública direta,Esgoto
31062000,Companhia de Saneamento de Minas Gerais,COPASA,Regional,Sociedade de economia mista com administração pública,Água
31613011,Prefeitura Municipal de São Francisco de Sales,PMSFS,Local,Administração pública direta,Esgoto
31614011,Prefeitura Municipal de São Francisco do Glória,PMSFG,Local,Administração pública direta,Água e Esgoto
31062000,Companhia de Saneamento de Minas Gerais,COPASA,Regional,Sociedade de economia mista com administração pública,Água
31615011,Prefeitura Municipal de São Geraldo,PMSG,Local,Administração pública direta,Esgoto
31616011,Prefeitura Municipal de São Geraldo da Piedade,PMSGP,Local,Administração pública direta,Água e Esgoto
31616511,Prefeitura Municipal de São Geraldo do Baixio,PMSGB,Local,Administração pública direta,Água e Esgoto
31062000,Companhia de Saneamento de Minas Gerais,COPASA,Regional,Sociedade de economia mista com administração pública,Água e Esgotos
31062000,Companhia de Saneamento de Minas Gerais,COPASA,Regional,Sociedade de economia mista com administração pública,Água
31618011,Prefeitura Municipal de São Gonçalo do Pará,PMSGP,Local,Administração pública direta,Esgoto
31619011,Prefeitura Municipal de São Gonçalo do Rio Abaixo,PMSGRA,Local,Administração pública direta,Água e Esgoto
31686000,Copasa Serviços de Saneamento Integrado do Norte e Nordeste de Minas Gerais S/A,COPANOR,Regional,Empresa pública,Água e Esgotos
31062000,Companhia de Saneamento de Minas Gerais,COPASA,Regional,Sociedade de economia mista com administração pública,Água
31620011,Prefeitura Municipal de São Gonçalo do Sapucaí,PMSGS,Local,Administração pública direta,Esgoto
31062000,Companhia de Saneamento de Minas Gerais,COPASA,Regional,Sociedade de economia mista com administração pública,Água e Esgotos
31622011,Serviço de Autônomo de Água e Esgoto,SAAE,Local,Autarquia,Água e Esgoto
31622511,Prefeitura Municipal de São João da Lagoa,PMSJL,Local,Administração pública direta,Água
31623011,Prefeitura Municipal de São João da Mata,PMSJ,Local,Administração pública direta,Água e Esgoto
31062000,Companhia de Saneamento de Minas Gerais,COPASA,Regional,Sociedade de economia mista com administração pública,Água e Esgotos
31062000,Companhia de Saneamento de Minas Gerais,COPASA,Regional,Sociedade de economia mista com administração pública,Água
31062000,Companhia de Saneamento de Minas Gerais,COPASA,Regional,Sociedade de economia mista com administração pública,Água e Esgotos
31625011,Departamento Autônomo Municipal de Água e Esgoto,DAMAE,Local,Autarquia,Água e Esgoto
31062000,Companhia de Saneamento de Minas Gerais,COPASA,Regional,Sociedade de economia mista com administração pública,Água e Esgotos
31686000,Copasa Serviços de Saneamento Integrado do Norte e Nordeste de Minas Gerais S/A,COPANOR,Regional,Empresa pública,Água e Esgotos
31625712,Prefeitura Municipal de São João do Manteninha,PMSJM,Local,Administração pública direta,Água e Esgoto
31062000,Companhia de Saneamento de Minas Gerais,COPASA,Regional,Sociedade de economia mista com administração pública,Água
31626511,Prefeitura Municipal de São João do Pacuí,PMSJP,Local,Administração pública direta,Água
31062000,Companhia de Saneamento de Minas Gerais,COPASA,Regional,Sociedade de economia mista com administração pública,Água e Esgotos
31062000,Companhia de Saneamento de Minas Gerais,COPASA,Regional,Sociedade de economia mista com administração pública,Água
31628011,Prefeitura Municipal de São João Evangelista,PMSJE,Local,Administração pública direta,Esgoto
31062000,Companhia de Saneamento de Minas Gerais,COPASA,Regional,Sociedade de economia mista com administração pública,Água e Esgotos
31062000,Companhia de Saneamento de Minas Gerais,COPASA,Regional,Sociedade de economia mista com administração pública,Água e Esgotos
31062000,Companhia de Saneamento de Minas Gerais,COPASA,Regional,Sociedade de economia mista com administração pública,Água
31629411,Prefeitura Municipal de São José da Barra,PMSJB,Local,Administração pública direta,Esgoto
31062000,Companhia de Saneamento de Minas Gerais,COPASA,Regional,Sociedade de economia mista com administração pública,Água e Esgotos
31062000,Companhia de Saneamento de Minas Gerais,COPASA,Regional,Sociedade de economia mista com administração pública,Água
31630011,Prefeitura Municipal de São José da Safira,PMSJS,Local,Administração pública direta,Esgoto
31631011,Prefeitura Municipal de São José da Varginha,PMSJV,Local,Administração pública direta,Água e Esgoto
31062000,Companhia de Saneamento de Minas Gerais,COPASA,Regional,Sociedade de economia mista com administração pública,Água
31632011,Prefeitura Municipal de São José do Alegre,PMSJA,Local,Administração pública direta,Esgoto
31686000,Copasa Serviços de Saneamento Integrado do Norte e Nordeste de Minas Gerais S/A,COPANOR,Regional,Empresa pública,Água e Esgotos
31062000,Companhia de Saneamento de Minas Gerais,COPASA,Regional,Sociedade de economia mista com administração pública,Água
31634011,Prefeitura Municipal de São José do Goiabal,PMSJG,Local,Administração pública direta,Esgoto
31062000,Companhia de Saneamento de Minas Gerais,COPASA,Regional,Sociedade de economia mista com administração pública,Água e Esgotos
31062000,Companhia de Saneamento de Minas Gerais,COPASA,Regional,Sociedade de economia mista com administração pública,Água
31636011,Prefeitura Municipal de São José do Mantimento,PMSJM,Local,Administração pública direta,Esgoto
31637011,Serviço Autônomo de Água e Esgoto,SAAE,Local,Autarquia,Água e Esgoto
31062000,Companhia de Saneamento de Minas Gerais,COPASA,Regional,Sociedade de economia mista com administração pública,Água
31062000,Companhia de Saneamento de Minas Gerais,COPASA,Regional,Sociedade de economia mista com administração pública,Água
31639011,Prefeitura Municipal de São Pedro da União,PMSPU,Local,Administração pública direta,Esgoto
31062000,Companhia de Saneamento de Minas Gerais,COPASA,Regional,Sociedade de economia mista com administração pública,Água
31641011,Prefeitura Municipal de São Pedro do Suaçuí,PMSPS,Local,Administração pública direta,Esgoto
31062000,Companhia de Saneamento de Minas Gerais,COPASA,Regional,Sociedade de economia mista com administração pública,Água
31062000,Companhia de Saneamento de Minas Gerais,COPASA,Regional,Sociedade de economia mista com administração pública,Água e Esgotos
31062000,Companhia de Saneamento de Minas Gerais,COPASA,Regional,Sociedade de economia mista com administração pública,Água e Esgotos
31062000,Companhia de Saneamento de Minas Gerais,COPASA,Regional,Sociedade de economia mista com administração pública,Água
31644311,Prefeitura Municipal de São Sebastião da Vargem Alegre,PMSSVA,Local,Administração pública direta,Esgoto
31062000,Companhia de Saneamento de Minas Gerais,COPASA,Regional,Sociedade de economia mista com administração pública,Água
31062000,Companhia de Saneamento de Minas Gerais,COPASA,Regional,Sociedade de economia mista com administração pública,Água e Esgotos
31062000,Companhia de Saneamento de Minas Gerais,COPASA,Regional,Sociedade de economia mista com administração pública,Água
31646011,Prefeitura Municipal de São Sebastião do Oeste,PMSSO,Local,Administração pública direta,Esgoto
31062000,Companhia de Saneamento de Minas Gerais,COPASA,Regional,Sociedade de economia mista com administração pública,Água e Esgotos
31648011,Prefeitura Municipal de São Sebastião do Rio Preto,PMSSRP,Local,Administração pública direta,Água
31649011,Prefeitura Municipal de São Sebastião do Rio Verde,PMSSRV,Local,Administração pública direta,Água e Esgoto
31062000,Companhia de Saneamento de Minas Gerais,COPASA,Regional,Sociedade de economia mista com administração pública,Água
31062000,Companhia de Saneamento de Minas Gerais,COPASA,Regional,Sociedade de economia mista com administração pública,Água e Esgotos
31062000,Companhia de Saneamento de Minas Gerais,COPASA,Regional,Sociedade de economia mista com administração pública,Água
31651011,Prefeitura Municipal de São Tomás de Aquino,PMSTA,Local,Administração pública direta,Esgoto
31062000,Companhia de Saneamento de Minas Gerais,COPASA,Regional,Sociedade de economia mista com administração pública,Água
31653011,Prefeitura Municipal de São Vicente de Minas,PMSVM,Local,Administração pública direta,Esgoto
31062000,Companhia de Saneamento de Minas Gerais,COPASA,Regional,Sociedade de economia mista com administração pública,Água e Esgotos
31062000,Companhia de Saneamento de Minas Gerais,COPASA,Regional,Sociedade de economia mista com administração pública,Água
31655011,Prefeitura Municipal de Sardoá,PMS,Local,Administração pública direta,Esgoto
31062000,Companhia de Saneamento de Minas Gerais,COPASA,Regional,Sociedade de economia mista com administração pública,Água e Esgotos
31062000,Companhia de Saneamento de Minas Gerais,COPASA,Regional,Sociedade de economia mista com administração pública,Água
31655711,Prefeitura Municipal de Senador Amaral,PMSA,Local,Administração pública direta,Esgoto
31656011,Prefeitura Municipal de Senador Cortes,PMSC,Local,Administração pública direta,Água e Esgoto
31657011,Serviço Autônomo de Água e Esgoto,SAAE,Local,Autarquia,Água e Esgoto
31658011,Prefeitura Municipal de Senador José Bento,PMSJB,Local,Administração pública direta,Água e Esgoto
31062000,Companhia de Saneamento de Minas Gerais,COPASA,Regional,Sociedade de economia mista com administração pública,Água
31659011,Prefeitura Municipal de Senador Modestino Gonçalves,PMSMG,Local,Administração pública direta,Esgoto
31660011,Serviço Autônomo de Água e Esgoto,SAAE,Local,Autarquia,Água e Esgoto
31062000,Companhia de Saneamento de Minas Gerais,COPASA,Regional,Sociedade de economia mista com administração pública,Água
31662011,Prefeitura Municipal de Senhora dos Remédios,PMSR,Local,Administração pública direta,Água e Esgoto
31062000,Companhia de Saneamento de Minas Gerais,COPASA,Regional,Sociedade de economia mista com administração pública,Água
31664011,Prefeitura Municipal de Seritinga,PMS,Local,Administração pública direta,Água e Esgoto
31062000,Companhia de Saneamento de Minas Gerais,COPASA,Regional,Sociedade de economia mista com administração pública,Água e Esgotos
31062000,Companhia de Saneamento de Minas Gerais,COPASA,Regional,Sociedade de economia mista com administração pública,Água e Esgotos
31062000,Companhia de Saneamento de Minas Gerais,COPASA,Regional,Sociedade de economia mista com administração pública,Água
31668011,Prefeitura Municipal de Serra do Salitre,PMSS,Local,Administração pública direta,Esgoto
31062000,Companhia de Saneamento de Minas Gerais,COPASA,Regional,Sociedade de economia mista com administração pública,Água e Esgotos
31686000,Copasa Serviços de Saneamento Integrado do Norte e Nordeste de Minas Gerais S/A,COPANOR,Regional,Empresa pública,Água
31062000,Companhia de Saneamento de Minas Gerais,COPASA,Regional,Sociedade de economia mista com administração pública,Água
31669011,Prefeitura Municipal de Serrania,PMS,Local,Administração pública direta,Esgoto
31062000,Companhia de Saneamento de Minas Gerais,COPASA,Regional,Sociedade de economia mista com administração pública,Água
31062000,Companhia de Saneamento de Minas Gerais,COPASA,Regional,Sociedade de economia mista com administração pública,Água e Esgotos
31686000,Copasa Serviços de Saneamento Integrado do Norte e Nordeste de Minas Gerais S/A,COPANOR,Regional,Empresa pública,Água e Esgotos
31672011,"Serviço Autônomo de Água, Esgoto e Saneamento Urbano",SAAE,Local,Autarquia,Água e Esgoto
31686000,Copasa Serviços de Saneamento Integrado do Norte e Nordeste de Minas Gerais S/A,COPANOR,Regional,Empresa pública,Água e Esgotos
31062000,Companhia de Saneamento de Minas Gerais,COPASA,Regional,Sociedade de economia mista com administração pública,Água
31673011,Prefeitura Municipal de Silveirania,PMS,Local,Administração pública direta,Esgoto
31674011,Prefeitura Municipal de Silvianópolis,PMS,Local,Administração pública direta,Água e Esgoto
31675011,Prefeitura Municipal de Simão Pereira,PMSP,Local,Administração pública direta,Água e Esgoto
31062000,Companhia de Saneamento de Minas Gerais,COPASA,Regional,Sociedade de economia mista com administração pública,Água
31676011,Prefeitura Municipal de Simonésia,pmsim,Local,Administração pública direta,Esgoto
31062000,Companhia de Saneamento de Minas Gerais,COPASA,Regional,Sociedade de economia mista com administração pública,Água
31677011,Prefeitura Municipal de Sobrália,PMS,Local,Administração pública direta,Esgoto
31678011,SAAE - Serviço Autônomo de Água e Esgoto,SAAE,Local,Autarquia,Água e Esgoto
31062000,Companhia de Saneamento de Minas Gerais,COPASA,Regional,Sociedade de economia mista com administração pública,Água
31679011,Prefeitura Municipal de Tabuleiro,PMT,Local,Administração pública direta,Esgoto
31062000,Companhia de Saneamento de Minas Gerais,COPASA,Regional,Sociedade de economia mista com administração pública,Água e Esgotos
31686000,Copasa Serviços de Saneamento Integrado do Norte e Nordeste de Minas Gerais S/A,COPANOR,Regional,Empresa pública,Água
31680511,Serviço Autônomo de Água e Esgotos de Taparuba,SAAE,Local,Autarquia,Água e Esgoto
31062000,Companhia de Saneamento de Minas Gerais,COPASA,Regional,Sociedade de economia mista com administração pública,Água
31062000,Companhia de Saneamento de Minas Gerais,COPASA,Regional,Sociedade de economia mista com administração pública,Água
31682011,Prefeitura Municipal de Tapiraí,PMT,Local,Administração pública direta,Esgoto
31062000,Companhia de Saneamento de Minas Gerais,COPASA,Regional,Sociedade de economia mista com administração pública,Água e Esgotos
31062000,Companhia de Saneamento de Minas Gerais,COPASA,Regional,Sociedade de economia mista com administração pública,Água
31684011,Prefeitura Municipal de Tarumirim,PMT,Local,Administração pública direta,Esgoto
31062000,Companhia de Saneamento de Minas Gerais,COPASA,Regional,Sociedade de economia mista com administração pública,Água
31062000,Companhia de Saneamento de Minas Gerais,COPASA,Regional,Sociedade de economia mista com administração pública,Água e Esgotos
31686000,Copasa Serviços de Saneamento Integrado do Norte e Nordeste de Minas Gerais S/A,COPANOR,Regional,Empresa pública,Água e Esgotos
31062000,Companhia de Saneamento de Minas Gerais,COPASA,Regional,Sociedade de economia mista com administração pública,Água e Esgotos
31062000,Companhia de Saneamento de Minas Gerais,COPASA,Regional,Sociedade de economia mista com administração pública,Água e Esgotos
31062000,Companhia de Saneamento de Minas Gerais,COPASA,Regional,Sociedade de economia mista com administração pública,Água
31689011,Prefeitura Municipal de Tiros,PMT,Local,Administração pública direta,Esgoto
31690011,Prefeitura Municipal de Tocantins,PMT,Local,Administração pública direta,Água e Esgoto
31690511,Prefeitura Municipal de Tocos do Moji,PMTM,Local,Administração pública direta,Água
31062000,Companhia de Saneamento de Minas Gerais,COPASA,Regional,Sociedade de economia mista com administração pública,Água
31692011,Serviço Autônomo de Água e Esgoto,SAAE,Local,Autarquia,Água e Esgoto
31062000,Companhia de Saneamento de Minas Gerais,COPASA,Regional,Sociedade de economia mista com administração pública,Água e Esgotos
31062000,Companhia de Saneamento de Minas Gerais,COPASA,Regional,Sociedade de economia mista com administração pública,Água e Esgotos
31694011,Serviço Autônomo de Água e Esgoto,SAAE,Local,Autarquia,Água e Esgoto
31062000,Companhia de Saneamento de Minas Gerais,COPASA,Regional,Sociedade de economia mista com administração pública,Água
31695011,Prefeitura Municipal de Tumiritinga,PMT,Local,Administração pública direta,Esgoto
31696011,Departamento de Água e Esgoto,DAE,Local,Autarquia,Água e Esgoto
31062000,Companhia de Saneamento de Minas Gerais,COPASA,Regional,Sociedade de economia mista com administração pública,Água e Esgotos
31686000,Copasa Serviços de Saneamento Integrado do Norte e Nordeste de Minas Gerais S/A,COPANOR,Regional,Empresa pública,Água e Esgotos
31062000,Companhia de Saneamento de Minas Gerais,COPASA,Regional,Sociedade de economia mista com administração pública,Água
31062000,Companhia de Saneamento de Minas Gerais,COPASA,Regional,Sociedade de economia mista com administração pública,Água e Esgotos
31062000,Companhia de Saneamento de Minas Gerais,COPASA,Regional,Sociedade de economia mista com administração pública,Água
31062000,Companhia de Saneamento de Minas Gerais,COPASA,Regional,Sociedade de economia mista com administração pública,Água
31700511,Prefeitura Municipal de Ubaporanga,PMU,Local,Administração pública direta,Esgoto
31701011,"Companhia Operacional de Desenvolvimento, Saneamento e Ações Urbanas de Uberaba",CODAU,Local,Autarquia,Água e Esgoto
31702011,Departamento Municipal de Água e Esgoto,DMAE,Local,Autarquia,Água e Esgoto
31686000,Copasa Serviços de Saneamento Integrado do Norte e Nordeste de Minas Gerais S/A,COPANOR,Regional,Empresa pública,Água e Esgotos
31704011,Serviço Municipal de Saneamento Básico,SAAE,Local,Autarquia,Água e Esgoto
31062000,Companhia de Saneamento de Minas Gerais,COPASA,Regional,Sociedade de economia mista com administração pública,Água e Esgotos
31704711,Prefeitura Municipal de Uruana de Minas,PMUM,Local,Administração pública direta,Água e Esgoto
31062000,Companhia de Saneamento de Minas Gerais,COPASA,Regional,Sociedade de economia mista com administração pública,Água
31705011,Prefeitura Municipal de Urucânia,PMU,Local,Administração pública direta,Esgoto
31062000,Companhia de Saneamento de Minas Gerais,COPASA,Regional,Sociedade de economia mista com administração pública,Água
31705211,Prefeitura Municipal de Urucuia,PMU,Local,Administração pública direta,Esgoto
31062000,Companhia de Saneamento de Minas Gerais,COPASA,Regional,Sociedade de economia mista com administração pública,Água
31062000,Companhia de Saneamento de Minas Gerais,COPASA,Regional,Sociedade de economia mista com administração pública,Água
31706011,Prefeitura Municipal de Vargem Bonita,PMVB,Local,Administração pública direta,Esgoto
31062000,Companhia de Saneamento de Minas Gerais,COPASA,Regional,Sociedade de economia mista com administração pública,Água
31062000,Companhia de Saneamento de Minas Gerais,COPASA,Regional,Sociedade de economia mista com administração pública,Água e Esgotos
31062000,Companhia de Saneamento de Minas Gerais,COPASA,Regional,Sociedade de economia mista com administração pública,Água
31062000,Companhia de Saneamento de Minas Gerais,COPASA,Regional,Sociedade de economia mista com administração pública,Água e Esgotos
31062000,Companhia de Saneamento de Minas Gerais,COPASA,Regional,Sociedade de economia mista com administração pública,Água e Esgotos
31062000,Companhia de Saneamento de Minas Gerais,COPASA,Regional,Sociedade de economia mista com administração pública,Água e Esgotos
31062000,Companhia de Saneamento de Minas Gerais,COPASA,Regional,Sociedade de economia mista com administração pública,Água
31686000,Copasa Serviços de Saneamento Integrado do Norte e Nordeste de Minas Gerais S/A,COPANOR,Regional,Empresa pública,Água e Esgotos
31062000,Companhia de Saneamento de Minas Gerais,COPASA,Regional,Sociedade de economia mista com administração pública,Água
31711011,Prefeitura Municipal de Veríssimo,PMV,Local,Administração pública direta,Esgoto
31711511,Serviço Autônomo de Água e Esgoto,SAAE,Local,Autarquia,Água e Esgoto
31062000,Companhia de Saneamento de Minas Gerais,COPASA,Regional,Sociedade de economia mista com administração pública,Água e Esgotos
31713011,Serviço Autônomo de Água e Esgoto,SAAE,Local,Autarquia,Água e Esgoto
31062000,Companhia de Saneamento de Minas Gerais,COPASA,Regional,Sociedade de economia mista com administração pública,Água
31714011,Prefeitura Municipal de Vieiras,PMV,Local,Administração pública direta,Esgoto
31062000,Companhia de Saneamento de Minas Gerais,COPASA,Regional,Sociedade de economia mista com administração pública,Água
31686000,Copasa Serviços de Saneamento Integrado do Norte e Nordeste de Minas Gerais S/A,COPANOR,Regional,Empresa pública,Água
31716011,Prefeitura Municipal de Virgem da Lapa,PMVL,Local,Administração pública direta,Esgoto
31062000,Companhia de Saneamento de Minas Gerais,COPASA,Regional,Sociedade de economia mista com administração pública,Água
31718011,Prefeitura Municipal de Virginópolis,PMV,Local,Administração pública direta,Esgoto
31062000,Companhia de Saneamento de Minas Gerais,COPASA,Regional,Sociedade de economia mista com administração pública,Água
31062000,Companhia de Saneamento de Minas Gerais,COPASA,Regional,Sociedade de economia mista com administração pública,Água e Esgotos
31062000,Companhia de Saneamento de Minas Gerais,COPASA,Regional,Sociedade de economia mista com administração pública,Água
31721011,Prefeitura Municipal de Volta Grande,PMVG,Local,Administração pública direta,Esgoto
31062000,Companhia de Saneamento de Minas Gerais,COPASA,Regional,Sociedade de economia mista com administração pública,Água
