cod_munip,nome_munip,pop_munip,pop_atendida_agua,vol_agua_anual,vol_agua_eta,vol_agua_desinfec,vol_agua_fluor,pop_atendida_esgoto,vol_esgoto_coletado,vol_esgoto_tratado,amostra_cloro,amostra_cloro_irregular,amostra_turbidez,amostra_turbidez_irregular,amostra_coliformes,amostra_coliformes_irregular,,cod_prestador,nome_prestador,sigla_prestador,abrangencia_prestador,tipo_prestador,tipo_servico
310010,Abadia dos Dourados,7022,4011,359.29,0.00,359.29,359.29,,,,402,0,399,0,156,0,,31062000,Companhia de Saneamento de Minas Gerais,COPASA,Regional,Sociedade de economia mista com administração pública,Água
310020,Abaeté,23263,19694,1639.78,1639.78,0.00,1639.78,2134,90.98,0.00,4256,28,4260,3,645,0,,31062000,Companhia de Saneamento de Minas Gerais,COPASA,Regional,Sociedade de economia mista com administração pública,Água e Esgotos
310030,Abre Campo,13434,9356,684.00,684.00,0.00,0.00,9356,205.20,0.00,4022,26,4022,120,480,2,,31003011,Serviço Autônomo de Água e Esgoto,SAAE,Local,Autarquia,Água e Esgoto
310040,Acaiaca,3995,3920,1587.00,161.00,161.00,0.00,2553,190.00,0.00,4440,17,708,171,0,0,,31004011,Prefeitura Municipal de Acaiaca,PMA,Local,Administração pública direta,Água e Esgoto
310050,Açucena,9270,3370,217.07,96.59,120.48,217.07,,,,3790,2,3754,0,234,1,,31062000,Companhia de Saneamento de Minas Gerais,COPASA,Regional,Sociedade de economia mista com administração pública,Água
310050,Açucena,9270,,,,,,4400,50.00,0.00,,,,,,,,31005011,Prefeitura Municipal de Açucena,PMA,Local,Administração pública direta,Esgoto
310060,Água Boa,13319,4694,342.26,342.26,0.00,342.26,,,,552,0,550,0,186,1,,31062000,Companhia de Saneamento de Minas Gerais,COPASA,Regional,Sociedade de economia mista com administração pública,Água
310060,Água Boa,13319,2182,81.85,81.85,0.00,81.85,,,,3116,1,3116,8,225,0,,31686000,Copasa Serviços de Saneamento Integrado do Norte e Nordeste de Minas Gerais S/A,COPANOR,Regional,Empresa pública,Água
310070,Água Comprida,1986,1514,153.25,0.00,153.25,153.25,,,,449,3,213,0,111,0,,31062000,Companhia de Saneamento de Minas Gerais,COPASA,Regional,Sociedade de economia mista com administração pública,Água
310070,Água Comprida,1986,,,,,,1985,300.00,300.00,,,,,,,,31007011,Prefeitura Municipal de Água Comprida,PMAC,Local,Administração pública direta,Esgoto
310080,Aguanil,4557,2900,351.63,157.68,192.95,157.68,2650,120.00,0.00,6205,0,6205,0,648,0,,31008011,Prefeitura Municipal de Águanil,PMA,Local,Administração pública direta,Água e Esgoto
310090,Águas Formosas,19285,13943,787.11,787.11,0.00,787.11,,,,3646,0,3634,0,296,0,,31062000,Companhia de Saneamento de Minas Gerais,COPASA,Regional,Sociedade de economia mista com administração pública,Água
310090,Águas Formosas,19285,626,43.50,0.00,42.50,0.00,726,18.26,0.00,387,2,201,0,191,0,,31686000,Copasa Serviços de Saneamento Integrado do Norte e Nordeste de Minas Gerais S/A,COPANOR,Regional,Empresa pública,Água e Esgotos
310100,Águas Vermelhas,13656,9541,529.38,529.38,0.00,529.38,3855,122.60,122.60,3476,0,3474,6,579,0,,31062000,Companhia de Saneamento de Minas Gerais,COPASA,Regional,Sociedade de economia mista com administração pública,Água e Esgotos
310110,Aimorés,25116,25116,2030.57,1929.04,64.41,1991.57,22893,1657.95,1077.66,11829,12,6950,77,795,0,,31011011,Serviço Autônomo de Água e Esgoto,SAAE,Local,Autarquia,Água e Esgoto
310120,Aiuruoca,5949,3138,152.24,139.65,0.00,0.00,3138,78.54,0.00,12,0,12,0,12,0,,31012011,Prefeitura Municipal de Aiuruoca,PMA,Local,Administração pública direta,Água e Esgoto
310150,Além Paraíba,35438,28293,2627.57,1289.15,1338.42,2627.57,20254,1038.69,0.00,6655,0,6613,6,1011,7,,31062000,Companhia de Saneamento de Minas Gerais,COPASA,Regional,Sociedade de economia mista com administração pública,Água e Esgotos
310160,Alfenas,80973,69653,6238.07,6211.47,26.60,6238.07,68057,3484.32,3483.65,5667,5,5581,1,894,2,,31062000,Companhia de Saneamento de Minas Gerais,COPASA,Regional,Sociedade de economia mista com administração pública,Água e Esgotos
310163,Alfredo Vasconcelos,7052,4413,286.03,286.03,0.00,286.03,,,,546,0,530,0,165,1,,31062000,Companhia de Saneamento de Minas Gerais,COPASA,Regional,Sociedade de economia mista com administração pública,Água
310163,Alfredo Vasconcelos,7052,,,,,,4679,200.97,0.00,,,,,,,,31016311,Prefeitura Municipal de Alfredo Vasconcelos,PMAV,Local,Administração pública direta,Esgoto
310170,Almenara,42380,32200,1827.39,1827.39,0.00,1827.39,30439,1169.82,1169.82,9861,0,9866,8,523,0,,31062000,Companhia de Saneamento de Minas Gerais,COPASA,Regional,Sociedade de economia mista com administração pública,Água e Esgotos
310170,Almenara,42380,1491,53.69,53.69,0.00,24.80,,,,2511,0,1947,4,200,0,,31686000,Copasa Serviços de Saneamento Integrado do Norte e Nordeste de Minas Gerais S/A,COPANOR,Regional,Empresa pública,Água
310180,Alpercata,7448,4628,426.72,426.72,0.00,426.72,,,,4156,0,4124,0,242,0,,31062000,Companhia de Saneamento de Minas Gerais,COPASA,Regional,Sociedade de economia mista com administração pública,Água
310180,Alpercata,7448,,,,,,5868,198.00,0.00,,,,,,,,31018011,Prefeitura Municipal de Alpercata,PMA,Local,Administração pública direta,Esgoto
310190,Alpinópolis,20059,15187,1115.93,1115.93,0.00,1115.93,14738,576.77,547.79,7219,0,7178,1,470,0,,31062000,Companhia de Saneamento de Minas Gerais,COPASA,Regional,Sociedade de economia mista com administração pública,Água e Esgotos
310200,Alterosa,14566,10530,692.29,586.41,105.88,692.29,,,,4673,0,4641,0,347,0,,31062000,Companhia de Saneamento de Minas Gerais,COPASA,Regional,Sociedade de economia mista com administração pública,Água
310200,Alterosa,14566,,,,,,14566,1177.00,1177.00,,,,,,,,31020011,Prefeitura Municipal de Alterosa,PMA,Local,Administração pública direta,Esgoto
310205,Alto Caparaó,5938,4428,740.00,728.00,0.00,728.00,4428,530.00,0.00,1840,0,1940,0,220,0,,31020511,Prefeitura Municipal de Alto Caparaó,PMAC,Local,Administração pública direta,Água e Esgoto
315350,Alto Jequitibá,8286,3929,314.23,157.12,157.11,314.23,,,,2307,0,2307,0,109,0,,31062000,Companhia de Saneamento de Minas Gerais,COPASA,Regional,Sociedade de economia mista com administração pública,Água
315350,Alto Jequitibá,8286,,,,,,8286,270.00,0.00,,,,,,,,31535011,Prefeitura Municipal de Alto Jequitibá,PMAJ,Local,Administração pública direta,Esgoto
310210,Alto Rio Doce,10723,4435,329.85,295.71,34.14,329.85,,,,3874,0,3875,5,224,0,,31062000,Companhia de Saneamento de Minas Gerais,COPASA,Regional,Sociedade de economia mista com administração pública,Água
310210,Alto Rio Doce,10723,,,,,,5393,477.90,0.00,,,,,,,,31021011,Prefeitura Municipal de Alto Rio Doce,PMARD,Local,Administração pública direta,Esgoto
310220,Alvarenga,3783,2002,135.34,135.34,0.00,135.34,,,,3024,0,3024,3,98,0,,31062000,Companhia de Saneamento de Minas Gerais,COPASA,Regional,Sociedade de economia mista com administração pública,Água
310220,Alvarenga,3783,,,,,,2300,178.00,0.00,,,,,,,,31022011,Prefeitura Municipal de Alvarenga,PMA,Local,Administração pública direta,Esgoto
310230,Alvinópolis,15135,8405,608.32,608.32,0.00,608.32,,,,3643,0,3643,0,196,1,,31062000,Companhia de Saneamento de Minas Gerais,COPASA,Regional,Sociedade de economia mista com administração pública,Água
310230,Alvinópolis,15135,,,,,,15135,580.00,0.00,,,,,,,,31023011,Prefeitura Municipal de Alvinópolis,PMA,Local,Administração pública direta,Esgoto
310240,Alvorada de Minas,3605,1088,121.60,121.60,0.00,121.60,,,,526,0,524,0,160,0,,31062000,Companhia de Saneamento de Minas Gerais,COPASA,Regional,Sociedade de economia mista com administração pública,Água
310240,Alvorada de Minas,3605,,,,,,1500,68.40,68.40,,,,,,,,31024011,Prefeitura Municipal de Alvorada de Minas,PMAM,Local,Administração pública direta,Esgoto
310250,Amparo do Serra,4643,2490,138.45,0.00,138.45,138.45,,,,617,0,588,0,118,5,,31062000,Companhia de Saneamento de Minas Gerais,COPASA,Regional,Sociedade de economia mista com administração pública,Água
310260,Andradas,41704,30610,3042.62,3042.62,0.00,3042.62,,,,4731,0,4879,447,592,5,,31062000,Companhia de Saneamento de Minas Gerais,COPASA,Regional,Sociedade de economia mista com administração pública,Água
310260,Andradas,41704,,,,,,31283,3720.00,67.50,,,,,,,,31026011,Prefeitura Municipal de Andradas,PMA,Local,Administração pública direta,Esgoto
310280,Andrelândia,12189,9256,675.66,675.66,0.00,675.66,,,,3026,9,3011,7,304,0,,31062000,Companhia de Saneamento de Minas Gerais,COPASA,Regional,Sociedade de economia mista com administração pública,Água
310280,Andrelândia,12189,,,,,,12189,689.00,0.00,,,,,,,,31028011,Prefeitura Municipal de Andrelândia,PMA,Local,Administração pública direta,Esgoto
310285,Angelândia,8594,5122,245.18,245.18,0.00,245.18,5040,188.43,175.68,4580,3,4580,19,720,0,,31686000,Copasa Serviços de Saneamento Integrado do Norte e Nordeste de Minas Gerais S/A,COPANOR,Regional,Empresa pública,Água e Esgotos
310290,Antônio Carlos,11471,7966,520.64,294.32,226.32,520.64,,,,3568,1,3503,0,472,2,,31062000,Companhia de Saneamento de Minas Gerais,COPASA,Regional,Sociedade de economia mista com administração pública,Água
310290,Antônio Carlos,11471,,,,,,11065,2000.00,0.00,,,,,,,,31029011,Prefeitura Municipal de Antonio Carlos,PMAC,Local,Administração pública direta,Esgoto
310300,Antônio Dias,9233,3634,242.03,121.02,121.01,242.03,,,,2752,2,2731,0,187,0,,31062000,Companhia de Saneamento de Minas Gerais,COPASA,Regional,Sociedade de economia mista com administração pública,Água
310310,Antônio Prado de Minas,1577,984,77.96,0.00,77.96,77.96,,,,480,0,489,55,124,2,,31062000,Companhia de Saneamento de Minas Gerais,COPASA,Regional,Sociedade de economia mista com administração pública,Água
310320,Araçaí,2360,1753,147.06,0.00,147.06,147.06,,,,1015,0,1015,0,284,0,,31062000,Companhia de Saneamento de Minas Gerais,COPASA,Regional,Sociedade de economia mista com administração pública,Água
310330,Aracitaba,2056,1558,189.50,0.00,189.50,189.50,,,,762,0,745,1,105,1,,31062000,Companhia de Saneamento de Minas Gerais,COPASA,Regional,Sociedade de economia mista com administração pública,Água
310330,Aracitaba,2056,,,,,,1639,90.00,0.00,,,,,,,,31033011,Prefeitura Municipal de Aracitaba,PMA,Local,Administração pública direta,Esgoto
310340,Araçuaí,36715,23960,1736.15,1736.15,0.00,1736.15,15148,599.89,599.76,7800,0,7698,9,446,0,,31062000,Companhia de Saneamento de Minas Gerais,COPASA,Regional,Sociedade de economia mista com administração pública,Água e Esgotos
310340,Araçuaí,36715,2155,133.50,107.52,25.97,133.49,896,35.83,35.83,5864,0,5912,140,1307,1,,31686000,Copasa Serviços de Saneamento Integrado do Norte e Nordeste de Minas Gerais S/A,COPANOR,Regional,Empresa pública,Água e Esgotos
310350,Araguari,118361,118361,26587.00,0.00,26587.00,0.00,118361,15181.96,14119.00,8583,200,8583,650,8066,0,,31035011,Superintendência de Água e Esgoto,SAE,Local,Autarquia,Água e Esgoto
310360,Arantina,2779,2359,207.00,0.00,207.00,207.00,,,,517,0,519,9,149,0,,31062000,Companhia de Saneamento de Minas Gerais,COPASA,Regional,Sociedade de economia mista com administração pública,Água
310360,Arantina,2779,,,,,,2592,113.44,0.00,,,,,,,,31036011,Prefeitura Municipal de Arantina,PMA,Local,Administração pública direta,Esgoto
310370,Araponga,8467,3187,182.20,132.07,50.13,182.20,,,,3675,0,3638,1,285,0,,31062000,Companhia de Saneamento de Minas Gerais,COPASA,Regional,Sociedade de economia mista com administração pública,Água
310370,Araponga,8467,,,,,,3200,150.00,130.00,,,,,,,,31037011,Prefeitura Municipal de Araponga,PMA,Local,Administração pública direta,Esgoto
310375,Araporã,6992,6992,1410.25,1410.25,0.00,0.00,6992,455.30,364.24,8832,1,8856,23,156,1,,31037511,Prefeitura Municipal de Araporã,PMA,Local,Administração pública direta,Água e Esgoto
310380,Arapuá,2836,2130,840.00,500.00,0.00,500.00,2130,270.00,0.00,2500,0,2500,0,96,0,,31038012,Sistema Autônomo de Água e Esgoto,SAAE,Local,Autarquia,Água e Esgoto
310390,Araújos,9523,8229,602.79,602.79,0.00,602.79,7899,336.40,334.20,3650,0,3650,0,530,0,,31039011,Sanarj Concessionária de Saneamento Básico Ltda,SANARJ,Local,Empresa privada,Água e Esgoto
310400,Araxá,108403,101118,8485.16,8485.16,0.00,8485.16,101210,4591.78,3309.57,5478,0,5472,0,1150,6,,31062000,Companhia de Saneamento de Minas Gerais,COPASA,Regional,Sociedade de economia mista com administração pública,Água e Esgotos
310410,Arceburgo,10990,9098,602.08,301.04,301.04,602.08,8723,376.33,310.65,3372,0,3350,0,230,0,,31062000,Companhia de Saneamento de Minas Gerais,COPASA,Regional,Sociedade de economia mista com administração pública,Água e Esgotos
310420,Arcos,40658,36944,3950.71,789.96,3160.75,3950.71,,,,10858,3,10859,0,814,4,,31062000,Companhia de Saneamento de Minas Gerais,COPASA,Regional,Sociedade de economia mista com administração pública,Água
310420,Arcos,40658,,,,,,40658,2700.00,2700.00,,,,,,,,31042011,Prefeitura Municipal de Arcos,PMA,Local,Administração pública direta,Esgoto
310430,Areado,15288,12553,800.23,533.49,266.74,800.23,,,,8394,1,8358,0,396,2,,31062000,Companhia de Saneamento de Minas Gerais,COPASA,Regional,Sociedade de economia mista com administração pública,Água
310440,Argirita,2681,2358,238.00,238.00,0.00,0.00,2358,152.00,25.00,4602,75,4585,45,4586,5,,31044011,Prefeitura Municipal de Argirita,PMA,Local,Administração pública direta,Água e Esgoto
310445,Aricanduva,5305,2482,133.14,125.85,7.29,125.85,2000,81.76,81.76,3540,5,3540,2,451,0,,31686000,Copasa Serviços de Saneamento Integrado do Norte e Nordeste de Minas Gerais S/A,COPANOR,Regional,Empresa pública,Água e Esgotos
310450,Arinos,17850,10248,662.00,639.42,22.58,662.00,,,,3728,0,3561,5,360,11,,31062000,Companhia de Saneamento de Minas Gerais,COPASA,Regional,Sociedade de economia mista com administração pública,Água
310450,Arinos,17850,,,,,,17850,1570.00,98.00,,,,,,,,31045011,Prefeitura Municipal de Arinos,PMA,Local,Administração pública direta,Esgoto
310460,Astolfo Dutra,14358,11987,957.58,846.86,110.72,957.58,,,,5728,0,5638,3,702,4,,31062000,Companhia de Saneamento de Minas Gerais,COPASA,Regional,Sociedade de economia mista com administração pública,Água
310460,Astolfo Dutra,14358,,,,,,13000,811.00,0.00,,,,,,,,31046011,Prefeitura Municipal de Astolfo Dutra,PMAD,Local,Administração pública direta,Esgoto
310470,Ataléia,12496,5265,316.40,316.40,0.00,316.40,3882,137.64,131.13,3813,0,3800,7,140,0,,31062000,Companhia de Saneamento de Minas Gerais,COPASA,Regional,Sociedade de economia mista com administração pública,Água e Esgotos
310470,Ataléia,12496,1049,62.33,62.33,0.00,62.33,,,,2862,29,2863,37,309,1,,31686000,Copasa Serviços de Saneamento Integrado do Norte e Nordeste de Minas Gerais S/A,COPANOR,Regional,Empresa pública,Água
310480,Augusto de Lima,4833,2771,220.71,220.71,0.00,220.71,,,,531,0,529,0,161,0,,31062000,Companhia de Saneamento de Minas Gerais,COPASA,Regional,Sociedade de economia mista com administração pública,Água
310480,Augusto de Lima,4833,,,,,,330,15.33,15.33,,,,,,,,31048011,Prefeitura Municipal de Augusto de Lima,PMAL,Local,Administração pública direta,Esgoto
310490,Baependi,19249,13675,1154.56,1154.56,0.00,1154.56,,,,8557,0,8549,0,324,0,,31062000,Companhia de Saneamento de Minas Gerais,COPASA,Regional,Sociedade de economia mista com administração pública,Água
310490,Baependi,19249,,,,,,15284,1689.00,13.87,,,,,,,,31049011,Prefeitura Municipal de Baependi,PMB,Local,Administração pública direta,Esgoto
310500,Baldim,7780,4374,468.72,0.00,468.72,468.72,,,,754,1,741,4,227,0,,31062000,Companhia de Saneamento de Minas Gerais,COPASA,Regional,Sociedade de economia mista com administração pública,Água
310500,Baldim,7780,,,,,,7780,221.00,0.00,,,,,,,,31050011,Prefeitura Municipal de Baldim,PMB,Local,Administração pública direta,Esgoto
310510,Bambuí,23964,19872,1783.22,594.41,1188.81,1783.22,,,,3517,0,2572,0,489,1,,31062000,Companhia de Saneamento de Minas Gerais,COPASA,Regional,Sociedade de economia mista com administração pública,Água
310510,Bambuí,23964,,,,,,20369,1239.71,0.00,,,,,,,,31051011,Prefeitura Municipal de Bambuí,PMB,Local,Administração pública direta,Esgoto
310520,Bandeira,4738,2730,237.45,237.45,0.00,205.66,2120,108.61,0.00,5060,0,5060,2,325,0,,31686000,Copasa Serviços de Saneamento Integrado do Norte e Nordeste de Minas Gerais S/A,COPANOR,Regional,Empresa pública,Água e Esgotos
310530,Bandeira do Sul,5808,5808,458.00,183.00,275.00,0.00,5808,207.00,0.00,1976,0,1976,0,70,2,,31053011,"Serviço de Água, Esgoto e Limpeza Pública",SAELP,Local,Autarquia,Água e Esgoto
310540,Barão de Cocais,33232,25390,2158.59,2158.59,0.00,2158.59,,,,5665,0,5582,0,525,0,,31062000,Companhia de Saneamento de Minas Gerais,COPASA,Regional,Sociedade de economia mista com administração pública,Água
310540,Barão de Cocais,33232,,,,,,33232,2782.00,0.00,,,,,,,,31054011,Prefeitura Municipal de Barão de Cocais,PMBC,Local,Administração pública direta,Esgoto
310550,Barão de Monte Alto,5311,3749,357.57,102.53,255.04,357.57,,,,1857,0,1916,1,541,7,,31062000,Companhia de Saneamento de Minas Gerais,COPASA,Regional,Sociedade de economia mista com administração pública,Água
310560,Barbacena,139061,42674,2572.08,1286.04,1286.04,2572.08,38651,1274.88,1024.62,5210,0,5123,2,870,3,,31062000,Companhia de Saneamento de Minas Gerais,COPASA,Regional,Sociedade de economia mista com administração pública,Água e Esgotos
310560,Barbacena,139061,85074,6855.49,6068.66,786.83,5998.25,76734,2640.70,155.57,10479,2371,8559,372,4167,790,,31056011,Serviço de Água e Saneamento,SAS,Local,Autarquia,Água e Esgoto
310570,Barra Longa,4905,2118,191.25,191.25,0.00,191.25,,,,3472,0,3472,0,117,0,,31062000,Companhia de Saneamento de Minas Gerais,COPASA,Regional,Sociedade de economia mista com administração pública,Água
310590,Barroso,20981,17453,1355.04,451.68,903.36,1355.04,,,,6017,34,5982,0,556,0,,31062000,Companhia de Saneamento de Minas Gerais,COPASA,Regional,Sociedade de economia mista com administração pública,Água
310590,Barroso,20981,,,,,,20158,1351.19,75.00,,,,,,,,31059011,Prefeitura Municipal de Barroso,PMB,Local,Administração pública direta,Esgoto
310600,Bela Vista de Minas,10269,7925,709.97,709.97,0.00,709.97,,,,4595,0,4553,0,205,0,,31062000,Companhia de Saneamento de Minas Gerais,COPASA,Regional,Sociedade de economia mista com administração pública,Água
310600,Bela Vista de Minas,10269,,,,,,9620,578.00,0.00,,,,,,,,31060011,Prefeitura Municipal de Bela Vista de Minas,PMBVM,Local,Administração pública direta,Esgoto
310610,Belmiro Braga,3422,883,77.53,77.53,0.00,77.53,,,,3004,0,3019,16,129,2,,31062000,Companhia de Saneamento de Minas Gerais,COPASA,Regional,Sociedade de economia mista com administração pública,Água
310610,Belmiro Braga,3422,,,,,,1105,48.40,0.00,,,,,,,,31061011,Prefeitura Municipal de Belmiro Braga,PMBM,Local,Administração pública direta,Esgoto
310620,Belo Horizonte,2530701,2402829,242405.80,161603.87,80801.93,242405.80,2378396,106982.96,106982.96,51079,9,50978,64,6591,200,,31062000,Companhia de Saneamento de Minas Gerais,COPASA,Regional,Sociedade de economia mista com administração pública,Água e Esgotos
310630,Belo Oriente,27277,19623,1783.68,1617.32,166.36,1783.68,,,,13543,3,13456,455,635,0,,31062000,Companhia de Saneamento de Minas Gerais,COPASA,Regional,Sociedade de economia mista com administração pública,Água
310630,Belo Oriente,27277,,,,,,23215,1070.00,0.00,,,,,,,,31063011,Prefeitura Municipal de Belo Oriente,PMBO,Local,Administração pública direta,Esgoto
310640,Belo Vale,7723,3363,335.85,335.85,0.00,335.85,,,,6594,8,6594,0,112,0,,31062000,Companhia de Saneamento de Minas Gerais,COPASA,Regional,Sociedade de economia mista com administração pública,Água
310640,Belo Vale,7723,,,,,,7716,1300.00,1300.00,,,,,,,,31064011,Prefeitura Municipal de Belo Vale,PMBV,Local,Administração pública direta,Esgoto
310650,Berilo,11813,4447,313.26,313.26,0.00,295.18,2407,119.86,0.00,7043,9,8826,4,605,0,,31686000,Copasa Serviços de Saneamento Integrado do Norte e Nordeste de Minas Gerais S/A,COPANOR,Regional,Empresa pública,Água e Esgotos
310665,Berizal,4792,2684,192.22,83.52,108.70,192.22,,,,2708,0,2708,0,266,3,,31062000,Companhia de Saneamento de Minas Gerais,COPASA,Regional,Sociedade de economia mista com administração pública,Água
310660,Bertópolis,4609,2677,151.38,127.79,0.00,127.79,2440,121.00,5.30,3988,4,3987,2,309,2,,31686000,Copasa Serviços de Saneamento Integrado do Norte e Nordeste de Minas Gerais S/A,COPANOR,Regional,Empresa pública,Água e Esgotos
310670,Betim,450024,398025,40224.28,40224.28,0.00,40224.28,351494,13215.60,13215.60,16137,3,16135,32,2474,53,,31062000,Companhia de Saneamento de Minas Gerais,COPASA,Regional,Sociedade de economia mista com administração pública,Água e Esgotos
310680,Bias Fortes,3282,3056,126.14,126.14,0.00,0.00,3056,60.13,0.00,5,2,14,3,14,3,,31068011,Prefeitura Municipal de Bias Fortes,PMBF,Local,Administração pública direta,Água e Esgoto
310690,Bicas,14612,12178,984.28,984.28,0.00,984.28,,,,3284,0,3257,0,385,12,,31062000,Companhia de Saneamento de Minas Gerais,COPASA,Regional,Sociedade de economia mista com administração pública,Água
310700,Biquinhas,2482,1632,146.09,0.00,146.09,146.09,,,,427,0,430,0,136,0,,31062000,Companhia de Saneamento de Minas Gerais,COPASA,Regional,Sociedade de economia mista com administração pública,Água
310710,Boa Esperança,40308,34033,3507.64,3507.64,0.00,3507.64,33689,1951.60,1951.60,626,40,626,13,626,9,,31071011,Serviço Autônomo de Água e Esgoto,SAAE,Local,Autarquia,Água e Esgoto
310720,Bocaina de Minas,5088,4000,200.00,0.00,0.00,0.00,3950,130.00,0.00,0,0,0,0,108,70,,31072011,Prefeitura Municipal de Bocaina de Minas,PMBM,Local,Administração pública direta,Água e Esgoto
310730,Bocaiúva,50521,46284,3785.00,1982.00,1803.00,0.00,41139,1495.50,1334.40,7250,18,7200,46,2200,5,,31073011,Serviço Autônomo de Água e Esgoto,SAAE,Local,Autarquia,Água e Esgoto
310740,Bom Despacho,51436,46334,3630.36,1443.13,2187.23,3630.36,44497,1849.03,1849.03,9424,4,9423,0,788,7,,31062000,Companhia de Saneamento de Minas Gerais,COPASA,Regional,Sociedade de economia mista com administração pública,Água e Esgotos
310750,Bom Jardim de Minas,6444,5024,409.43,409.43,0.00,409.43,,,,2874,0,2867,0,164,0,,31062000,Companhia de Saneamento de Minas Gerais,COPASA,Regional,Sociedade de economia mista com administração pública,Água
310760,Bom Jesus da Penha,4270,3055,246.20,0.00,246.20,246.20,,,,518,0,504,0,153,0,,31062000,Companhia de Saneamento de Minas Gerais,COPASA,Regional,Sociedade de economia mista com administração pública,Água
310760,Bom Jesus da Penha,4270,,,,,,4270,220.00,0.00,,,,,,,,31076011,Prefeitura Municipal de Bom Jesus da Penha,PMBJP,Local,Administração pública direta,Esgoto
310770,Bom Jesus do Amparo,6182,2757,205.88,174.66,31.22,205.88,,,,3560,2,3521,5,244,0,,31062000,Companhia de Saneamento de Minas Gerais,COPASA,Regional,Sociedade de economia mista com administração pública,Água
310770,Bom Jesus do Amparo,6182,,,,,,2691,403.00,403.00,,,,,,,,31077011,Prefeitura Municipal de Bom Jesus do Amparo,PMB,Local,Administração pública direta,Esgoto
310780,Bom Jesus do Galho,14792,9681,644.65,592.16,52.49,644.65,,,,4674,8,4678,5,338,0,,31062000,Companhia de Saneamento de Minas Gerais,COPASA,Regional,Sociedade de economia mista com administração pública,Água
310790,Bom Repouso,10527,5595,406.19,406.19,0.00,406.19,5434,244.58,244.58,3680,9,3663,201,141,1,,31062000,Companhia de Saneamento de Minas Gerais,COPASA,Regional,Sociedade de economia mista com administração pública,Água e Esgotos
310800,Bom Sucesso,17612,17604,1042.00,980.00,62.00,1042.00,14480,670.00,670.00,3960,0,3960,0,480,0,,31080011,Águas de Bom Sucesso Ltda,ABS,Local,Empresa privada,Água e Esgoto
310810,Bonfim,6852,3250,384.84,384.84,0.00,384.84,2449,165.58,0.00,3304,1,3305,7,112,0,,31062000,Companhia de Saneamento de Minas Gerais,COPASA,Regional,Sociedade de economia mista com administração pública,Água e Esgotos
310820,Bonfinópolis de Minas,5397,3948,304.53,304.53,0.00,304.53,,,,2905,0,2905,0,138,0,,31062000,Companhia de Saneamento de Minas Gerais,COPASA,Regional,Sociedade de economia mista com administração pública,Água
310820,Bonfinópolis de Minas,5397,,,,,,3911,205.11,0.00,,,,,,,,31082011,Prefeitura Municipal de Bonfinópolis de Minas,PMBM,Local,Administração pública direta,Esgoto
310825,Bonito de Minas,11502,2501,171.22,0.00,171.22,171.22,,,,662,0,661,0,135,1,,31062000,Companhia de Saneamento de Minas Gerais,COPASA,Regional,Sociedade de economia mista com administração pública,Água
310830,Borda da Mata,19809,13689,796.31,796.31,0.00,796.31,13512,447.69,447.69,4626,3,4609,0,380,1,,31062000,Companhia de Saneamento de Minas Gerais,COPASA,Regional,Sociedade de economia mista com administração pública,Água e Esgotos
310840,Botelhos,14927,11109,831.34,792.31,39.03,831.34,7946,376.90,0.00,6699,1,6650,120,512,0,,31062000,Companhia de Saneamento de Minas Gerais,COPASA,Regional,Sociedade de economia mista com administração pública,Água e Esgotos
310850,Botumirim,6259,3067,203.22,70.50,132.72,203.22,1224,42.59,42.59,2150,2,2150,7,440,0,,31686000,Copasa Serviços de Saneamento Integrado do Norte e Nordeste de Minas Gerais S/A,COPANOR,Regional,Empresa pública,Água e Esgotos
310870,Brás Pires,4255,2070,150.00,0.00,150.00,145.00,,,,13,7,13,9,12,5,,31087011,Prefeitura Municipal de Brás Pires,PMBP,Local,Administração pública direta,Água
310855,Brasilândia de Minas,16950,13905,931.54,931.54,0.00,931.54,3677,139.45,139.45,4581,0,4581,0,301,4,,31062000,Companhia de Saneamento de Minas Gerais,COPASA,Regional,Sociedade de economia mista com administração pública,Água e Esgotos
310860,Brasília de Minas,32460,19336,975.02,975.02,0.00,975.02,16338,504.12,504.12,4076,1,4076,0,410,2,,31062000,Companhia de Saneamento de Minas Gerais,COPASA,Regional,Sociedade de economia mista com administração pública,Água e Esgotos
310880,Braúnas,4737,1584,136.63,0.00,136.63,136.63,,,,796,0,751,0,105,0,,31062000,Companhia de Saneamento de Minas Gerais,COPASA,Regional,Sociedade de economia mista com administração pública,Água
310890,Brazópolis,14364,8014,794.42,701.94,92.48,794.42,,,,5028,17,4952,1,585,0,,31062000,Companhia de Saneamento de Minas Gerais,COPASA,Regional,Sociedade de economia mista com administração pública,Água
310890,Brazópolis,14364,,,,,,12000,750.00,0.00,,,,,,,,31089011,Prefeitura Municipal de Brasópolis,PMB,Local,Administração pública direta,Esgoto
310900,Brumadinho,41208,28601,2587.66,1281.23,1306.43,2587.66,17187,1023.27,142.04,21627,1,21629,7,1034,31,,31062000,Companhia de Saneamento de Minas Gerais,COPASA,Regional,Sociedade de economia mista com administração pública,Água e Esgotos
310910,Bueno Brandão,10982,5713,351.65,351.65,0.00,351.65,5455,203.65,203.65,4029,3,4000,74,104,5,,31062000,Companhia de Saneamento de Minas Gerais,COPASA,Regional,Sociedade de economia mista com administração pública,Água e Esgotos
310920,Buenópolis,10342,6437,397.98,397.98,0.00,397.98,5765,227.45,227.45,3247,0,3253,0,216,0,,31062000,Companhia de Saneamento de Minas Gerais,COPASA,Regional,Sociedade de economia mista com administração pública,Água e Esgotos
310925,Bugre,3984,1337,95.29,95.29,0.00,95.29,,,,392,0,373,0,126,0,,31062000,Companhia de Saneamento de Minas Gerais,COPASA,Regional,Sociedade de economia mista com administração pública,Água
310925,Bugre,3984,,,,,,3984,67.00,0.00,,,,,,,,31092511,Prefeitura Municipal de Bugre,PMB,Local,Administração pública direta,Esgoto
310930,Buritis,25179,16220,1085.09,1030.67,54.42,1085.09,6752,281.62,281.62,9014,1,9014,1,462,3,,31062000,Companhia de Saneamento de Minas Gerais,COPASA,Regional,Sociedade de economia mista com administração pública,Água e Esgotos
310940,Buritizeiro,28184,28180,2069.70,1951.74,0.00,1951.74,,,,3617,0,3613,0,554,0,,31094011,Serviço Autônomo de Água e Esgoto,SAAE,Local,Autarquia,Água
310945,Cabeceira Grande,7025,7025,310.17,310.17,0.00,0.00,,,,3568,0,3958,0,60,0,,31094511,Serviço Autônomo de Saneamento de Cabeceira Grande,SANECAB,Local,Autarquia,Água
310950,Cabo Verde,14074,7907,533.10,245.22,287.88,533.10,7748,293.47,0.00,4235,0,4189,0,453,0,,31062000,Companhia de Saneamento de Minas Gerais,COPASA,Regional,Sociedade de economia mista com administração pública,Água e Esgotos
310960,Cachoeira da Prata,3580,3426,226.15,0.00,226.15,0.00,3409,180.92,56.08,12,6,1,1,12,2,,31096011,Prefeitura Municipal de Cachoeira da Prata,PMCP,Local,Administração pública direta,Água e Esgoto
310970,Cachoeira de Minas,11609,7456,614.42,614.42,0.00,614.42,,,,6252,0,6207,183,341,2,,31062000,Companhia de Saneamento de Minas Gerais,COPASA,Regional,Sociedade de economia mista com administração pública,Água
310970,Cachoeira de Minas,11609,,,,,,10106,442.00,0.00,,,,,,,,31097011,Prefeitura Municipal de Cachoeira de Minas,PMCM,Local,Administração pública direta,Esgoto
310270,Cachoeira de Pajeú,9470,5354,267.93,267.93,0.00,0.00,,,,4410,0,4410,1,226,0,,31686000,Copasa Serviços de Saneamento Integrado do Norte e Nordeste de Minas Gerais S/A,COPANOR,Regional,Empresa pública,Água
310980,Cachoeira Dourada,2720,2416,140.00,0.00,0.00,0.00,2400,140.00,0.00,1115,0,369,62,263,0,,31098011,Prefeitura Municipal de Cachoeira Dourada,PMCD,Local,Administração pública direta,Água e Esgoto
310990,Caetanópolis,11869,8632,727.26,72.73,654.53,727.26,,,,8527,0,8535,0,293,0,,31062000,Companhia de Saneamento de Minas Gerais,COPASA,Regional,Sociedade de economia mista com administração pública,Água
310990,Caetanópolis,11869,,,,,,8022,100.00,10.00,,,,,,,,31099011,Prefeitura Municipal de Caetanópolis,PMC,Local,Administração pública direta,Esgoto
311000,Caeté,45364,44377,4053.11,4053.11,0.00,0.00,40605,2945.69,572.49,18824,17,9412,10,1456,38,,31100011,Serviço Autônomo de Água e Esgoto,SAAE,Local,Autarquia,Água e Esgoto
311010,Caiana,5584,2867,158.91,79.46,79.45,158.91,,,,3144,0,3144,70,180,0,,31062000,Companhia de Saneamento de Minas Gerais,COPASA,Regional,Sociedade de economia mista com administração pública,Água
311010,Caiana,5584,,,,,,5584,520.00,0.00,,,,,,,,31101011,Prefeitura Municipal de Caiana,PMC,Local,Administração pública direta,Esgoto
311020,Cajuri,3961,2128,168.63,0.00,168.63,168.63,,,,1447,0,1406,1,294,3,,31062000,Companhia de Saneamento de Minas Gerais,COPASA,Regional,Sociedade de economia mista com administração pública,Água
311020,Cajuri,3961,,,,,,2120,80.00,0.00,,,,,,,,31102011,Prefeitura Municipal de Cajuri,PMC,Local,Administração pública direta,Esgoto
311030,Caldas,14600,6951,659.22,590.64,68.58,659.22,5347,251.42,0.00,4702,0,4673,0,267,5,,31062000,Companhia de Saneamento de Minas Gerais,COPASA,Regional,Sociedade de economia mista com administração pública,Água e Esgotos
311040,Camacho,2839,1416,118.40,0.00,118.40,118.40,,,,276,1,267,0,134,1,,31062000,Companhia de Saneamento de Minas Gerais,COPASA,Regional,Sociedade de economia mista com administração pública,Água
311050,Camanducaia,21831,15519,1804.14,1788.41,15.73,1804.14,11869,669.51,595.38,11452,3,11420,0,466,13,,31062000,Companhia de Saneamento de Minas Gerais,COPASA,Regional,Sociedade de economia mista com administração pública,Água e Esgotos
311060,Cambuí,30068,30068,3012.00,2756.80,63.23,2756.80,30068,1272.43,19.97,5597,0,5597,0,780,0,,31106011,Serviço Autônomo de Água e Esgoto,SAAE,Local,Autarquia,Água e Esgoto
311070,Cambuquira,12810,10141,1353.76,676.88,676.88,1353.76,7517,220.81,0.00,4811,0,4796,0,246,0,,31062000,Companhia de Saneamento de Minas Gerais,COPASA,Regional,Sociedade de economia mista com administração pública,Água e Esgotos
311080,Campanário,3739,2612,158.26,79.13,79.13,158.26,,,,3879,0,3864,0,106,0,,31062000,Companhia de Saneamento de Minas Gerais,COPASA,Regional,Sociedade de economia mista com administração pública,Água
311090,Campanha,16855,13349,897.70,224.42,673.28,897.70,12867,483.10,0.00,4152,0,4137,2,272,0,,31062000,Companhia de Saneamento de Minas Gerais,COPASA,Regional,Sociedade de economia mista com administração pública,Água e Esgotos
311100,Campestre,21052,11358,912.65,912.65,0.00,912.65,,,,3844,0,3817,1,298,0,,31062000,Companhia de Saneamento de Minas Gerais,COPASA,Regional,Sociedade de economia mista com administração pública,Água
311100,Campestre,21052,,,,,,11154,1005.00,0.00,,,,,,,,31110011,Prefeitura Municipal de Campestre,PMC,Local,Administração pública direta,Esgoto
311110,Campina Verde,19759,13438,1171.81,1123.63,48.18,1171.81,12846,566.30,566.30,4357,0,4353,1,436,0,,31062000,Companhia de Saneamento de Minas Gerais,COPASA,Regional,Sociedade de economia mista com administração pública,Água e Esgotos
311115,Campo Azul,3830,1626,92.11,0.00,92.11,92.11,,,,493,0,478,0,135,6,,31062000,Companhia de Saneamento de Minas Gerais,COPASA,Regional,Sociedade de economia mista com administração pública,Água
311115,Campo Azul,3830,,,,,,2789,200.00,0.00,,,,,,,,31111511,Prefeitura Municipal de Campo Azul,PMCA,Local,Administração pública direta,Esgoto
311120,Campo Belo,54338,52244,4654.42,4052.11,602.31,4052.11,51592,2117.74,0.00,7249,0,7249,0,989,0,,31112011,Departamento Municipal de Água e Esgoto,DEMAE,Local,Autarquia,Água e Esgoto
311130,Campo do Meio,11648,10490,634.11,634.11,0.00,634.11,10210,443.00,0.00,3903,28,3903,18,96,0,,31113011,Serviço Autônomo de Água e Esgoto,SAAE,Local,Autarquia,Água e Esgoto
311140,Campo Florido,8383,5978,505.33,0.00,505.33,505.33,5978,279.29,0.00,536,0,536,0,171,0,,31062000,Companhia de Saneamento de Minas Gerais,COPASA,Regional,Sociedade de economia mista com administração pública,Água e Esgotos
311150,Campos Altos,15661,12311,841.75,841.75,0.00,841.75,,,,3395,0,3398,0,294,1,,31062000,Companhia de Saneamento de Minas Gerais,COPASA,Regional,Sociedade de economia mista com administração pública,Água
311150,Campos Altos,15661,,,,,,15661,2050.00,0.00,,,,,,,,31115011,Prefeitura Municipal de Campos Altos,PMCA,Local,Administração pública direta,Esgoto
311160,Campos Gerais,28908,18981,1291.21,814.25,476.96,1291.21,,,,11101,2,11064,2,525,6,,31062000,Companhia de Saneamento de Minas Gerais,COPASA,Regional,Sociedade de economia mista com administração pública,Água
311160,Campos Gerais,28908,,,,,,28908,1225.46,0.00,,,,,,,,31116011,Prefeitura Municipal de Campos Gerais,PMCG,Local,Administração pública direta,Esgoto
311190,Cana Verde,5585,3799,279.90,139.95,139.95,279.90,,,,2235,0,2228,0,157,0,,31062000,Companhia de Saneamento de Minas Gerais,COPASA,Regional,Sociedade de economia mista com administração pública,Água
311190,Cana Verde,5585,,,,,,4065,200.00,85.00,,,,,,,,31119011,Prefeitura Municipal de Cana Verde,PMCV,Local,Administração pública direta,Esgoto
311170,Canaã,4533,1888,130.57,0.00,130.57,130.57,,,,539,0,516,0,151,0,,31062000,Companhia de Saneamento de Minas Gerais,COPASA,Regional,Sociedade de economia mista com administração pública,Água
311170,Canaã,4533,,,,,,4533,195.00,0.00,,,,,,,,31117011,Prefeitura Municipal de Canaã,PMC,Local,Administração pública direta,Esgoto
311180,Canápolis,12251,9545,798.60,798.60,0.00,798.60,,,,3378,0,3378,0,252,0,,31062000,Companhia de Saneamento de Minas Gerais,COPASA,Regional,Sociedade de economia mista com administração pública,Água
311180,Canápolis,12251,,,,,,10974,600.83,0.00,,,,,,,,31118011,Prefeitura Municipal de Canápolis,PMC,Local,Administração pública direta,Esgoto
311200,Candeias,14890,10522,707.95,707.95,0.00,707.95,,,,7035,0,7020,0,314,0,,31062000,Companhia de Saneamento de Minas Gerais,COPASA,Regional,Sociedade de economia mista com administração pública,Água
311205,Cantagalo,4575,2463,120.24,120.24,0.00,120.24,,,,3072,0,3063,0,153,0,,31062000,Companhia de Saneamento de Minas Gerais,COPASA,Regional,Sociedade de economia mista com administração pública,Água
311210,Caparaó,5464,1755,92.37,92.37,0.00,92.37,,,,1317,0,1317,0,105,1,,31062000,Companhia de Saneamento de Minas Gerais,COPASA,Regional,Sociedade de economia mista com administração pública,Água
311210,Caparaó,5464,,,,,,2104,70.18,0.00,,,,,,,,31121011,Prefeitura Municipal de Caparaó,PMC,Local,Administração pública direta,Esgoto
311220,Capela Nova,4616,1985,140.68,0.00,140.68,140.68,,,,477,0,477,0,112,0,,31062000,Companhia de Saneamento de Minas Gerais,COPASA,Regional,Sociedade de economia mista com administração pública,Água
311220,Capela Nova,4616,,,,,,1900,65.00,0.00,,,,,,,,31122011,Prefeitura Municipal de Capela Nova,PMCN,Local,Administração pública direta,Esgoto
311230,Capelinha,38321,26932,1811.90,1207.93,603.97,1811.90,26098,912.18,0.00,5501,0,5493,3,690,0,,31062000,Companhia de Saneamento de Minas Gerais,COPASA,Regional,Sociedade de economia mista com administração pública,Água e Esgotos
311230,Capelinha,38321,1815,95.05,17.52,77.53,17.52,745,29.50,0.00,994,4,994,0,891,0,,31686000,Copasa Serviços de Saneamento Integrado do Norte e Nordeste de Minas Gerais S/A,COPANOR,Regional,Empresa pública,Água e Esgotos
311240,Capetinga,6860,5368,415.70,415.70,0.00,415.70,490,20.35,20.14,5382,0,5354,0,273,0,,31062000,Companhia de Saneamento de Minas Gerais,COPASA,Regional,Sociedade de economia mista com administração pública,Água e Esgotos
311240,Capetinga,6860,,,,,,6860,888.00,0.00,,,,,,,,31124011,Prefeitura Municipal de Capetinga,PMC,Local,Administração pública direta,Esgoto
311250,Capim Branco,9896,8816,1017.94,0.00,1017.94,1017.94,1964,103.86,48.57,1400,4,1393,2,496,8,,31062000,Companhia de Saneamento de Minas Gerais,COPASA,Regional,Sociedade de economia mista com administração pública,Água e Esgotos
311260,Capinópolis,16294,12985,1286.44,1286.44,0.00,1286.44,,,,4159,5,4163,1,342,0,,31062000,Companhia de Saneamento de Minas Gerais,COPASA,Regional,Sociedade de economia mista com administração pública,Água
311260,Capinópolis,16294,,,,,,15000,640.00,0.00,,,,,,,,31126011,Prefeitura Municipal de Capinópolis,PMC,Local,Administração pública direta,Esgoto
311265,Capitão Andrade,5559,4114,258.00,250.00,8.00,0.00,4114,204.00,0.00,4320,0,144,0,96,0,,31126511,Prefeitura Municipal de Capitão Andrade,PMCA,Local,Administração pública direta,Água e Esgoto
311270,Capitão Enéas,15388,9701,570.79,0.00,570.79,570.79,6048,176.54,176.54,608,0,604,0,239,0,,31062000,Companhia de Saneamento de Minas Gerais,COPASA,Regional,Sociedade de economia mista com administração pública,Água e Esgotos
311280,Capitólio,8693,6898,1133.83,1133.83,0.00,1133.83,,,,8749,1,8713,0,351,0,,31062000,Companhia de Saneamento de Minas Gerais,COPASA,Regional,Sociedade de economia mista com administração pública,Água
311280,Capitólio,8693,,,,,,6907,787.20,0.00,,,,,,,,31128011,Prefeitura Municipal de Capitólio,PMC,Local,Administração pública direta,Esgoto
311290,Caputira,9318,3514,286.52,230.18,56.34,286.52,,,,2776,0,2776,0,283,0,,31062000,Companhia de Saneamento de Minas Gerais,COPASA,Regional,Sociedade de economia mista com administração pública,Água
311290,Caputira,9318,,,,,,4700,660.00,0.00,,,,,,,,31129011,Prefeitura Municipal de Caputira,PMC,Local,Administração pública direta,Esgoto
311300,Caraí,23872,6716,384.42,247.14,137.28,38.44,6105,298.50,29.85,7051,498,6966,26,732,1,,31686000,Copasa Serviços de Saneamento Integrado do Norte e Nordeste de Minas Gerais S/A,COPANOR,Regional,Empresa pública,Água e Esgotos
311310,Caranaíba,3150,2249,170.00,0.00,170.00,0.00,946,60.00,0.00,1,0,312,147,312,171,,31131011,Prefeitura Municipal de Caranaíba,PMC,Local,Administração pública direta,Água e Esgoto
311320,Carandaí,25831,19646,1442.06,671.48,770.58,1442.06,,,,7077,0,7077,1,764,0,,31062000,Companhia de Saneamento de Minas Gerais,COPASA,Regional,Sociedade de economia mista com administração pública,Água
311320,Carandaí,25831,,,,,,25831,1310.00,0.00,,,,,,,,31132011,Prefeitura Municipal de Carandaí,PMC,Local,Administração pública direta,Esgoto
311330,Carangola,33022,25006,2932.10,2910.15,21.95,2910.15,19319,1335.74,165.19,19096,0,19096,0,1175,0,,31133011,Serviço Municipal de Saneamento Básico e Infraestrutura,SEMASA,Local,Autarquia,Água e Esgoto
311340,Caratinga,93124,69144,4888.47,4791.57,96.90,4888.47,56155,2280.75,1747.99,13985,19,13964,350,1983,16,,31062000,Companhia de Saneamento de Minas Gerais,COPASA,Regional,Sociedade de economia mista com administração pública,Água e Esgotos
311350,Carbonita,9423,7030,371.99,371.99,0.00,371.99,5544,184.08,178.80,5753,0,5761,8,283,0,,31062000,Companhia de Saneamento de Minas Gerais,COPASA,Regional,Sociedade de economia mista com administração pública,Água e Esgotos
311350,Carbonita,9423,716,26.63,0.00,26.63,0.00,122,19.75,0.00,452,22,452,0,452,2,,31686000,Copasa Serviços de Saneamento Integrado do Norte e Nordeste de Minas Gerais S/A,COPANOR,Regional,Empresa pública,Água e Esgotos
311360,Careaçu,6826,4648,337.77,337.77,0.00,337.77,,,,5284,0,5281,9,114,0,,31062000,Companhia de Saneamento de Minas Gerais,COPASA,Regional,Sociedade de economia mista com administração pública,Água
311360,Careaçu,6826,,,,,,6826,535.00,0.00,,,,,,,,31136011,Prefeitura Municipal de Careaçu,PMC,Local,Administração pública direta,Esgoto
311370,Carlos Chagas,18516,10769,706.09,706.09,0.00,706.09,9444,361.53,361.53,3863,0,3847,11,241,2,,31062000,Companhia de Saneamento de Minas Gerais,COPASA,Regional,Sociedade de economia mista com administração pública,Água e Esgotos
311370,Carlos Chagas,18516,2011,304.02,124.87,0.40,124.86,1857,44.22,0.00,6193,4,6196,19,575,1,,31686000,Copasa Serviços de Saneamento Integrado do Norte e Nordeste de Minas Gerais S/A,COPANOR,Regional,Empresa pública,Água e Esgotos
311380,Carmésia,2660,1950,190.00,158.00,30.00,0.00,1418,76.00,76.00,5000,66,5000,58,4900,6,,31138011,Prefeitura Municipal de Carmésia,PMC,Local,Administração pública direta,Água e Esgoto
311390,Carmo da Cachoeira,12193,8642,608.88,608.88,0.00,608.88,7845,307.67,0.00,4867,0,4841,3,379,0,,31062000,Companhia de Saneamento de Minas Gerais,COPASA,Regional,Sociedade de economia mista com administração pública,Água e Esgotos
311400,Carmo da Mata,11546,11143,817.31,746.50,70.81,817.10,9845,308.83,250.09,3888,47,3873,56,678,40,,31140011,Serviço Autônomo de Água e Esgoto,SAAE,Local,Autarquia,Água e Esgoto
311410,Carmo de Minas,15031,15031,1058.16,1058.16,0.00,0.00,11138,947.61,0.00,4721,15,4721,15,472,3,,31141011,Serviço Autônomo de Água e Esgoto,SAAE,Local,Autarquia,Água e Esgoto
311420,Carmo do Cajuru,22900,21455,1914.61,1623.35,291.26,1623.35,16739,855.92,196.42,5375,90,5124,35,778,0,,31142011,Serviço Autarquico de Água e Esgoto,SAAE,Local,Autarquia,Água e Esgoto
311430,Carmo do Paranaíba,30339,22950,1704.02,1262.78,441.24,1704.02,22679,1055.49,922.75,10677,0,10678,6,613,1,,31062000,Companhia de Saneamento de Minas Gerais,COPASA,Regional,Sociedade de economia mista com administração pública,Água e Esgotos
311440,Carmo do Rio Claro,21310,14300,1049.00,1034.08,14.92,1049.00,13807,638.25,638.25,4179,0,4132,0,506,0,,31062000,Companhia de Saneamento de Minas Gerais,COPASA,Regional,Sociedade de economia mista com administração pública,Água e Esgotos
311450,Carmópolis de Minas,19756,19756,1152.00,1050.00,102.00,1050.00,19756,735.00,551.00,8500,0,4920,0,1230,0,,31145011,Serviço de Saneamento Ambiental Municipal,SESAM,Local,Autarquia,Água e Esgoto
311455,Carneirinho,10103,6589,472.52,0.00,472.52,472.52,6136,285.20,285.20,2271,0,1565,0,446,0,,31062000,Companhia de Saneamento de Minas Gerais,COPASA,Regional,Sociedade de economia mista com administração pública,Água e Esgotos
311460,Carrancas,4052,2781,114.00,0.00,0.00,0.00,,,,2,2,2,2,36,36,,31146011,Prefeitura Municipal de Carrancas,PMC,Local,Administração pública direta,Água
311470,Carvalhópolis,3614,2636,164.63,164.63,0.00,164.63,,,,2664,0,2655,0,116,0,,31062000,Companhia de Saneamento de Minas Gerais,COPASA,Regional,Sociedade de economia mista com administração pública,Água
311470,Carvalhópolis,3614,,,,,,2647,480.00,480.00,,,,,,,,31147011,Prefeitura Municipal de Carvalhópolis,PMC,Local,Administração pública direta,Esgoto
311480,Carvalhos,4445,1973,167.24,167.24,0.00,167.24,1538,79.89,0.00,2080,0,2074,0,119,0,,31062000,Companhia de Saneamento de Minas Gerais,COPASA,Regional,Sociedade de economia mista com administração pública,Água e Esgotos
311490,Casa Grande,2251,2251,126.14,0.00,100.00,0.00,,,,48,48,48,48,48,48,,31149011,Prefeitura Municipal de Casa Grande,PMCG,Local,Administração pública direta,Água
311500,Cascalho Rico,3108,1931,146.84,0.00,146.84,146.84,,,,673,0,669,0,220,1,,31062000,Companhia de Saneamento de Minas Gerais,COPASA,Regional,Sociedade de economia mista com administração pública,Água
311500,Cascalho Rico,3108,,,,,,1050,127.80,0.00,,,,,,,,31150011,Prefeitura Municipal de Cascalho Rico,PMCR,Local,Administração pública direta,Esgoto
311510,Cássia,17741,13726,1488.27,1488.27,0.00,1488.27,,,,4425,0,4392,0,333,0,,31062000,Companhia de Saneamento de Minas Gerais,COPASA,Regional,Sociedade de economia mista com administração pública,Água
311510,Cássia,17741,,,,,,17740,3000.00,70.00,,,,,,,,31151011,Prefeitura Municipal de Cássia,PMC,Local,Administração pública direta,Esgoto
311530,Cataguases,75942,64696,6113.75,5842.91,270.84,6113.75,46613,1927.41,461.95,7935,3,7921,24,1627,17,,31062000,Companhia de Saneamento de Minas Gerais,COPASA,Regional,Sociedade de economia mista com administração pública,Água e Esgotos
311535,Catas Altas,5465,4806,946.00,346.90,200.30,0.00,4078,268.00,227.80,12,0,12,0,12,4,,31153511,Prefeitura Municipal de Catas Altas,PMCA,Local,Administração pública direta,Água e Esgoto
311540,Catas Altas da Noruega,3665,1513,192.00,0.00,192.00,0.00,,,,0,0,4,0,48,0,,31154011,Prefeitura Municipal de Catas Altas da Noruega,PMCAN,Local,Administração pública direta,Água
311545,Catuji,6206,2741,185.74,168.61,0.00,160.01,2641,96.58,0.00,3986,21,4079,117,265,2,,31686000,Copasa Serviços de Saneamento Integrado do Norte e Nordeste de Minas Gerais S/A,COPANOR,Regional,Empresa pública,Água e Esgotos
311547,Catuti,4944,2189,124.46,124.46,0.00,124.46,843,28.20,28.20,8872,0,8868,1,133,0,,31062000,Companhia de Saneamento de Minas Gerais,COPASA,Regional,Sociedade de economia mista com administração pública,Água e Esgotos
311550,Caxambu,21566,18632,1312.93,1312.93,0.00,1312.93,18225,805.41,805.41,8704,0,8698,1,469,0,,31062000,Companhia de Saneamento de Minas Gerais,COPASA,Regional,Sociedade de economia mista com administração pública,Água e Esgotos
311560,Cedro do Abaeté,1150,778,68.05,68.05,0.00,68.05,,,,2310,0,2312,0,148,0,,31062000,Companhia de Saneamento de Minas Gerais,COPASA,Regional,Sociedade de economia mista com administração pública,Água
311560,Cedro do Abaeté,1150,,,,,,692,59.00,0.00,,,,,,,,31156011,Prefeitura Municipal de Cedro do Abaeté,PMCA,Local,Administração pública direta,Esgoto
311570,Central de Minas,7059,5831,516.00,496.00,20.00,496.00,5831,297.60,1.00,5189,0,5189,388,288,0,,31157011,Serviço Autônomo de Água e Esgoto,SAAE,Local,Autarquia,Água e Esgoto
311580,Centralina,10343,7670,561.22,280.61,280.61,561.22,3771,158.22,158.22,3279,0,3273,0,226,0,,31062000,Companhia de Saneamento de Minas Gerais,COPASA,Regional,Sociedade de economia mista com administração pública,Água e Esgotos
311590,Chácara,3216,1965,154.60,0.00,154.60,154.60,,,,889,0,894,0,134,0,,31062000,Companhia de Saneamento de Minas Gerais,COPASA,Regional,Sociedade de economia mista com administração pública,Água
311590,Chácara,3216,,,,,,2300,100.00,0.00,,,,,,,,31159011,Prefeitura Municipal de Chácara,PMC,Local,Administração pública direta,Esgoto
311600,Chalé,5695,3250,2320.00,2320.00,0.00,0.00,3250,585.00,0.00,6000,0,6500,0,170,0,,31160011,Prefeitura Municipal de Chalé,PMC,Local,Administração pública direta,Água e Esgoto
311610,Chapada do Norte,15334,5999,318.98,304.30,14.68,288.58,520,12.32,0.00,6320,29,6320,38,1631,25,,31686000,Copasa Serviços de Saneamento Integrado do Norte e Nordeste de Minas Gerais S/A,COPANOR,Regional,Empresa pública,Água e Esgotos
311615,Chapada Gaúcha,14217,6916,354.38,0.00,354.38,354.38,,,,6621,1,6621,96,295,1,,31062000,Companhia de Saneamento de Minas Gerais,COPASA,Regional,Sociedade de economia mista com administração pública,Água
311630,Cipotânea,6811,3162,183.82,183.82,0.00,183.82,,,,2139,0,2140,0,112,0,,31062000,Companhia de Saneamento de Minas Gerais,COPASA,Regional,Sociedade de economia mista com administração pública,Água
311630,Cipotânea,6811,,,,,,6811,530.00,0.00,,,,,,,,31163011,Prefeitura Municipal de Cipotânea,PMC,Local,Administração pública direta,Esgoto
311640,Claraval,4873,4853,287.00,0.00,0.00,225.00,1500,223.54,92.00,36,0,36,0,36,0,,31164011,Prefeitura Municipal de Claraval,PMC,Local,Administração pública direta,Água e Esgoto
311650,Claro dos Poções,7478,5033,270.95,180.04,90.91,270.95,2057,66.87,66.87,3058,0,3058,0,286,1,,31062000,Companhia de Saneamento de Minas Gerais,COPASA,Regional,Sociedade de economia mista com administração pública,Água e Esgotos
311660,Cláudio,29093,23219,1551.17,1487.68,63.49,1551.17,23164,870.86,870.86,5071,0,5066,54,603,1,,31062000,Companhia de Saneamento de Minas Gerais,COPASA,Regional,Sociedade de economia mista com administração pública,Água e Esgotos
311670,Coimbra,7631,4983,313.59,313.59,0.00,313.59,,,,1075,0,1038,0,192,1,,31062000,Companhia de Saneamento de Minas Gerais,COPASA,Regional,Sociedade de economia mista com administração pública,Água
311680,Coluna,8810,3866,209.67,0.00,209.67,209.67,,,,441,3,438,29,172,0,,31062000,Companhia de Saneamento de Minas Gerais,COPASA,Regional,Sociedade de economia mista com administração pública,Água
311690,Comendador Gomes,3128,1470,115.24,57.62,57.62,115.24,,,,1026,0,1028,0,111,0,,31062000,Companhia de Saneamento de Minas Gerais,COPASA,Regional,Sociedade de economia mista com administração pública,Água
311690,Comendador Gomes,3128,,,,,,1587,100.00,100.00,,,,,,,,31169011,Prefeitura Municipal de Comendador Gomes,PMCG,Local,Administração pública direta,Esgoto
311700,Comercinho,6624,3720,218.52,196.31,22.21,0.00,2219,92.85,0.00,4495,9,4457,126,308,0,,31686000,Copasa Serviços de Saneamento Integrado do Norte e Nordeste de Minas Gerais S/A,COPANOR,Regional,Empresa pública,Água e Esgotos
311710,Conceição da Aparecida,10351,6192,508.66,508.66,0.00,508.66,,,,3777,0,3760,0,181,0,,31062000,Companhia de Saneamento de Minas Gerais,COPASA,Regional,Sociedade de economia mista com administração pública,Água
311710,Conceição da Aparecida,10351,,,,,,6516,376.00,37.00,,,,,,,,31171011,Prefeitura Municipal de Conceição da Aparecida,PMCA,Local,Administração pública direta,Esgoto
311520,Conceição da Barra de Minas,3939,2617,157.79,0.00,157.79,157.79,1718,59.77,59.77,876,0,867,0,164,0,,31062000,Companhia de Saneamento de Minas Gerais,COPASA,Regional,Sociedade de economia mista com administração pública,Água e Esgotos
311730,Conceição das Alagoas,28782,28455,2900.00,0.00,2900.00,2900.00,28128,1451.00,0.00,180,22,180,0,180,0,,31173011,Prefeitura Municipal de Conceição das Alagoas,PMCA,Local,Administração pública direta,Água e Esgoto
311720,Conceição das Pedras,2814,2813,420.00,0.00,420.00,0.00,2814,85.00,0.00,75,40,75,2,75,3,,31172011,Prefeitura Municipal de Conceição das Pedras,PMCP,Local,Administração pública direta,Água e Esgoto
311740,Conceição de Ipanema,4581,4581,610.00,540.00,0.00,540.00,4581,506.00,0.00,4500,0,4500,5,285,5,,31174011,Prefeitura Municipal de Conceição de Ipanema,PMCI,Local,Administração pública direta,Água e Esgoto
311750,Conceição do Mato Dentro,17438,10428,1254.10,1254.10,0.00,1254.10,8401,472.13,287.45,9523,2,9523,66,388,2,,31062000,Companhia de Saneamento de Minas Gerais,COPASA,Regional,Sociedade de economia mista com administração pública,Água e Esgotos
311760,Conceição do Pará,5558,2154,201.06,201.06,0.00,201.06,1773,93.60,0.00,6603,10,6600,99,141,1,,31062000,Companhia de Saneamento de Minas Gerais,COPASA,Regional,Sociedade de economia mista com administração pública,Água e Esgotos
311770,Conceição do Rio Verde,13729,10814,789.34,394.67,394.67,789.34,,,,4575,0,4566,0,300,0,,31062000,Companhia de Saneamento de Minas Gerais,COPASA,Regional,Sociedade de economia mista com administração pública,Água
311780,Conceição dos Ouros,11852,8967,709.94,354.97,354.97,709.94,,,,4909,0,4881,345,270,4,,31062000,Companhia de Saneamento de Minas Gerais,COPASA,Regional,Sociedade de economia mista com administração pública,Água
311780,Conceição dos Ouros,11852,,,,,,9268,651.00,0.00,,,,,,,,31178011,Prefeitura Municipal de Conceição dos Ouros,PMCO,Local,Administração pública direta,Esgoto
311783,Cônego Marinho,7730,2056,84.54,0.00,84.54,84.54,,,,430,0,509,0,143,3,,31062000,Companhia de Saneamento de Minas Gerais,COPASA,Regional,Sociedade de economia mista com administração pública,Água
311787,Confins,6867,6608,1097.68,0.00,1097.68,1097.68,0,107.13,107.13,4475,0,4476,1,272,13,,31062000,Companhia de Saneamento de Minas Gerais,COPASA,Regional,Sociedade de economia mista com administração pública,Água e Esgotos
311790,Congonhal,12209,8672,583.66,583.66,0.00,583.66,8672,330.22,0.00,4233,2,4224,0,217,0,,31062000,Companhia de Saneamento de Minas Gerais,COPASA,Regional,Sociedade de economia mista com administração pública,Água e Esgotos
311800,Congonhas,55836,44690,3797.38,3641.68,155.70,3797.38,35741,1542.29,0.00,10934,0,10898,23,1068,0,,31062000,Companhia de Saneamento de Minas Gerais,COPASA,Regional,Sociedade de economia mista com administração pública,Água e Esgotos
311820,Conquista,6997,5432,425.78,399.32,26.46,425.78,4796,241.03,197.95,4634,0,4634,0,297,0,,31062000,Companhia de Saneamento de Minas Gerais,COPASA,Regional,Sociedade de economia mista com administração pública,Água e Esgotos
311830,Conselheiro Lafaiete,130584,108510,9321.43,9321.43,0.00,9321.43,96872,4165.91,2919.45,10849,3,10849,2,1092,0,,31062000,Companhia de Saneamento de Minas Gerais,COPASA,Regional,Sociedade de economia mista com administração pública,Água e Esgotos
311840,Conselheiro Pena,22975,22975,2288.35,2288.35,0.00,2288.35,22975,931.69,89.60,15082,0,13980,1563,976,0,,31184011,Serviço Autônomo de Água e Esgoto,SAAE,Local,Autarquia,Água e Esgoto
311850,Consolação,1786,982,61.00,61.00,0.00,0.00,982,41.00,0.00,6116,0,1158,0,216,0,,31185011,Prefeitura Municipal de Consolação,PMC,Local,Administração pública direta,Água e Esgoto
311860,Contagem,673849,581897,62549.06,62549.06,0.00,62549.06,547949,22847.62,22847.62,12162,3,12160,45,2911,60,,31062000,Companhia de Saneamento de Minas Gerais,COPASA,Regional,Sociedade de economia mista com administração pública,Água e Esgotos
311870,Coqueiral,9099,7585,573.82,500.38,73.44,500.38,7225,347.04,247.23,3166,30,3180,5,255,0,,31187011,Serviço Autônomo de Água e Esgoto,SAAE,Local,Autarquia,Água e Esgoto
311880,Coração de Jesus,26620,10676,720.10,360.05,360.05,720.10,5414,200.02,199.01,4214,0,4212,0,270,4,,31062000,Companhia de Saneamento de Minas Gerais,COPASA,Regional,Sociedade de economia mista com administração pública,Água e Esgotos
311890,Cordisburgo,8903,5841,472.15,0.00,472.15,472.15,3238,125.63,125.63,1088,0,1088,0,357,0,,31062000,Companhia de Saneamento de Minas Gerais,COPASA,Regional,Sociedade de economia mista com administração pública,Água e Esgotos
311900,Cordislândia,3546,2523,151.27,151.27,0.00,151.27,,,,3372,0,3367,0,121,0,,31062000,Companhia de Saneamento de Minas Gerais,COPASA,Regional,Sociedade de economia mista com administração pública,Água
311900,Cordislândia,3546,,,,,,2843,88.00,0.00,,,,,,,,31190011,Prefeitura Municipal de Cordislândia,PMC,Local,Administração pública direta,Esgoto
311910,Corinto,23607,18307,1456.54,15.38,1441.16,1456.54,13667,593.80,593.80,1594,0,2158,0,823,1,,31062000,Companhia de Saneamento de Minas Gerais,COPASA,Regional,Sociedade de economia mista com administração pública,Água e Esgotos
311920,Coroaci,9897,5197,307.27,227.77,79.50,307.27,,,,4600,0,4519,0,330,0,,31062000,Companhia de Saneamento de Minas Gerais,COPASA,Regional,Sociedade de economia mista com administração pública,Água
311920,Coroaci,9897,,,,,,5579,232.88,0.00,,,,,,,,31192011,Prefeitura Municipal de Coroaci,PMC,Local,Administração pública direta,Esgoto
311930,Coromandel,27958,20226,1813.16,1813.16,0.00,1813.16,,,,4219,1,4214,0,478,1,,31062000,Companhia de Saneamento de Minas Gerais,COPASA,Regional,Sociedade de economia mista com administração pública,Água
311930,Coromandel,27958,,,,,,20000,285.00,0.00,,,,,,,,31193011,Prefeitura Municipal de Coromandel,PMC,Local,Administração pública direta,Esgoto
311940,Coronel Fabriciano,110709,89505,9773.15,6515.43,3257.72,9773.15,85916,3311.72,1851.49,5901,1,5664,497,1236,0,,31062000,Companhia de Saneamento de Minas Gerais,COPASA,Regional,Sociedade de economia mista com administração pública,Água e Esgotos
311950,Coronel Murta,9209,5291,288.43,288.43,0.00,288.43,3404,127.27,127.27,2482,0,2485,0,158,0,,31062000,Companhia de Saneamento de Minas Gerais,COPASA,Regional,Sociedade de economia mista com administração pública,Água e Esgotos
311950,Coronel Murta,9209,1154,53.62,18.89,34.73,53.62,,,,2455,0,2439,138,426,0,,31686000,Copasa Serviços de Saneamento Integrado do Norte e Nordeste de Minas Gerais S/A,COPANOR,Regional,Empresa pública,Água
311960,Coronel Pacheco,3095,2222,902.50,254.50,471.60,0.00,2222,95.50,0.00,4380,438,4380,75,12,1,,31196011,Prefeitura Municipal de Coronel Pacheco,PMCP,Local,Administração pública direta,Água e Esgoto
311970,Coronel Xavier Chaves,3448,1893,139.71,0.00,139.71,139.71,,,,1237,0,1229,1,156,0,,31062000,Companhia de Saneamento de Minas Gerais,COPASA,Regional,Sociedade de economia mista com administração pública,Água
311970,Coronel Xavier Chaves,3448,,,,,,1873,123.00,0.00,,,,,,,,31197011,Prefeitura Municipal de Coronel Xavier Chaves,PMCXC,Local,Administração pública direta,Esgoto
311980,Córrego Danta,3168,1842,161.89,51.78,110.11,161.89,,,,1378,0,883,0,265,0,,31062000,Companhia de Saneamento de Minas Gerais,COPASA,Regional,Sociedade de economia mista com administração pública,Água
311980,Córrego Danta,3168,,,,,,3050,520.00,0.00,,,,,,,,31198011,Prefeitura Municipal de Córrego Danta,PMCD,Local,Administração pública direta,Esgoto
311990,Córrego do Bom Jesus,3685,3545,575.00,370.00,0.00,0.00,976,125.00,0.00,232200,0,2420,0,780,0,,31199011,Prefeitura Municipal de Córrego do Bom Jesus,PMCBJ,Local,Administração pública direta,Água e Esgoto
311995,Córrego Fundo,6425,5659,621.37,0.00,621.37,0.00,4076,191.25,191.25,927,25,927,30,313,1,,31199511,Serviço Autônomo de Água e Esgoto,SAAE,Local,Autarquia,Água e Esgoto
312000,Córrego Novo,2688,1936,160.35,160.35,0.00,160.35,,,,729,0,661,0,113,0,,31062000,Companhia de Saneamento de Minas Gerais,COPASA,Regional,Sociedade de economia mista com administração pública,Água
312000,Córrego Novo,2688,,,,,,2688,155.00,0.00,,,,,,,,31200011,Prefeitura Municipal de Córrego Novo,PMCN,Local,Administração pública direta,Esgoto
312010,Couto de Magalhães de Minas,4436,3723,394.02,394.02,0.00,394.02,3385,159.89,159.89,4473,2,4473,6,237,2,,31686000,Copasa Serviços de Saneamento Integrado do Norte e Nordeste de Minas Gerais S/A,COPANOR,Regional,Empresa pública,Água e Esgotos
312015,Crisólita,6814,3834,179.54,173.61,0.00,17.95,3834,44.15,44.15,8854,125,8854,636,328,0,,31686000,Copasa Serviços de Saneamento Integrado do Norte e Nordeste de Minas Gerais S/A,COPANOR,Regional,Empresa pública,Água e Esgotos
312020,Cristais,13060,9847,657.49,657.49,0.00,657.49,,,,7317,0,7305,2,340,0,,31062000,Companhia de Saneamento de Minas Gerais,COPASA,Regional,Sociedade de economia mista com administração pública,Água
312020,Cristais,13060,,,,,,13000,1900.00,1900.00,,,,,,,,31202011,Prefeitura Municipal de Cristais,PMC,Local,Administração pública direta,Esgoto
312030,Cristália,5992,2581,163.56,163.56,0.00,163.56,1339,46.45,46.45,1947,0,1946,0,133,0,,31062000,Companhia de Saneamento de Minas Gerais,COPASA,Regional,Sociedade de economia mista com administração pública,Água e Esgotos
312040,Cristiano Otoni,5161,3906,215.54,0.00,215.54,215.54,3051,106.09,0.00,1249,0,1249,0,112,0,,31062000,Companhia de Saneamento de Minas Gerais,COPASA,Regional,Sociedade de economia mista com administração pública,Água e Esgotos
312050,Cristina,10211,10200,1099.00,990.00,84.20,0.00,10100,800.00,0.00,4392,28,4320,98,72,4,,31205011,Prefeitura Municipal de Cristina,PMC,Local,Administração pública direta,Água e Esgoto
312060,Crucilândia,5072,3167,257.94,257.94,0.00,257.94,,,,2696,0,2696,0,138,2,,31062000,Companhia de Saneamento de Minas Gerais,COPASA,Regional,Sociedade de economia mista com administração pública,Água
312060,Crucilândia,5072,,,,,,3176,242.00,0.00,,,,,,,,31206011,Prefeitura Municipal de Crucilândia,PMCRU,Local,Administração pública direta,Esgoto
312070,Cruzeiro da Fortaleza,3651,3125,256.51,130.88,125.63,256.51,,,,4982,0,4980,0,224,0,,31062000,Companhia de Saneamento de Minas Gerais,COPASA,Regional,Sociedade de economia mista com administração pública,Água
312070,Cruzeiro da Fortaleza,3651,,,,,,3651,399.78,200.00,,,,,,,,31207011,Prefeitura Municipal de Cruzeiro da Fortaleza,PMCF,Local,Administração pública direta,Esgoto
312080,Cruzília,15529,13380,753.48,753.48,0.00,753.48,12566,483.72,0.00,10684,0,10658,2,334,0,,31062000,Companhia de Saneamento de Minas Gerais,COPASA,Regional,Sociedade de economia mista com administração pública,Água e Esgotos
312083,Cuparaque,5026,775,71.06,71.06,0.00,71.06,,,,1663,2,1663,0,99,0,,31062000,Companhia de Saneamento de Minas Gerais,COPASA,Regional,Sociedade de economia mista com administração pública,Água
312083,Cuparaque,5026,,,,,,5026,100.00,0.00,,,,,,,,31208311,Prefeitura Municipal de Cuparaque,PMC,Local,Administração pública direta,Esgoto
312087,Curral de Dentro,7867,5874,243.71,243.71,0.00,243.71,,,,1569,0,1569,0,266,0,,31062000,Companhia de Saneamento de Minas Gerais,COPASA,Regional,Sociedade de economia mista com administração pública,Água
312087,Curral de Dentro,7867,,,,,,5000,660.00,0.00,,,,,,,,31208711,Prefeitura Municipal de Curral de Dentro,PMCD,Local,Administração pública direta,Esgoto
312090,Curvelo,81085,69500,5956.42,7.35,5949.07,5956.42,60122,2431.19,2431.19,5690,1,5853,0,1508,1,,31062000,Companhia de Saneamento de Minas Gerais,COPASA,Regional,Sociedade de economia mista com administração pública,Água e Esgotos
312100,Datas,5431,3242,157.33,0.00,157.33,157.33,,,,518,0,516,0,177,0,,31062000,Companhia de Saneamento de Minas Gerais,COPASA,Regional,Sociedade de economia mista com administração pública,Água
312100,Datas,5431,2179,109.71,0.00,0.00,0.00,3898,98.00,0.00,396,0,395,0,232,0,,31210011,Prefeitura Municipal de Datas,PMD,Local,Administração pública direta,Água e Esgoto
312110,Delfim Moreira,8007,3000,560.00,560.00,0.00,0.00,3000,310.00,0.00,4428,0,4528,0,50,0,,31211011,Prefeitura Municipal de Delfim Moreira,PMDM,Local,Administração pública direta,Água e Esgoto
312120,Delfinópolis,7146,3801,346.97,346.97,0.00,346.97,3440,185.28,181.65,3815,0,3801,0,138,0,,31062000,Companhia de Saneamento de Minas Gerais,COPASA,Regional,Sociedade de economia mista com administração pública,Água e Esgotos
312125,Delta,10994,10525,1350.00,0.00,1350.00,0.00,10089,1000.00,0.00,580,8,212,1,1,0,,31212511,Prefeitura Municipal de Delta,PMD,Local,Administração pública direta,Água e Esgoto
312130,Descoberto,5044,4083,440.11,440.11,0.00,440.11,,,,2262,0,2282,12,127,1,,31062000,Companhia de Saneamento de Minas Gerais,COPASA,Regional,Sociedade de economia mista com administração pública,Água
312130,Descoberto,5044,,,,,,4305,425.00,0.00,,,,,,,,31213011,Prefeitura Municipal de Descoberto,PMD,Local,Administração pública direta,Esgoto
312140,Desterro de Entre Rios,7266,4325,690.00,310.00,0.00,0.00,3829,622.00,0.00,4320,118,4320,38,280,9,,31214011,Prefeitura Municipal de Desterro de Entre Rios,PMDER,Local,Administração pública direta,Água e Esgoto
312150,Desterro do Melo,2867,1390,102.99,102.99,0.00,102.99,1332,54.15,54.15,1069,0,929,0,112,0,,31062000,Companhia de Saneamento de Minas Gerais,COPASA,Regional,Sociedade de economia mista com administração pública,Água e Esgotos
312160,Diamantina,47924,33808,2424.65,808.22,1616.43,2424.65,27516,1102.46,529.75,7569,8,7571,342,909,0,,31062000,Companhia de Saneamento de Minas Gerais,COPASA,Regional,Sociedade de economia mista com administração pública,Água e Esgotos
312160,Diamantina,47924,6766,417.16,59.63,357.52,59.62,4499,151.95,151.95,8300,16,8300,4,2711,5,,31686000,Copasa Serviços de Saneamento Integrado do Norte e Nordeste de Minas Gerais S/A,COPANOR,Regional,Empresa pública,Água e Esgotos
312170,Diogo de Vasconcelos,3779,3325,180.00,102.00,0.00,0.00,1581,130.00,0.00,2815,44,2735,14,146,0,,31217011,Prefeitura Municipal de Diogo de Vasconcelos,PMDV,Local,Administração pública direta,Água e Esgoto
312180,Dionísio,7493,3539,280.71,280.71,0.00,280.71,,,,2291,0,2270,0,109,0,,31062000,Companhia de Saneamento de Minas Gerais,COPASA,Regional,Sociedade de economia mista com administração pública,Água
312180,Dionísio,7493,,,,,,6143,796.00,0.00,,,,,,,,31218011,Prefeitura Municipal de Dionísio,PMD,Local,Administração pública direta,Esgoto
312190,Divinésia,3430,2282,176.48,88.24,88.24,176.48,,,,2008,0,1988,1,148,1,,31062000,Companhia de Saneamento de Minas Gerais,COPASA,Regional,Sociedade de economia mista com administração pública,Água
312190,Divinésia,3430,,,,,,3000,64.00,0.00,,,,,,,,31219011,Prefeitura Municipal de Divinésia,PMD,Local,Administração pública direta,Esgoto
312200,Divino,20020,10169,754.30,754.30,0.00,754.30,9021,362.70,0.00,3998,1,3998,0,227,0,,31062000,Companhia de Saneamento de Minas Gerais,COPASA,Regional,Sociedade de economia mista com administração pública,Água e Esgotos
312210,Divino das Laranjeiras,4969,3544,222.03,222.03,0.00,222.03,,,,9271,1,9232,2,437,0,,31062000,Companhia de Saneamento de Minas Gerais,COPASA,Regional,Sociedade de economia mista com administração pública,Água
312210,Divino das Laranjeiras,4969,,,,,,3950,120.00,0.00,,,,,,,,31221011,Prefeitura Municipal de Divino das Laranjeiras,PMDL,Local,Administração pública direta,Esgoto
312220,Divinolândia de Minas,7655,7200,740.00,500.00,240.00,0.00,5100,550.00,0.00,8900,0,10000,0,130,0,,31222011,Serviço Autônomo de Água e Esgoto de Divinolândia de Minas,SAAEDM,Local,Autarquia,Água e Esgoto
312230,Divinópolis,242505,228871,21047.45,15785.59,5261.86,21047.45,206723,8912.02,384.39,12432,7,12423,49,2653,20,,31062000,Companhia de Saneamento de Minas Gerais,COPASA,Regional,Sociedade de economia mista com administração pública,Água e Esgotos
312235,Divisa Alegre,6946,5825,308.95,0.00,308.95,308.95,,,,971,4,972,3,165,1,,31062000,Companhia de Saneamento de Minas Gerais,COPASA,Regional,Sociedade de economia mista com administração pública,Água
312240,Divisa Nova,6039,4524,338.18,0.00,338.18,338.18,,,,847,0,831,0,133,2,,31062000,Companhia de Saneamento de Minas Gerais,COPASA,Regional,Sociedade de economia mista com administração pública,Água
312240,Divisa Nova,6039,,,,,,4882,224.00,0.00,,,,,,,,31224011,Prefeitura Municipal de Divisa Nova,PMDN,Local,Administração pública direta,Esgoto
312245,Divisópolis,11396,7525,290.37,290.37,0.00,290.37,3169,79.19,79.19,2346,0,2345,1,172,1,,31062000,Companhia de Saneamento de Minas Gerais,COPASA,Regional,Sociedade de economia mista com administração pública,Água e Esgotos
312247,Dom Bosco,3635,3100,320.00,300.00,0.00,0.00,1200,120.00,0.00,290,14,311,23,4,0,,31224711,Prefeitura Municipal de Dom Bosco,PMDB,Local,Administração pública direta,Água e Esgoto
312250,Dom Cavati,5025,3988,338.80,338.80,0.00,338.80,,,,2411,0,2411,0,99,0,,31062000,Companhia de Saneamento de Minas Gerais,COPASA,Regional,Sociedade de economia mista com administração pública,Água
312250,Dom Cavati,5025,,,,,,4486,350.00,0.00,,,,,,,,31225011,Prefeitura Municipal de Dom Cavati,PMDC,Local,Administração pública direta,Esgoto
312260,Dom Joaquim,4436,2538,230.32,230.32,0.00,230.32,,,,2120,0,2117,3,163,0,,31062000,Companhia de Saneamento de Minas Gerais,COPASA,Regional,Sociedade de economia mista com administração pública,Água
312260,Dom Joaquim,4436,,,,,,1700,220.00,0.00,,,,,,,,31226011,Prefeitura Municipal de Dom Joaquim,PMDJ,Local,Administração pública direta,Esgoto
312270,Dom Silvério,5227,4161,281.74,281.74,0.00,281.74,,,,2299,0,2300,1,112,1,,31062000,Companhia de Saneamento de Minas Gerais,COPASA,Regional,Sociedade de economia mista com administração pública,Água
312270,Dom Silvério,5227,,,,,,5200,300.00,0.00,,,,,,,,31227011,Prefeitura Municipal de Dom Silvério,PMDS,Local,Administração pública direta,Esgoto
312280,Dom Viçoso,2992,2990,236.30,162.00,74.30,0.00,2105,81.00,0.00,3650,60,3650,12,36,0,,31228011,Prefeitura Municipal de Dom Viçoso,PMDV,Local,Administração pública direta,Água e Esgoto
312290,Dona Eusébia,6664,5178,416.53,416.53,0.00,416.53,,,,3661,0,3627,0,280,0,,31062000,Companhia de Saneamento de Minas Gerais,COPASA,Regional,Sociedade de economia mista com administração pública,Água
312290,Dona Eusébia,6664,,,,,,6643,350.00,0.00,,,,,,,,31229011,Prefeitura Municipal de Dona Eusébia,PMDE,Local,Administração pública direta,Esgoto
312300,Dores de Campos,10291,10291,715.52,688.12,0.00,0.00,9359,551.15,0.00,4380,383,108,20,108,24,,31230011,Prefeitura Municipal de Dores de Campos,PMDC,Local,Administração pública direta,Água e Esgoto
312310,Dores de Guanhães,5139,5100,548.95,252.28,252.28,0.00,,,,5000,180,5000,500,100,15,,31231011,Prefeitura Municipal de Dores de Guanhães,PMD,Local,Administração pública direta,Água
312320,Dores do Indaiá,13373,10910,905.97,905.97,0.00,905.97,10393,474.52,474.52,2812,1,2812,0,284,0,,31062000,Companhia de Saneamento de Minas Gerais,COPASA,Regional,Sociedade de economia mista com administração pública,Água e Esgotos
312330,Dores do Turvo,4202,2005,132.36,132.36,0.00,132.36,,,,1629,1,1613,2,139,0,,31062000,Companhia de Saneamento de Minas Gerais,COPASA,Regional,Sociedade de economia mista com administração pública,Água
312330,Dores do Turvo,4202,,,,,,3393,568.00,0.00,,,,,,,,31233011,Prefeitura Municipal de Dores do Turvo,PMDT,Local,Administração pública direta,Esgoto
312350,Douradoquara,1915,1912,160.00,0.00,0.00,0.00,1912,88.77,0.00,120,0,120,0,120,0,,31235011,Prefeitura Municipal de Douradoquara,PMD,Local,Administração pública direta,Água e Esgoto
312352,Durandé,7898,2611,117.42,117.42,0.00,117.42,,,,2458,0,2458,3,93,0,,31062000,Companhia de Saneamento de Minas Gerais,COPASA,Regional,Sociedade de economia mista com administração pública,Água
312352,Durandé,7898,,,,,,4860,625.00,0.00,,,,,,,,31235211,Prefeitura Municipal de Durandé,PMD,Local,Administração pública direta,Esgoto
312360,Elói Mendes,28556,22477,2103.97,2103.97,0.00,2103.97,22477,1683.17,0.00,3892,0,3892,0,363,0,,31236011,Serviço Autônomo de Água e Esgoto,SAAE,Local,Autarquia,Água e Esgoto
312370,Engenheiro Caldas,11268,6709,371.28,371.28,0.00,371.28,,,,4973,98,4916,92,254,0,,31062000,Companhia de Saneamento de Minas Gerais,COPASA,Regional,Sociedade de economia mista com administração pública,Água
312370,Engenheiro Caldas,11268,,,,,,5000,524.00,0.00,,,,,,,,31237011,Prefeitura Municipal de Engenheiro Caldas,PMEC,Local,Administração pública direta,Esgoto
312380,Engenheiro Navarro,7240,4353,290.53,0.00,290.53,290.53,2639,90.82,83.72,511,0,511,0,146,0,,31062000,Companhia de Saneamento de Minas Gerais,COPASA,Regional,Sociedade de economia mista com administração pública,Água e Esgotos
312385,Entre Folhas,5383,3710,255.64,255.64,0.00,255.64,,,,2289,0,2290,2,95,0,,31062000,Companhia de Saneamento de Minas Gerais,COPASA,Regional,Sociedade de economia mista com administração pública,Água
312390,Entre Rios de Minas,15458,10606,818.69,552.51,266.18,818.69,,,,9792,3,9794,2,354,0,,31062000,Companhia de Saneamento de Minas Gerais,COPASA,Regional,Sociedade de economia mista com administração pública,Água
312390,Entre Rios de Minas,15458,,,,,,10502,1000.00,0.00,,,,,,,,31239011,Prefeitura Municipal de Entre Rios de Minas,PMERM,Local,Administração pública direta,Esgoto
312400,Ervália,19019,10034,795.51,795.51,0.00,795.51,,,,4314,0,4272,6,269,1,,31062000,Companhia de Saneamento de Minas Gerais,COPASA,Regional,Sociedade de economia mista com administração pública,Água
312410,Esmeraldas,72512,48245,5320.77,380.06,4940.71,5320.77,10290,457.54,457.54,9371,46,9351,78,864,25,,31062000,Companhia de Saneamento de Minas Gerais,COPASA,Regional,Sociedade de economia mista com administração pública,Água e Esgotos
312420,Espera Feliz,25287,15383,997.91,997.91,0.00,997.91,,,,4403,0,4404,0,301,3,,31062000,Companhia de Saneamento de Minas Gerais,COPASA,Regional,Sociedade de economia mista com administração pública,Água
312420,Espera Feliz,25287,,,,,,25287,1030.30,0.00,,,,,,,,31242011,Prefeitura Municipal de Espera Feliz,PMEF,Local,Administração pública direta,Esgoto
312430,Espinosa,31603,18661,1787.22,1787.22,0.00,1787.22,1623,50.26,50.26,8777,0,8764,5,960,0,,31062000,Companhia de Saneamento de Minas Gerais,COPASA,Regional,Sociedade de economia mista com administração pública,Água e Esgotos
312440,Espírito Santo do Dourado,4728,4710,311.40,311.40,0.00,311.40,4710,249.12,0.00,4332,0,4320,0,204,0,,31244011,Prefeitura Municipal de Espírito Santo do Dourado,PMESD,Local,Administração pública direta,Água e Esgoto
312450,Estiva,11416,5172,332.00,0.00,332.00,332.00,,,,2283,0,2303,0,212,5,,31062000,Companhia de Saneamento de Minas Gerais,COPASA,Regional,Sociedade de economia mista com administração pública,Água
312450,Estiva,11416,,,,,,8010,310.00,0.00,,,,,,,,31245011,Prefeitura Municipal de Estiva,PME,Local,Administração pública direta,Esgoto
312460,Estrela Dalva,2308,1585,155.86,0.00,155.86,155.86,,,,817,3,825,0,136,0,,31062000,Companhia de Saneamento de Minas Gerais,COPASA,Regional,Sociedade de economia mista com administração pública,Água
312460,Estrela Dalva,2308,,,,,,1764,61.81,0.00,,,,,,,,31246011,Prefeitura Municipal de Estrela Dalva,PMED,Local,Administração pública direta,Esgoto
312470,Estrela do Indaiá,3483,2427,213.93,0.00,213.93,213.93,1799,87.38,0.00,253,0,253,0,135,0,,31062000,Companhia de Saneamento de Minas Gerais,COPASA,Regional,Sociedade de economia mista com administração pública,Água e Esgotos
312480,Estrela do Sul,8057,5578,372.11,312.06,60.05,372.11,2858,126.59,0.00,4836,0,4837,5,287,0,,31062000,Companhia de Saneamento de Minas Gerais,COPASA,Regional,Sociedade de economia mista com administração pública,Água e Esgotos
312490,Eugenópolis,11383,6886,524.53,524.53,0.00,524.53,,,,5623,0,5633,162,173,3,,31062000,Companhia de Saneamento de Minas Gerais,COPASA,Regional,Sociedade de economia mista com administração pública,Água
312500,Ewbank da Câmara,3932,3752,452.00,150.00,150.00,300.00,,,,0,0,0,0,0,0,,31250011,Prefeitura Municipal de Ewbank da Camara,PMEC,Local,Administração pública direta,Água
312510,Extrema,37649,30672,4034.72,4034.72,0.00,4034.72,24445,1648.30,960.88,11506,1,11433,0,594,3,,31062000,Companhia de Saneamento de Minas Gerais,COPASA,Regional,Sociedade de economia mista com administração pública,Água e Esgotos
312520,Fama,2374,1519,174.44,174.44,0.00,174.44,796,59.43,0.00,2188,3,2174,0,110,0,,31062000,Companhia de Saneamento de Minas Gerais,COPASA,Regional,Sociedade de economia mista com administração pública,Água e Esgotos
312530,Faria Lemos,3202,2157,453.02,0.00,453.02,453.02,,,,470,0,470,0,93,0,,31062000,Companhia de Saneamento de Minas Gerais,COPASA,Regional,Sociedade de economia mista com administração pública,Água
312560,Felisburgo,7548,5312,341.56,341.56,0.00,84.33,4530,200.96,0.00,4387,1,4389,0,110,0,,31686000,Copasa Serviços de Saneamento Integrado do Norte e Nordeste de Minas Gerais S/A,COPANOR,Regional,Empresa pública,Água e Esgotos
312570,Felixlândia,15528,11391,767.83,348.77,419.06,767.83,,,,3749,0,3751,0,483,0,,31062000,Companhia de Saneamento de Minas Gerais,COPASA,Regional,Sociedade de economia mista com administração pública,Água
312580,Fernandes Tourinho,3500,1802,119.15,119.15,0.00,119.15,,,,675,0,656,0,112,0,,31062000,Companhia de Saneamento de Minas Gerais,COPASA,Regional,Sociedade de economia mista com administração pública,Água
312580,Fernandes Tourinho,3500,,,,,,2300,102.00,51.00,,,,,,,,31258011,Prefeitura Municipal de Fernandes Tourinho,PMFT,Local,Administração pública direta,Esgoto
312590,Ferros,9576,3060,219.96,219.96,0.00,219.96,,,,4468,0,4443,0,114,0,,31062000,Companhia de Saneamento de Minas Gerais,COPASA,Regional,Sociedade de economia mista com administração pública,Água
312590,Ferros,9576,,,,,,1906,67.50,0.00,,,,,,,,31259011,Prefeitura Municipal de Ferros,PMF,Local,Administração pública direta,Esgoto
312595,Fervedouro,11100,5110,618.00,618.00,0.00,618.00,5110,300.00,0.00,11250,9,11250,6,422,3,,31259511,Serviço Autônomo de Água e Esgoto,SAAE,Local,Autarquia,Água e Esgoto
312600,Florestal,7602,6124,550.27,550.27,0.00,550.27,,,,4574,2,4573,2,171,4,,31062000,Companhia de Saneamento de Minas Gerais,COPASA,Regional,Sociedade de economia mista com administração pública,Água
312600,Florestal,7602,,,,,,5100,210.00,0.00,,,,,,,,31260011,Prefeitura Municipal de Florestal,PMF,Local,Administração pública direta,Esgoto
312610,Formiga,67956,66597,6746.32,5446.32,1280.00,5446.32,62347,3665.08,0.00,5394,82,5392,10,1347,27,,31261011,Serviço Autônomo de Água e Esgoto,SAAE,Local,Autarquia,Água e Esgoto
312620,Formoso,9810,5880,305.71,161.34,144.37,305.71,,,,2815,0,2818,0,291,0,,31062000,Companhia de Saneamento de Minas Gerais,COPASA,Regional,Sociedade de economia mista com administração pública,Água
312630,Fortaleza de Minas,4460,2994,199.91,199.91,0.00,199.91,,,,2556,0,2543,0,140,0,,31062000,Companhia de Saneamento de Minas Gerais,COPASA,Regional,Sociedade de economia mista com administração pública,Água
312630,Fortaleza de Minas,4460,,,,,,3211,205.10,0.00,,,,,,,,31263011,Prefeitura Municipal de Fortaleza de Minas,PMFM,Local,Administração pública direta,Esgoto
312650,Francisco Badaró,10311,4272,212.30,205.26,7.04,189.02,,,,4875,1,4876,307,454,0,,31686000,Copasa Serviços de Saneamento Integrado do Norte e Nordeste de Minas Gerais S/A,COPANOR,Regional,Empresa pública,Água
312650,Francisco Badaró,10311,,,,,,1550,60.00,60.00,,,,,,,,31265011,Prefeitura Municipal de Francisco Badaró,PMFB,Local,Administração pública direta,Esgoto
312660,Francisco Dumont,5268,3318,212.15,141.43,70.72,212.15,1337,46.03,38.88,6794,0,6794,0,147,0,,31062000,Companhia de Saneamento de Minas Gerais,COPASA,Regional,Sociedade de economia mista com administração pública,Água e Esgotos
312670,Francisco Sá,26459,15922,714.30,549.46,164.84,0.00,13970,457.15,457.15,4380,0,4380,0,289,0,,31267011,Serviço Autônomo de Água e Esgoto,SAAE,Local,Autarquia,Água e Esgoto
312675,Franciscópolis,5287,2345,118.06,118.06,0.00,118.06,,,,2297,1,2290,0,109,0,,31062000,Companhia de Saneamento de Minas Gerais,COPASA,Regional,Sociedade de economia mista com administração pública,Água
312675,Franciscópolis,5287,,,,,,2186,199.00,0.00,,,,,,,,31267511,Prefeitura Municipal de Franciscópolis,PMF,Local,Administração pública direta,Esgoto
312680,Frei Gaspar,5858,2580,173.60,0.00,173.60,0.00,2407,97.14,0.00,592,2,593,3,587,0,,31686000,Copasa Serviços de Saneamento Integrado do Norte e Nordeste de Minas Gerais S/A,COPANOR,Regional,Empresa pública,Água e Esgotos
312690,Frei Inocêncio,9716,6548,457.44,457.44,0.00,457.44,,,,3554,0,3539,0,158,0,,31062000,Companhia de Saneamento de Minas Gerais,COPASA,Regional,Sociedade de economia mista com administração pública,Água
312700,Fronteira,18866,14172,1062.35,1062.35,0.00,1062.35,12971,508.37,0.00,4490,0,4488,0,363,0,,31062000,Companhia de Saneamento de Minas Gerais,COPASA,Regional,Sociedade de economia mista com administração pública,Água e Esgotos
312705,Fronteira dos Vales,4542,3024,145.03,143.25,0.00,143.00,3024,81.27,81.27,4426,2,4425,0,218,0,,31686000,Copasa Serviços de Saneamento Integrado do Norte e Nordeste de Minas Gerais S/A,COPANOR,Regional,Empresa pública,Água e Esgotos
312707,Fruta de Leite,5232,1963,148.93,0.00,148.93,148.93,,,,1350,0,596,0,646,0,,31686000,Copasa Serviços de Saneamento Integrado do Norte e Nordeste de Minas Gerais S/A,COPANOR,Regional,Empresa pública,Água
312710,Frutal,60508,46157,3756.05,3756.05,0.00,3756.05,46903,2334.80,2334.80,5079,1,5061,0,806,0,,31062000,Companhia de Saneamento de Minas Gerais,COPASA,Regional,Sociedade de economia mista com administração pública,Água e Esgotos
312720,Funilândia,4434,2251,386.34,0.00,386.34,386.34,1275,64.96,55.99,899,2,895,1,257,0,,31062000,Companhia de Saneamento de Minas Gerais,COPASA,Regional,Sociedade de economia mista com administração pública,Água e Esgotos
312733,Gameleiras,5084,4716,190.00,0.00,0.00,0.00,,,,0,0,0,0,0,0,,31273311,Prefeitura Municipal de Gameleiras,PMG,Local,Administração pública direta,Água
312735,Glaucilândia,3177,1118,78.89,78.89,0.00,78.89,1092,32.58,32.58,504,0,504,0,136,0,,31062000,Companhia de Saneamento de Minas Gerais,COPASA,Regional,Sociedade de economia mista com administração pública,Água e Esgotos
312737,Goiabeira,3402,2819,150.00,150.00,0.00,0.00,2524,103.20,103.20,4320,0,4320,43,100,0,,31273711,Prefeitura Municipal de Goiabeira,PMG,Local,Administração pública direta,Água e Esgoto
312738,Goianá,4014,3044,320.60,320.60,0.00,320.60,,,,2115,0,2130,14,133,0,,31062000,Companhia de Saneamento de Minas Gerais,COPASA,Regional,Sociedade de economia mista com administração pública,Água
312738,Goianá,4014,,,,,,3500,557.00,0.00,,,,,,,,31273811,Prefeitura Municipal de Goianá,PMG,Local,Administração pública direta,Esgoto
312740,Gonçalves,4360,1216,150.18,150.18,0.00,150.18,511,43.36,43.36,3076,0,3078,10,164,1,,31062000,Companhia de Saneamento de Minas Gerais,COPASA,Regional,Sociedade de economia mista com administração pública,Água e Esgotos
312750,Gonzaga,6184,4500,300.00,250.00,0.00,250.00,3800,250.00,0.00,4400,5,270500,60,130,3,,31275011,Prefeitura Municipal de Gonzaga,PMG,Local,Administração pública direta,Água e Esgoto
312760,Gouveia,11811,8499,549.03,549.03,0.00,549.03,,,,4576,0,4573,0,270,0,,31062000,Companhia de Saneamento de Minas Gerais,COPASA,Regional,Sociedade de economia mista com administração pública,Água
312760,Gouveia,11811,,,,,,8000,860.00,88.00,,,,,,,,31276011,Prefeitura Municipal de Gouveia,PMG,Local,Administração pública direta,Esgoto
312770,Governador Valadares,282164,280301,31855.21,31855.21,0.00,31855.21,273262,13323.32,0.00,2400,0,2400,0,2400,0,,31277011,Serviço Autônomo de Água e Esgoto,SAAE,Local,Autarquia,Água e Esgoto
312780,Grão Mogol,15943,4601,255.77,255.77,0.00,255.77,2768,85.38,85.38,1862,0,1861,0,133,0,,31062000,Companhia de Saneamento de Minas Gerais,COPASA,Regional,Sociedade de economia mista com administração pública,Água e Esgotos
312780,Grão Mogol,15943,1065,71.54,71.54,0.00,71.54,,,,3426,0,3431,2,206,0,,31686000,Copasa Serviços de Saneamento Integrado do Norte e Nordeste de Minas Gerais S/A,COPANOR,Regional,Empresa pública,Água
312790,Grupiara,1386,1054,92.80,0.00,92.80,92.80,,,,329,0,321,0,110,0,,31062000,Companhia de Saneamento de Minas Gerais,COPASA,Regional,Sociedade de economia mista com administração pública,Água
312800,Guanhães,34818,28113,2166.35,1928.30,238.04,2132.45,28113,1285.00,127.21,8256,32,9603,4,2508,85,,31280011,Serviço Autônomo de Água e Esgoto,SAAE,Local,Autarquia,Água e Esgoto
312810,Guapé,14269,14269,1005.00,959.50,0.00,0.00,14269,700.00,0.00,9328,7,9328,364,672,0,,31281011,Serviço Autônomo de Água e Esgoto,SAAE,Local,Autarquia,Água e Esgoto
312820,Guaraciaba,10307,3318,214.25,0.00,214.25,214.25,3053,93.65,0.00,588,0,560,0,126,1,,31062000,Companhia de Saneamento de Minas Gerais,COPASA,Regional,Sociedade de economia mista com administração pública,Água e Esgotos
312825,Guaraciama,5005,2792,261.28,0.00,261.28,261.28,,,,2074,3,2049,21,159,6,,31062000,Companhia de Saneamento de Minas Gerais,COPASA,Regional,Sociedade de economia mista com administração pública,Água
312830,Guaranésia,19014,16361,1440.73,1440.73,0.00,1440.73,,,,16275,2,16229,5,508,0,,31062000,Companhia de Saneamento de Minas Gerais,COPASA,Regional,Sociedade de economia mista com administração pública,Água
312830,Guaranésia,19014,,,,,,17891,1125.00,131.00,,,,,,,,31283011,Prefeitura Municipal de Guaranésia,PMG,Local,Administração pública direta,Esgoto
312840,Guarani,8926,7061,1590.00,0.00,1590.00,0.00,7061,1350.00,0.00,20,0,20,0,20,3,,31284011,Serviço Autônomo de Água e Esgoto de Guarani,SAEG,Local,Autarquia,Água e Esgoto
312850,Guarará,3755,2988,226.22,226.22,0.00,226.22,,,,3047,0,3054,4,131,1,,31062000,Companhia de Saneamento de Minas Gerais,COPASA,Regional,Sociedade de economia mista com administração pública,Água
312860,Guarda-Mor,6558,3505,291.40,145.70,145.70,291.40,3351,168.95,167.96,2293,0,2290,0,110,0,,31062000,Companhia de Saneamento de Minas Gerais,COPASA,Regional,Sociedade de economia mista com administração pública,Água e Esgotos
312870,Guaxupé,52234,45932,3876.74,3876.74,0.00,3876.74,43637,2123.37,0.00,3990,0,3916,0,730,0,,31062000,Companhia de Saneamento de Minas Gerais,COPASA,Regional,Sociedade de economia mista com administração pública,Água e Esgotos
312880,Guidoval,7026,4452,400.14,400.14,0.00,400.14,,,,2096,0,2060,0,150,0,,31062000,Companhia de Saneamento de Minas Gerais,COPASA,Regional,Sociedade de economia mista com administração pública,Água
312880,Guidoval,7026,,,,,,3980,325.00,0.00,,,,,,,,31288011,Prefeitura Municipal de Guidoval,PMG,Local,Administração pública direta,Esgoto
312890,Guimarânia,8168,6266,471.44,471.44,0.00,471.44,6050,267.08,0.00,3686,0,3686,0,159,0,,31062000,Companhia de Saneamento de Minas Gerais,COPASA,Regional,Sociedade de economia mista com administração pública,Água e Esgotos
312900,Guiricema,8296,3160,257.00,257.00,0.00,257.00,,,,1381,0,1360,163,116,3,,31062000,Companhia de Saneamento de Minas Gerais,COPASA,Regional,Sociedade de economia mista com administração pública,Água
312900,Guiricema,8296,,,,,,4026,140.00,0.00,,,,,,,,31290011,Prefeitura Municipal de Guiricema,PMG,Local,Administração pública direta,Esgoto
312910,Gurinhatã,5516,2409,228.62,0.00,228.62,228.62,,,,826,0,751,0,249,0,,31062000,Companhia de Saneamento de Minas Gerais,COPASA,Regional,Sociedade de economia mista com administração pública,Água
312910,Gurinhatã,5516,,,,,,5516,274.60,214.45,,,,,,,,31291011,Prefeitura Municipal de Gurinhatã,PMG,Local,Administração pública direta,Esgoto
312920,Heliodora,6623,4700,329.00,219.33,109.67,329.00,,,,6360,0,6348,0,130,0,,31062000,Companhia de Saneamento de Minas Gerais,COPASA,Regional,Sociedade de economia mista com administração pública,Água
312920,Heliodora,6623,,,,,,4977,350.00,0.00,,,,,,,,31292011,Prefeitura Municipal de Heliodora,PMH,Local,Administração pública direta,Esgoto
312930,Iapu,11085,7088,454.49,454.49,0.00,454.49,,,,5251,0,5182,0,283,0,,31062000,Companhia de Saneamento de Minas Gerais,COPASA,Regional,Sociedade de economia mista com administração pública,Água
312930,Iapu,11085,,,,,,7814,413.20,0.00,,,,,,,,31293011,Prefeitura Municipal de Iapu,PMI,Local,Administração pública direta,Esgoto
312940,Ibertioga,4999,3328,222.73,222.73,0.00,222.73,,,,2226,0,2210,0,146,4,,31062000,Companhia de Saneamento de Minas Gerais,COPASA,Regional,Sociedade de economia mista com administração pública,Água
312940,Ibertioga,4999,,,,,,3832,575.00,575.00,,,,,,,,31294011,Prefeitura Municipal de Ibertioga,PMI,Local,Administração pública direta,Esgoto
312950,Ibiá,25511,23385,1757.66,1757.66,0.00,1718.16,22163,1172.34,0.00,2665,13,2665,28,465,2,,31295011,Serviço Autônomo de Água e Esgoto,SAAE,Local,Autarquia,Água e Esgoto
312960,Ibiaí,8478,5507,427.71,427.71,0.00,427.71,2180,65.94,65.94,4211,0,4210,1,170,3,,31062000,Companhia de Saneamento de Minas Gerais,COPASA,Regional,Sociedade de economia mista com administração pública,Água e Esgotos
312965,Ibiracatu,5340,3128,154.25,0.00,154.25,154.25,,,,1644,0,1560,0,539,0,,31062000,Companhia de Saneamento de Minas Gerais,COPASA,Regional,Sociedade de economia mista com administração pública,Água
312970,Ibiraci,14128,9045,653.04,589.77,63.27,653.04,8567,345.51,0.00,5103,0,5067,0,353,0,,31062000,Companhia de Saneamento de Minas Gerais,COPASA,Regional,Sociedade de economia mista com administração pública,Água e Esgotos
312980,Ibirité,184030,151870,14218.91,11375.13,2843.78,14218.91,123840,4336.62,2918.59,23641,1,23625,3,1455,16,,31062000,Companhia de Saneamento de Minas Gerais,COPASA,Regional,Sociedade de economia mista com administração pública,Água e Esgotos
312990,Ibitiúra de Minas,3497,2396,232.72,232.72,0.00,232.72,,,,3818,1,3786,522,113,2,,31062000,Companhia de Saneamento de Minas Gerais,COPASA,Regional,Sociedade de economia mista com administração pública,Água
312990,Ibitiúra de Minas,3497,,,,,,2447,115.00,0.00,,,,,,,,31299011,Prefeitura Municipal de Ibitiura de Minas,PMIM,Local,Administração pública direta,Esgoto
313000,Ibituruna,3003,2604,136.98,0.00,0.00,0.00,2604,94.98,0.00,504,11,504,0,240,4,,31300011,Prefeitura Municipal de Ibituruna,PMI,Local,Administração pública direta,Água e Esgoto
313005,Icaraí de Minas,12200,3289,175.41,0.00,175.41,175.41,1457,44.79,44.79,965,0,771,4,263,14,,31062000,Companhia de Saneamento de Minas Gerais,COPASA,Regional,Sociedade de economia mista com administração pública,Água e Esgotos
313010,Igarapé,44561,37003,4187.69,4187.69,0.00,4187.69,18117,947.84,0.00,4951,1,4943,5,582,10,,31062000,Companhia de Saneamento de Minas Gerais,COPASA,Regional,Sociedade de economia mista com administração pública,Água e Esgotos
313020,Igaratinga,11146,6302,357.58,0.00,357.58,357.58,,,,2457,0,2457,1,169,0,,31062000,Companhia de Saneamento de Minas Gerais,COPASA,Regional,Sociedade de economia mista com administração pública,Água
313020,Igaratinga,11146,,,,,,9120,266.30,9.98,,,,,,,,31302011,Prefeitura Municipal de Igaratinga,PMI,Local,Administração pública direta,Esgoto
313030,Iguatama,7901,7001,1058.50,0.00,1058.50,0.00,5745,299.95,0.00,1499,7,520,8,520,0,,31303012,Serviço Autônomo de Água e Esgoto de Iguatama,SAAE,Local,Autarquia,Água e Esgoto
313040,Ijaci,6667,6667,360.00,0.00,360.00,0.00,6667,350.00,300.00,0,0,0,0,0,0,,31304011,Prefeitura Municipal de Ijaci,PMI,Local,Administração pública direta,Água e Esgoto
313050,Ilicínea,12511,9641,681.21,227.07,454.14,681.21,,,,4569,0,4538,0,256,1,,31062000,Companhia de Saneamento de Minas Gerais,COPASA,Regional,Sociedade de economia mista com administração pública,Água
313050,Ilicínea,12511,,,,,,12488,290.00,0.00,,,,,,,,31305011,Prefeitura Municipal de Ilicínea,PMI,Local,Administração pública direta,Esgoto
313055,Imbé de Minas,6976,2127,113.57,113.57,0.00,113.57,,,,2057,1,2058,7,97,1,,31062000,Companhia de Saneamento de Minas Gerais,COPASA,Regional,Sociedade de economia mista com administração pública,Água
313055,Imbé de Minas,6976,,,,,,5500,74.62,0.00,,,,,,,,31305511,Prefeitura Municipal de Imbé de Minas,PMIM,Local,Administração pública direta,Esgoto
313060,Inconfidentes,7387,3917,328.66,328.66,0.00,328.66,,,,7842,2,7838,5,116,0,,31062000,Companhia de Saneamento de Minas Gerais,COPASA,Regional,Sociedade de economia mista com administração pública,Água
313060,Inconfidentes,7387,,,,,,4000,219.00,0.00,,,,,,,,31306011,Prefeitura Municipal de Inconfidentes,PMI,Local,Administração pública direta,Esgoto
313065,Indaiabira,7328,2778,144.19,0.00,144.19,144.19,1023,32.69,32.69,1480,0,1479,0,266,1,,31062000,Companhia de Saneamento de Minas Gerais,COPASA,Regional,Sociedade de economia mista com administração pública,Água e Esgotos
313070,Indianópolis,7009,4460,319.23,159.62,159.61,319.23,,,,3632,3,3631,2,152,0,,31062000,Companhia de Saneamento de Minas Gerais,COPASA,Regional,Sociedade de economia mista com administração pública,Água
313070,Indianópolis,7009,,,,,,4530,254.00,0.00,,,,,,,,31307011,Prefeitura Municipal de Indianópolis,PMI,Local,Administração pública direta,Esgoto
313080,Ingaí,2785,1610,123.90,123.90,0.00,123.90,,,,2774,0,2766,0,151,0,,31062000,Companhia de Saneamento de Minas Gerais,COPASA,Regional,Sociedade de economia mista com administração pública,Água
313080,Ingaí,2785,,,,,,1721,200.00,0.00,,,,,,,,31308011,Prefeitura Municipal de Ingaí,PMI,Local,Administração pública direta,Esgoto
313090,Inhapim,24020,11013,798.38,798.38,0.00,798.38,6698,267.65,0.00,3157,28,3157,73,329,16,,31062000,Companhia de Saneamento de Minas Gerais,COPASA,Regional,Sociedade de economia mista com administração pública,Água e Esgotos
313100,Inhaúma,6352,6352,720.00,0.00,720.00,0.00,1536,87.34,87.34,900,0,84,3,60,12,,31310011,Prefeitura Municipal de Inhauma,PMI,Local,Administração pública direta,Água e Esgoto
313110,Inimutaba,7605,5230,457.37,0.00,457.37,457.37,,,,669,0,669,1,181,2,,31062000,Companhia de Saneamento de Minas Gerais,COPASA,Regional,Sociedade de economia mista com administração pública,Água
313115,Ipaba,18926,14019,857.64,797.40,60.24,857.64,,,,3371,40,3287,48,410,2,,31062000,Companhia de Saneamento de Minas Gerais,COPASA,Regional,Sociedade de economia mista com administração pública,Água
313115,Ipaba,18926,,,,,,17008,597.20,0.00,,,,,,,,31311511,Prefeitura Municipal de Ipaba,PMI,Local,Administração pública direta,Esgoto
313120,Ipanema,20133,15734,1513.00,1513.00,0.00,1513.00,15419,973.00,0.00,4745,0,4745,0,276,0,,31312011,Serviço Autônomo de Água e Esgoto,SAAE,Local,Autarquia,Água e Esgoto
313130,Ipatinga,267333,227331,19589.59,19589.59,0.00,19589.59,246483,9091.08,9091.08,3412,0,3141,3,2010,6,,31062000,Companhia de Saneamento de Minas Gerais,COPASA,Regional,Sociedade de economia mista com administração pública,Água e Esgotos
313150,Ipuiúna,10156,7248,428.05,214.03,214.02,428.05,5562,218.97,0.00,4261,1,4246,4,293,0,,31062000,Companhia de Saneamento de Minas Gerais,COPASA,Regional,Sociedade de economia mista com administração pública,Água e Esgotos
313160,Iraí de Minas,7067,5147,434.27,144.76,289.51,434.27,,,,3947,0,4010,1,173,0,,31062000,Companhia de Saneamento de Minas Gerais,COPASA,Regional,Sociedade de economia mista com administração pública,Água
313160,Iraí de Minas,7067,,,,,,7067,912.00,900.00,,,,,,,,31316011,Prefeitura Municipal de Iraí de Minas,PMIM,Local,Administração pública direta,Esgoto
313170,Itabira,121717,117945,9187.21,5505.81,3681.40,30.37,112293,5245.34,3198.10,26879,211,19560,3734,3248,27,,31317011,Serviço Autônomo de Água e Esgoto de Itabira,SAAE-Itabira,Local,Autarquia,Água e Esgoto
313180,Itabirinha,11637,6972,346.05,346.05,0.00,346.05,5771,191.52,0.00,4123,2,4108,51,164,0,,31062000,Companhia de Saneamento de Minas Gerais,COPASA,Regional,Sociedade de economia mista com administração pública,Água e Esgotos
313180,Itabirinha,11637,1814,65.34,0.00,65.34,65.34,1814,45.64,45.64,524,4,391,2,387,1,,31686000,Copasa Serviços de Saneamento Integrado do Norte e Nordeste de Minas Gerais S/A,COPANOR,Regional,Empresa pública,Água e Esgotos
313190,Itabirito,52996,51930,6195.24,4694.68,1500.56,4782.34,45262,3501.38,3052.34,720,16,724,1,800,6,,31319011,SERVIÇO AUTÔNOMO SANEAMENTO BÁSICO,SAAE,Local,Autarquia,Água e Esgoto
313200,Itacambira,5447,1438,78.22,78.22,0.00,78.22,,,,3909,0,3909,0,208,0,,31686000,Copasa Serviços de Saneamento Integrado do Norte e Nordeste de Minas Gerais S/A,COPANOR,Regional,Empresa pública,Água
313210,Itacarambi,18175,12244,722.79,722.79,0.00,722.79,5691,194.30,194.30,3436,0,3436,0,282,1,,31062000,Companhia de Saneamento de Minas Gerais,COPASA,Regional,Sociedade de economia mista com administração pública,Água e Esgotos
313220,Itaguara,13510,13505,876.00,841.00,35.00,876.00,13500,613.00,490.40,4861,7,4861,12,736,3,,31322011,Serviço Autônomo de Água e Esgoto,SAAE,Local,Autarquia,Água e Esgoto
313230,Itaipé,12910,5740,305.81,253.10,52.70,250.01,4766,173.86,173.86,2660,15,2731,0,617,1,,31686000,Copasa Serviços de Saneamento Integrado do Norte e Nordeste de Minas Gerais S/A,COPANOR,Regional,Empresa pública,Água e Esgotos
313240,Itajubá,97782,81864,6297.29,6173.92,123.37,6297.29,76105,3599.93,3599.93,6022,2,6005,0,874,6,,31062000,Companhia de Saneamento de Minas Gerais,COPASA,Regional,Sociedade de economia mista com administração pública,Água e Esgotos
313250,Itamarandiba,35130,22354,1351.33,1351.33,0.00,1351.33,18928,599.56,81.08,5135,1,5160,7,563,1,,31062000,Companhia de Saneamento de Minas Gerais,COPASA,Regional,Sociedade de economia mista com administração pública,Água e Esgotos
313250,Itamarandiba,35130,2876,96.67,48.79,41.88,48.79,1792,21.02,0.00,4782,5,4782,3,1144,0,,31686000,Copasa Serviços de Saneamento Integrado do Norte e Nordeste de Minas Gerais S/A,COPANOR,Regional,Empresa pública,Água e Esgotos
313260,Itamarati de Minas,4395,3256,253.92,84.64,169.28,253.92,,,,2960,2,2967,4,135,3,,31062000,Companhia de Saneamento de Minas Gerais,COPASA,Regional,Sociedade de economia mista com administração pública,Água
313280,Itambé do Mato Dentro,2032,950,85.00,0.00,0.00,0.00,950,85.00,65.00,1,1,1,1,1,1,,31328011,Prefeitura Municipal de Itambé do Mato Dentro,PMIMD,Local,Administração pública direta,Água e Esgoto
313290,Itamogi,10122,7448,593.88,593.88,0.00,593.88,,,,4587,0,4565,0,213,0,,31062000,Companhia de Saneamento de Minas Gerais,COPASA,Regional,Sociedade de economia mista com administração pública,Água
313300,Itamonte,15844,10565,955.28,955.28,0.00,955.28,,,,4725,0,4709,0,282,0,,31062000,Companhia de Saneamento de Minas Gerais,COPASA,Regional,Sociedade de economia mista com administração pública,Água
313310,Itanhandu,15511,15423,1734.48,1734.48,0.00,0.00,15423,1361.56,13.61,4668,8,4668,49,360,6,,31331011,Prefeitura Municipal de Itanhandu,PMI,Local,Administração pública direta,Água e Esgoto
313320,Itanhomi,12259,8198,786.59,786.59,0.00,786.59,,,,8279,32,8277,185,378,0,,31062000,Companhia de Saneamento de Minas Gerais,COPASA,Regional,Sociedade de economia mista com administração pública,Água
313320,Itanhomi,12259,,,,,,12244,500.00,50.00,,,,,,,,31332011,Prefeitura Municipal de Itanhomi,PMI,Local,Administração pública direta,Esgoto
313330,Itaobim,20997,14555,1006.86,1006.86,0.00,1006.86,7105,302.75,302.75,4608,0,4606,1,313,0,,31062000,Companhia de Saneamento de Minas Gerais,COPASA,Regional,Sociedade de economia mista com administração pública,Água e Esgotos
313330,Itaobim,20997,2156,147.09,147.09,0.00,0.00,,,,2272,2,2230,8,110,0,,31686000,Copasa Serviços de Saneamento Integrado do Norte e Nordeste de Minas Gerais S/A,COPANOR,Regional,Empresa pública,Água
313340,Itapagipe,15511,10527,885.55,885.55,0.00,885.55,,,,5150,0,5150,0,283,0,,31062000,Companhia de Saneamento de Minas Gerais,COPASA,Regional,Sociedade de economia mista com administração pública,Água
313340,Itapagipe,15511,,,,,,13167,1930.00,0.00,,,,,,,,31334011,Prefeitura Municipal de Itapajipe,PMI,Local,Administração pública direta,Esgoto
313350,Itapecerica,21760,15830,1012.31,684.00,328.31,1012.31,12304,469.80,469.80,4151,0,4094,0,871,3,,31062000,Companhia de Saneamento de Minas Gerais,COPASA,Regional,Sociedade de economia mista com administração pública,Água e Esgotos
313360,Itapeva,9976,5008,540.83,540.83,0.00,540.83,4121,220.63,0.00,3942,0,3945,2,160,3,,31062000,Companhia de Saneamento de Minas Gerais,COPASA,Regional,Sociedade de economia mista com administração pública,Água e Esgotos
313370,Itatiaiuçu,11354,6880,856.28,681.05,175.23,856.28,,,,8738,2,8739,0,342,13,,31062000,Companhia de Saneamento de Minas Gerais,COPASA,Regional,Sociedade de economia mista com administração pública,Água
313375,Itaú de Minas,16286,15428,1209.98,1209.98,0.00,1209.98,,,,8968,0,8931,0,370,0,,31062000,Companhia de Saneamento de Minas Gerais,COPASA,Regional,Sociedade de economia mista com administração pública,Água
313375,Itaú de Minas,16286,,,,,,16286,1100.00,0.00,,,,,,,,31337511,Prefeitura Municipal de Itaú de Minas,PMIM,Local,Administração pública direta,Esgoto
313380,Itaúna,94455,94316,11047.04,10532.22,514.81,10532.22,90286,5929.62,0.00,11893,809,10954,233,4746,192,,31338011,Serviço Autônomo de Água e Esgoto,SAAE,Local,Autarquia,Água e Esgoto
313390,Itaverava,5321,1627,140.63,140.63,0.00,140.63,,,,2248,0,2257,0,107,0,,31062000,Companhia de Saneamento de Minas Gerais,COPASA,Regional,Sociedade de economia mista com administração pública,Água
313400,Itinga,15053,8072,688.66,688.66,0.00,505.27,5114,187.08,187.08,7884,0,4875,11,428,0,,31686000,Copasa Serviços de Saneamento Integrado do Norte e Nordeste de Minas Gerais S/A,COPANOR,Regional,Empresa pública,Água e Esgotos
313410,Itueta,6074,3380,238.69,238.69,0.00,238.69,,,,4344,0,4346,0,190,0,,31062000,Companhia de Saneamento de Minas Gerais,COPASA,Regional,Sociedade de economia mista com administração pública,Água
313410,Itueta,6074,,,,,,3412,146.00,146.00,,,,,,,,31341011,Prefeitura Municipal de Itueta,PMI,Local,Administração pública direta,Esgoto
313420,Ituiutaba,105818,101412,10788.78,10788.78,0.00,10788.78,101412,5238.32,5238.32,9812,0,9708,0,1210,0,,31342011,Superintendência de Água e Esgotos de Ituiutaba,SAE,Local,Autarquia,Água e Esgoto
313430,Itumirim,5978,4761,365.71,315.01,50.70,365.71,,,,5849,0,5825,60,466,0,,31062000,Companhia de Saneamento de Minas Gerais,COPASA,Regional,Sociedade de economia mista com administração pública,Água
313430,Itumirim,5978,,,,,,4469,231.00,0.00,,,,,,,,31343011,Prefeitura Municipal de Itumirim,PMIMG,Local,Administração pública direta,Esgoto
313440,Iturama,40101,33748,2664.49,2498.59,165.90,2664.49,32492,1382.37,1382.37,4972,0,4960,0,645,0,,31062000,Companhia de Saneamento de Minas Gerais,COPASA,Regional,Sociedade de economia mista com administração pública,Água e Esgotos
313450,Itutinga,3749,2598,240.84,240.84,0.00,240.84,,,,3671,0,3665,0,155,0,,31062000,Companhia de Saneamento de Minas Gerais,COPASA,Regional,Sociedade de economia mista com administração pública,Água
313450,Itutinga,3749,,,,,,2549,450.00,450.00,,,,,,,,31345011,Prefeitura Municipal de Itutinga,PMI,Local,Administração pública direta,Esgoto
313460,Jaboticatubas,20683,12251,617.32,305.10,312.22,617.32,8030,223.69,223.69,12323,0,12324,1,546,0,,31062000,Companhia de Saneamento de Minas Gerais,COPASA,Regional,Sociedade de economia mista com administração pública,Água e Esgotos
313470,Jacinto,12320,6622,468.17,468.17,0.00,468.17,4376,196.97,0.00,2421,0,2419,0,150,1,,31062000,Companhia de Saneamento de Minas Gerais,COPASA,Regional,Sociedade de economia mista com administração pública,Água e Esgotos
313470,Jacinto,12320,2182,95.80,76.72,13.98,4.86,1092,36.91,36.91,4065,9,3237,2,326,0,,31686000,Copasa Serviços de Saneamento Integrado do Norte e Nordeste de Minas Gerais S/A,COPANOR,Regional,Empresa pública,Água e Esgotos
313480,Jacuí,7695,4757,355.61,0.00,355.61,355.61,,,,527,1,513,0,162,0,,31062000,Companhia de Saneamento de Minas Gerais,COPASA,Regional,Sociedade de economia mista com administração pública,Água
313480,Jacuí,7695,,,,,,4795,280.00,0.00,,,,,,,,31348011,Prefeitura Municipal de Jacuí,PMJ,Local,Administração pública direta,Esgoto
313500,Jaguaraçu,3151,2238,648.00,648.00,0.00,0.00,2238,394.00,394.00,18125,5,18125,8,120,0,,31350011,Prefeitura Municipal de Jáguaraçu,PMJ,Local,Administração pública direta,Água e Esgoto
313505,Jaíba,39850,19920,1259.29,1259.29,0.00,1259.29,7214,277.19,277.19,3117,21,3106,0,454,0,,31062000,Companhia de Saneamento de Minas Gerais,COPASA,Regional,Sociedade de economia mista com administração pública,Água e Esgotos
313510,Janaúba,72374,64246,4007.75,3895.36,112.39,4007.75,17569,671.28,671.28,5486,1,5326,4,1235,0,,31062000,Companhia de Saneamento de Minas Gerais,COPASA,Regional,Sociedade de economia mista com administração pública,Água e Esgotos
313520,Januária,67958,40497,2872.66,2779.45,93.21,2872.66,10201,413.32,413.32,12530,4,12560,116,1258,9,,31062000,Companhia de Saneamento de Minas Gerais,COPASA,Regional,Sociedade de economia mista com administração pública,Água e Esgotos
313530,Japaraíba,4418,4418,328.83,0.00,328.83,0.00,2860,328.83,328.83,1751,38,492,12,492,26,,31353011,Prefeitura Municipal de Japaraíba,PMJ,Local,Administração pública direta,Água e Esgoto
313535,Japonvar,7991,2651,169.95,0.00,169.95,169.95,,,,501,0,501,0,134,0,,31062000,Companhia de Saneamento de Minas Gerais,COPASA,Regional,Sociedade de economia mista com administração pública,Água
313540,Jeceaba,4795,4794,754.00,458.00,0.00,0.00,3075,250.63,0.00,3557,0,3557,0,180,0,,31354011,Prefeitura Municipal de Jeceaba,PMJ,Local,Administração pública direta,Água e Esgoto
313545,Jenipapo de Minas,7781,3926,272.17,247.71,24.46,272.17,2272,102.01,102.01,4444,0,4444,16,521,0,,31686000,Copasa Serviços de Saneamento Integrado do Norte e Nordeste de Minas Gerais S/A,COPANOR,Regional,Empresa pública,Água e Esgotos
313550,Jequeri,12246,6951,600.00,585.00,0.00,585.00,6951,530.00,0.00,4510,2,4510,2,120,0,,31355011,Departamento Municipal de Água e Esgoto,DEMAE,Local,Autarquia,Água e Esgoto
313560,Jequitaí,7407,4514,375.38,375.38,0.00,375.38,,,,6315,0,6315,4,145,1,,31062000,Companhia de Saneamento de Minas Gerais,COPASA,Regional,Sociedade de economia mista com administração pública,Água
313570,Jequitibá,5203,1866,276.15,0.00,276.15,276.15,,,,999,0,981,2,108,0,,31062000,Companhia de Saneamento de Minas Gerais,COPASA,Regional,Sociedade de economia mista com administração pública,Água
313570,Jequitibá,5203,,,,,,2331,244.08,0.00,,,,,,,,31357011,Prefeitura Municipal de Jequitibá,PMJ,Local,Administração pública direta,Esgoto
313580,Jequitinhonha,25555,14823,812.80,812.80,0.00,812.80,11698,418.04,418.04,5105,0,5103,0,328,0,,31062000,Companhia de Saneamento de Minas Gerais,COPASA,Regional,Sociedade de economia mista com administração pública,Água e Esgotos
313580,Jequitinhonha,25555,2065,133.24,114.43,18.81,0.00,,,,4275,0,4136,148,397,0,,31686000,Copasa Serviços de Saneamento Integrado do Norte e Nordeste de Minas Gerais S/A,COPANOR,Regional,Empresa pública,Água
313590,Jesuânia,4774,3102,300.00,300.00,0.00,0.00,3102,250.00,0.00,4380,43,4380,20,48,0,,31359011,Prefeitura Municipal de Jesuania,PMJ,Local,Administração pública direta,Água e Esgoto
313600,Joaíma,15476,8547,470.60,470.60,0.00,470.60,7081,267.42,267.42,5284,0,5095,0,184,0,,31062000,Companhia de Saneamento de Minas Gerais,COPASA,Regional,Sociedade de economia mista com administração pública,Água e Esgotos
313600,Joaíma,15476,809,51.34,48.11,3.23,0.00,,,,1952,0,1952,0,192,0,,31686000,Copasa Serviços de Saneamento Integrado do Norte e Nordeste de Minas Gerais S/A,COPANOR,Regional,Empresa pública,Água
313610,Joanésia,4382,2400,87.75,87.75,0.00,0.00,1666,87.75,0.00,2090,21,2734,2,48,2,,31361011,Prefeitura Municipal de Joanésia,PMJ,Local,Administração pública direta,Água e Esgoto
313620,João Monlevade,80903,80903,7208.64,7181.18,27.46,7181.18,80903,3860.92,0.00,5808,0,5808,0,2039,2,,31362011,Departamento Municipal de Águas e Esgotos,DAE,Local,Autarquia,Água e Esgoto
313630,João Pinheiro,47990,34906,2562.88,2562.88,0.00,2562.88,32894,1414.12,1379.72,5384,0,5382,47,654,0,,31062000,Companhia de Saneamento de Minas Gerais,COPASA,Regional,Sociedade de economia mista com administração pública,Água e Esgotos
313640,Joaquim Felício,4757,2401,180.24,180.24,0.00,180.24,,,,527,0,523,0,161,0,,31062000,Companhia de Saneamento de Minas Gerais,COPASA,Regional,Sociedade de economia mista com administração pública,Água
313640,Joaquim Felício,4757,,,,,,969,45.45,45.45,,,,,,,,31364011,Prefeitura Municipal de Joaquim Felício,PMJF,Local,Administração pública direta,Esgoto
313650,Jordânia,10872,6770,412.93,412.93,0.00,412.93,,,,2479,0,2465,0,165,0,,31062000,Companhia de Saneamento de Minas Gerais,COPASA,Regional,Sociedade de economia mista com administração pública,Água
313652,José Gonçalves de Minas,4474,1479,86.40,86.40,0.00,86.40,1163,39.14,39.14,2160,0,2260,0,200,0,,31686000,Copasa Serviços de Saneamento Integrado do Norte e Nordeste de Minas Gerais S/A,COPANOR,Regional,Empresa pública,Água e Esgotos
313655,José Raydan,5104,1754,136.95,0.00,136.95,136.95,,,,434,0,433,121,183,0,,31062000,Companhia de Saneamento de Minas Gerais,COPASA,Regional,Sociedade de economia mista com administração pública,Água
313655,José Raydan,5104,,,,,,2915,225.00,0.00,,,,,,,,31365511,Prefeitura Municipal de José Raydan,PMJR,Local,Administração pública direta,Esgoto
313657,Josenópolis,4911,2534,131.65,131.65,0.00,131.65,1424,46.43,46.43,1514,0,1518,2,203,1,,31686000,Copasa Serviços de Saneamento Integrado do Norte e Nordeste de Minas Gerais S/A,COPANOR,Regional,Empresa pública,Água e Esgotos
313665,Juatuba,27823,24812,4145.21,4145.21,0.00,4145.21,9313,483.82,227.84,5023,0,5017,1,605,8,,31062000,Companhia de Saneamento de Minas Gerais,COPASA,Regional,Sociedade de economia mista com administração pública,Água e Esgotos
313670,Juiz de Fora,577532,554216,48331.65,47921.96,409.69,47816.38,546750,25570.17,1896.75,4419,269,4467,31,4082,105,,31367011,Companhia de Saneamento Municipal,CESAMA,Local,Empresa pública,Água e Esgoto
313680,Juramento,4359,2407,126.44,126.44,0.00,126.44,1971,55.11,55.11,3420,0,3421,4,139,0,,31062000,Companhia de Saneamento de Minas Gerais,COPASA,Regional,Sociedade de economia mista com administração pública,Água e Esgotos
313690,Juruaia,10795,5053,432.96,432.96,0.00,432.96,,,,7213,0,7195,0,178,0,,31062000,Companhia de Saneamento de Minas Gerais,COPASA,Regional,Sociedade de economia mista com administração pública,Água
313690,Juruaia,10795,,,,,,5275,600.00,0.00,,,,,,,,31369011,Prefeitura Municipal de Juruaia,PMJ,Local,Administração pública direta,Esgoto
313695,Juvenília,5706,3690,227.61,227.61,0.00,227.61,332,12.88,12.88,8138,5,8138,1,402,4,,31062000,Companhia de Saneamento de Minas Gerais,COPASA,Regional,Sociedade de economia mista com administração pública,Água e Esgotos
313700,Ladainha,18272,5247,311.96,244.49,67.45,244.00,4489,181.13,181.13,4632,66,4776,25,1031,0,,31686000,Copasa Serviços de Saneamento Integrado do Norte e Nordeste de Minas Gerais S/A,COPANOR,Regional,Empresa pública,Água e Esgotos
313710,Lagamar,7588,4466,281.98,281.98,0.00,281.98,,,,2635,0,2355,0,116,0,,31062000,Companhia de Saneamento de Minas Gerais,COPASA,Regional,Sociedade de economia mista com administração pública,Água
313710,Lagamar,7588,,,,,,5820,433.90,433.90,,,,,,,,31371011,Prefeitura Municipal de Lagamar,PML,Local,Administração pública direta,Esgoto
313720,Lagoa da Prata,53236,44026,5649.41,0.00,5649.41,5649.41,43565,2723.42,2723.42,3192,19,3192,32,3192,16,,31372011,Serviço Autônomo de Água e Esgoto,SAAE,Local,Autarquia,Água e Esgoto
313730,Lagoa dos Patos,4062,2655,146.30,0.00,146.30,146.30,1814,55.78,34.60,522,0,520,0,157,2,,31062000,Companhia de Saneamento de Minas Gerais,COPASA,Regional,Sociedade de economia mista com administração pública,Água e Esgotos
313740,Lagoa Dourada,13115,7339,548.10,0.00,548.10,548.10,790,19.91,0.00,2120,5,2119,0,324,0,,31062000,Companhia de Saneamento de Minas Gerais,COPASA,Regional,Sociedade de economia mista com administração pública,Água e Esgotos
313740,Lagoa Dourada,13115,,,,,,11266,777.12,0.00,,,,,,,,31374011,Prefeitura Municipal de Lagoa Dourada,PMLD,Local,Administração pública direta,Esgoto
313750,Lagoa Formosa,18168,18168,1333.56,1316.33,17.23,1278.39,18168,855.62,855.62,5285,55,5263,54,820,66,,31375011,Serviço Autônomo de Água e Esgotos,SAAE,Local,Autarquia,Água e Esgoto
313753,Lagoa Grande,9681,6684,487.17,0.00,487.17,487.17,,,,538,3,535,0,169,0,,31062000,Companhia de Saneamento de Minas Gerais,COPASA,Regional,Sociedade de economia mista com administração pública,Água
313753,Lagoa Grande,9681,,,,,,7113,182.00,0.00,,,,,,,,31375311,Prefeitura Municipal de Lagoa Grande,PMLG,Local,Administração pública direta,Esgoto
313760,Lagoa Santa,66744,57553,7488.72,0.00,7488.72,7488.72,33492,2122.46,2122.46,9302,9,9301,305,850,43,,31062000,Companhia de Saneamento de Minas Gerais,COPASA,Regional,Sociedade de economia mista com administração pública,Água e Esgotos
313770,Lajinha,19914,12441,686.27,666.53,0.00,666.53,9877,470.48,0.00,4380,5,4427,549,314,0,,31377011,Serviço Autônomo de Água e Esgoto,SAAE,Local,Autarquia,Água e Esgoto
313780,Lambari,20995,16392,1952.80,1927.69,25.11,1927.69,15945,831.17,0.00,3414,0,3406,2,199,1,,31378011,Serviço Autônomo de Água e Esgoto,SAAE,Local,Autarquia,Água e Esgoto
313790,Lamim,3366,3366,100.00,100.00,0.00,0.00,,,,10,0,10,0,10,0,,31379011,Prefeitura Municipal de Lamim,PML,Local,Administração pública direta,Água
313800,Laranjal,6856,4571,303.07,202.05,101.02,303.07,,,,7085,0,7105,5,197,1,,31062000,Companhia de Saneamento de Minas Gerais,COPASA,Regional,Sociedade de economia mista com administração pública,Água
313800,Laranjal,6856,,,,,,6856,1000.00,0.00,,,,,,,,31380011,Prefeitura Municipal de Laranjal,PML,Local,Administração pública direta,Esgoto
313810,Lassance,6494,6494,540.00,145.00,380.00,144.72,,,,120,2,120,0,120,5,,31381011,Serviço Autônomo de Água e Esgotosl de Lassance,SAAE,Local,Autarquia,Água
313820,Lavras,105756,94648,7706.61,7706.61,0.00,7706.61,91051,3868.79,3868.79,7572,15,7580,42,1181,0,,31062000,Companhia de Saneamento de Minas Gerais,COPASA,Regional,Sociedade de economia mista com administração pública,Água e Esgotos
313830,Leandro Ferreira,3222,2082,208.98,0.00,208.98,208.98,1913,91.52,0.00,276,0,276,0,130,1,,31062000,Companhia de Saneamento de Minas Gerais,COPASA,Regional,Sociedade de economia mista com administração pública,Água e Esgotos
313835,Leme do Prado,4923,1731,115.98,115.98,0.00,59.87,1322,72.21,72.21,6476,3,6476,23,457,0,,31686000,Copasa Serviços de Saneamento Integrado do Norte e Nordeste de Minas Gerais S/A,COPANOR,Regional,Empresa pública,Água e Esgotos
313840,Leopoldina,52690,39418,3732.87,3732.87,0.00,3732.87,,,,4765,1,4709,1,764,0,,31062000,Companhia de Saneamento de Minas Gerais,COPASA,Regional,Sociedade de economia mista com administração pública,Água
313840,Leopoldina,52690,,,,,,52232,9465.00,983.00,,,,,,,,31384011,Prefeitura Municipal de Leopoldina,PML,Local,Administração pública direta,Esgoto
313850,Liberdade,4994,3720,275.20,275.20,0.00,275.20,,,,3147,0,3139,2,120,0,,31062000,Companhia de Saneamento de Minas Gerais,COPASA,Regional,Sociedade de economia mista com administração pública,Água
313860,Lima Duarte,16749,15663,1565.00,1500.00,65.00,0.00,15503,571.00,0.00,4380,16,4380,0,384,1,,31386011,Departamento Municipal de Água e Esgoto,DEMAE,Local,Autarquia,Água e Esgoto
313862,Limeira do Oeste,7640,5399,358.70,358.70,0.00,358.70,5253,226.23,226.23,3930,0,3932,0,154,0,,31062000,Companhia de Saneamento de Minas Gerais,COPASA,Regional,Sociedade de economia mista com administração pública,Água e Esgotos
313865,Lontra,9766,4811,237.12,118.56,118.56,237.12,2052,67.94,67.94,2177,0,2178,1,132,1,,31062000,Companhia de Saneamento de Minas Gerais,COPASA,Regional,Sociedade de economia mista com administração pública,Água e Esgotos
313867,Luisburgo,6249,1840,314.00,314.00,0.00,296.00,1840,180.00,0.00,3650,5,3650,20,222,3,,31386711,Prefeitura Municipal de Luisburgo,PML,Local,Administração pública direta,Água e Esgoto
313868,Luislândia,6735,3155,132.53,0.00,132.53,132.53,,,,510,0,510,0,133,1,,31062000,Companhia de Saneamento de Minas Gerais,COPASA,Regional,Sociedade de economia mista com administração pública,Água
313870,Luminárias,5431,4182,497.66,497.66,0.00,0.00,4178,60.00,0.00,720,0,96,0,1,0,,31387011,Prefeitura Municipal de Luminárias,PML,Local,Administração pública direta,Água e Esgoto
313880,Luz,18297,15723,1388.02,694.01,694.01,1388.02,,,,4627,0,4833,0,374,0,,31062000,Companhia de Saneamento de Minas Gerais,COPASA,Regional,Sociedade de economia mista com administração pública,Água
313880,Luz,18297,,,,,,18257,3100.00,3100.00,,,,,,,,31388011,Serviço Autônomo de Água e Esgoto de Luz,SAAE,Local,Autarquia,Esgoto
313890,Machacalis,7112,5563,325.12,325.12,0.00,325.12,,,,4136,0,4128,0,141,1,,31062000,Companhia de Saneamento de Minas Gerais,COPASA,Regional,Sociedade de economia mista com administração pública,Água
313890,Machacalis,7112,,,,,,7110,750.00,0.00,,,,,,,,31389011,Prefeitura Municipal de Machacalis,PMM,Local,Administração pública direta,Esgoto
313900,Machado,42682,42413,3214.91,3139.77,75.14,3139.77,42413,1831.93,1391.13,4422,0,4422,0,884,0,,31390011,Serviço Autônomo de Água e Esgoto,SAAE,Local,Autarquia,Água e Esgoto
313910,Madre de Deus de Minas,5119,3692,274.73,137.37,137.36,274.73,,,,3560,0,3553,0,152,0,,31062000,Companhia de Saneamento de Minas Gerais,COPASA,Regional,Sociedade de economia mista com administração pública,Água
313910,Madre de Deus de Minas,5119,,,,,,4402,119.80,0.00,,,,,,,,31391011,Prefeitura Municipal de Madre de Deus de Minas,PMMDM,Local,Administração pública direta,Esgoto
313920,Malacacheta,18556,10382,558.85,558.85,0.00,558.85,9382,290.93,290.93,4543,0,4521,1,221,0,,31062000,Companhia de Saneamento de Minas Gerais,COPASA,Regional,Sociedade de economia mista com administração pública,Água e Esgotos
313920,Malacacheta,18556,1419,51.55,0.00,51.55,51.55,1419,35.40,25.43,459,4,462,51,461,0,,31686000,Copasa Serviços de Saneamento Integrado do Norte e Nordeste de Minas Gerais S/A,COPANOR,Regional,Empresa pública,Água e Esgotos
313925,Mamonas,6565,3627,362.88,0.00,0.00,0.00,419,27.70,0.00,40,0,60,0,60,17,,31392511,Prefeitura Municipal de Mamonas,PMM,Local,Administração pública direta,Água e Esgoto
313930,Manga,18051,11769,769.99,769.99,0.00,769.99,2225,85.28,85.28,3218,0,3216,1,262,0,,31062000,Companhia de Saneamento de Minas Gerais,COPASA,Regional,Sociedade de economia mista com administração pública,Água e Esgotos
313940,Manhuaçu,92074,92074,5754.74,4944.24,780.00,4944.24,92074,4530.60,4.80,32480,48,31640,50,3460,10,,31394011,Serviço Autônomo Água e Esgoto,SAAE,Local,Autarquia,Água e Esgoto
313950,Manhumirim,22894,17898,1734.48,1419.12,315.36,1734.48,17485,875.00,0.00,4380,0,4380,0,192,0,,31395011,Serviço Autônomo de Água e Esgoto,SAAE,Local,Autarquia,Água e Esgoto
313960,Mantena,27651,27111,2698.68,2608.68,0.00,2608.68,27111,2024.00,1518.00,8183,80,8230,126,674,0,,31396011,Serviço Autônomo de Água e Esgoto,SAAE,Local,Autarquia,Água e Esgoto
313980,Mar de Espanha,12985,10705,796.32,398.16,398.16,796.32,,,,2595,0,2636,1,280,3,,31062000,Companhia de Saneamento de Minas Gerais,COPASA,Regional,Sociedade de economia mista com administração pública,Água
313980,Mar de Espanha,12985,,,,,,11947,2007.00,0.00,,,,,,,,31398011,Prefeitura Municipal de Mar de Espanha,PMME,Local,Administração pública direta,Esgoto
313970,Maravilhas,8113,5383,399.30,399.30,0.00,399.30,,,,551,0,552,1,169,0,,31062000,Companhia de Saneamento de Minas Gerais,COPASA,Regional,Sociedade de economia mista com administração pública,Água
313970,Maravilhas,8113,,,,,,5545,515.00,515.00,,,,,,,,31397011,Prefeitura Municipal de Maravilhas,PMM,Local,Administração pública direta,Esgoto
313990,Maria da Fé,14019,7924,537.35,537.35,0.00,537.35,,,,6221,0,6206,3,242,2,,31062000,Companhia de Saneamento de Minas Gerais,COPASA,Regional,Sociedade de economia mista com administração pública,Água
313990,Maria da Fé,14019,,,,,,7551,900.00,0.00,,,,,,,,31399011,Prefeitura Municipal de Maria da Fé,PMMF,Local,Administração pública direta,Esgoto
314000,Mariana,61830,61830,7098.27,3723.92,3374.35,0.00,61830,5323.70,0.00,19450,98,19309,92,1910,34,,31400011,Serviço Autônomo de Água e Esgoto de Mariana,SAAE,Local,Autarquia,Água e Esgoto
314010,Marilac,4079,2917,266.23,266.23,0.00,266.23,,,,3072,3,3047,10,110,0,,31062000,Companhia de Saneamento de Minas Gerais,COPASA,Regional,Sociedade de economia mista com administração pública,Água
314015,Mário Campos,15814,14154,1421.27,1421.27,0.00,1421.27,,,,4722,0,4718,0,354,3,,31062000,Companhia de Saneamento de Minas Gerais,COPASA,Regional,Sociedade de economia mista com administração pública,Água
314020,Maripá de Minas,3000,2371,203.65,0.00,203.65,203.65,,,,1501,0,1510,0,132,1,,31062000,Companhia de Saneamento de Minas Gerais,COPASA,Regional,Sociedade de economia mista com administração pública,Água
314020,Maripá de Minas,3000,,,,,,2100,139.00,0.00,,,,,,,,31402011,Prefeitura Municipal de Maripá de Minas,PMMM,Local,Administração pública direta,Esgoto
314030,Marliéria,4030,4030,1145.00,1140.00,0.00,0.00,2860,147.00,0.00,5160,0,5160,0,96,0,,31403011,Prefeitura Municipal de Marliéria,PMM,Local,Administração pública direta,Água e Esgoto
314040,Marmelópolis,2701,2686,460.00,200.00,0.00,0.00,1900,305.00,0.00,72,72,72,72,72,72,,31404011,Prefeitura Municipal de Marmelópolis,PMM,Local,Administração pública direta,Água e Esgoto
314050,Martinho Campos,13497,11125,877.19,362.96,514.23,877.19,6605,311.20,311.20,4032,0,3504,3,852,2,,31062000,Companhia de Saneamento de Minas Gerais,COPASA,Regional,Sociedade de economia mista com administração pública,Água e Esgotos
314053,Martins Soares,8640,1965,136.69,136.69,0.00,136.69,,,,2272,0,2272,0,93,1,,31062000,Companhia de Saneamento de Minas Gerais,COPASA,Regional,Sociedade de economia mista com administração pública,Água
314055,Mata Verde,8700,6927,346.61,346.61,0.00,346.61,6927,170.01,170.01,2348,0,2346,2,204,2,,31062000,Companhia de Saneamento de Minas Gerais,COPASA,Regional,Sociedade de economia mista com administração pública,Água e Esgotos
314060,Materlândia,4415,2022,110.40,0.00,110.40,110.40,,,,2503,1,2501,5,167,5,,31062000,Companhia de Saneamento de Minas Gerais,COPASA,Regional,Sociedade de economia mista com administração pública,Água
314060,Materlândia,4415,,,,,,3030,130.00,0.00,,,,,,,,31406011,Prefeitura Municipal de Materlândia,PMM,Local,Administração pública direta,Esgoto
314070,Mateus Leme,31631,22121,3010.80,2685.92,324.88,3010.80,12597,721.54,721.54,11631,0,11633,11,737,71,,31062000,Companhia de Saneamento de Minas Gerais,COPASA,Regional,Sociedade de economia mista com administração pública,Água e Esgotos
317150,Mathias Lobato,3157,2371,191.12,191.12,0.00,191.12,,,,3495,0,3484,0,107,0,,31062000,Companhia de Saneamento de Minas Gerais,COPASA,Regional,Sociedade de economia mista com administração pública,Água
314080,Matias Barbosa,14626,13574,1041.34,258.23,783.11,1041.34,,,,8001,1,8044,4,497,27,,31062000,Companhia de Saneamento de Minas Gerais,COPASA,Regional,Sociedade de economia mista com administração pública,Água
314080,Matias Barbosa,14626,,,,,,14118,798.00,17.00,,,,,,,,31408011,Prefeitura Municipal de Matias Barbosa,PMMB,Local,Administração pública direta,Esgoto
314085,Matias Cardoso,11360,5661,367.17,258.09,109.08,367.17,,,,4531,1,4458,0,547,0,,31062000,Companhia de Saneamento de Minas Gerais,COPASA,Regional,Sociedade de economia mista com administração pública,Água
314090,Matipó,19098,13940,896.43,836.29,60.14,896.43,,,,8308,1,8309,2,331,3,,31062000,Companhia de Saneamento de Minas Gerais,COPASA,Regional,Sociedade de economia mista com administração pública,Água
314090,Matipó,19098,,,,,,13852,721.79,0.00,,,,,,,,31409011,Prefeitura Municipal de Matipó,PMM,Local,Administração pública direta,Esgoto
314100,Mato Verde,12367,9582,598.90,598.90,0.00,598.90,,,,9105,0,9099,0,362,0,,31062000,Companhia de Saneamento de Minas Gerais,COPASA,Regional,Sociedade de economia mista com administração pública,Água
314100,Mato Verde,12367,,,,,,8245,99.80,99.80,,,,,,,,31410011,Prefeitura Municipal de Mato Verde,PMMV,Local,Administração pública direta,Esgoto
314110,Matozinhos,38469,31537,3251.81,1266.91,1984.90,3251.81,23386,1088.15,598.49,5760,1,5758,3,771,18,,31062000,Companhia de Saneamento de Minas Gerais,COPASA,Regional,Sociedade de economia mista com administração pública,Água e Esgotos
314120,Matutina,3733,2579,276.31,248.30,28.01,276.31,,,,4611,2,4611,1,254,0,,31062000,Companhia de Saneamento de Minas Gerais,COPASA,Regional,Sociedade de economia mista com administração pública,Água
314120,Matutina,3733,,,,,,3359,550.00,0.00,,,,,,,,31412011,Prefeitura Municipal de Matutina,PMM,Local,Administração pública direta,Esgoto
314130,Medeiros,3861,2130,158.66,79.33,79.33,158.66,,,,3174,0,3146,0,131,0,,31062000,Companhia de Saneamento de Minas Gerais,COPASA,Regional,Sociedade de economia mista com administração pública,Água
314130,Medeiros,3861,,,,,,3861,394.00,394.00,,,,,,,,31413011,Prefeitura Municipal de Medeiros,PMM,Local,Administração pública direta,Esgoto
314140,Medina,20701,13552,684.09,684.09,0.00,684.09,12625,362.39,362.39,3464,1,3461,0,292,1,,31062000,Companhia de Saneamento de Minas Gerais,COPASA,Regional,Sociedade de economia mista com administração pública,Água e Esgotos
314140,Medina,20701,1752,75.91,32.84,43.07,32.84,1386,41.63,41.63,197,0,185,5,184,0,,31686000,Copasa Serviços de Saneamento Integrado do Norte e Nordeste de Minas Gerais S/A,COPANOR,Regional,Empresa pública,Água e Esgotos
314150,Mendes Pimentel,6446,3715,194.18,194.18,0.00,194.18,,,,3605,75,3605,51,220,0,,31686000,Copasa Serviços de Saneamento Integrado do Norte e Nordeste de Minas Gerais S/A,COPANOR,Regional,Empresa pública,Água
314160,Mercês,10775,7333,520.61,520.61,0.00,520.61,,,,4176,19,4143,45,205,0,,31062000,Companhia de Saneamento de Minas Gerais,COPASA,Regional,Sociedade de economia mista com administração pública,Água
314160,Mercês,10775,,,,,,10775,1500.00,0.00,,,,,,,,31416011,Prefeitura Municipal de Mercês,PMM,Local,Administração pública direta,Esgoto
314170,Mesquita,5489,4387,850.00,0.00,0.00,0.00,3750,500.00,0.00,12,0,200,0,12,0,,31417011,Prefeitura Municipal de Mesquita,PMM,Local,Administração pública direta,Água e Esgoto
314180,Minas Novas,31509,11698,576.38,576.38,0.00,576.38,6459,172.78,172.78,6126,0,6123,1,381,0,,31062000,Companhia de Saneamento de Minas Gerais,COPASA,Regional,Sociedade de economia mista com administração pública,Água e Esgotos
314180,Minas Novas,31509,3863,248.05,80.00,168.05,80.00,2368,39.48,35.76,3405,5,3405,21,1278,2,,31686000,Copasa Serviços de Saneamento Integrado do Norte e Nordeste de Minas Gerais S/A,COPANOR,Regional,Empresa pública,Água e Esgotos
314190,Minduri,3891,3137,234.43,234.43,0.00,234.43,,,,3054,0,3047,0,158,0,,31062000,Companhia de Saneamento de Minas Gerais,COPASA,Regional,Sociedade de economia mista com administração pública,Água
314190,Minduri,3891,,,,,,3540,212.00,0.00,,,,,,,,31419011,Prefeitura Municipal de Minduri,PMM,Local,Administração pública direta,Esgoto
314200,Mirabela,13651,8524,440.45,0.00,440.45,440.45,4427,149.87,149.87,3359,2,3359,0,213,0,,31062000,Companhia de Saneamento de Minas Gerais,COPASA,Regional,Sociedade de economia mista com administração pública,Água e Esgotos
314210,Miradouro,10818,5865,397.22,397.22,0.00,397.22,,,,3347,1,3351,26,186,1,,31062000,Companhia de Saneamento de Minas Gerais,COPASA,Regional,Sociedade de economia mista com administração pública,Água
314220,Miraí,15205,10095,830.15,781.65,48.50,830.15,,,,5197,0,5211,3,489,0,,31062000,Companhia de Saneamento de Minas Gerais,COPASA,Regional,Sociedade de economia mista com administração pública,Água
314220,Miraí,15205,,,,,,14503,435.09,20.00,,,,,,,,31422011,Prefeitura Municipal de Miraí,PMM,Local,Administração pública direta,Esgoto
314225,Miravânia,4939,1159,86.01,0.00,86.01,86.01,,,,717,0,698,0,135,1,,31062000,Companhia de Saneamento de Minas Gerais,COPASA,Regional,Sociedade de economia mista com administração pública,Água
314230,Moeda,4948,1891,241.14,241.14,0.00,241.14,,,,4305,8,4305,0,112,0,,31062000,Companhia de Saneamento de Minas Gerais,COPASA,Regional,Sociedade de economia mista com administração pública,Água
314240,Moema,7589,6912,512.38,0.00,509.42,0.00,6030,435.52,435.52,278,0,370,28,278,14,,31424012,Serviço Autônomo de Água e Esgoto de Moema,SAAEM,Local,Autarquia,Água e Esgoto
314250,Monjolos,2184,1323,178.41,90.86,87.55,178.41,,,,1110,0,1111,1,287,0,,31062000,Companhia de Saneamento de Minas Gerais,COPASA,Regional,Sociedade de economia mista com administração pública,Água
314260,Monsenhor Paulo,8764,6546,418.38,418.38,0.00,418.38,,,,3492,0,3480,0,171,0,,31062000,Companhia de Saneamento de Minas Gerais,COPASA,Regional,Sociedade de economia mista com administração pública,Água
314260,Monsenhor Paulo,8764,,,,,,6586,339.68,0.00,,,,,,,,31426011,Prefeitura Municipal de Monsenhor Paulo,PMMP,Local,Administração pública direta,Esgoto
314270,Montalvânia,14621,9567,672.14,672.14,0.00,672.14,1248,38.31,38.31,8014,3,8009,2,582,6,,31062000,Companhia de Saneamento de Minas Gerais,COPASA,Regional,Sociedade de economia mista com administração pública,Água e Esgotos
314280,Monte Alegre de Minas,21349,15766,1225.73,1037.10,0.00,1037.10,15616,601.14,573.11,3793,6,3793,5,562,6,,31428011,Prefeitura Municipal de Monte Alegre de Minas,PMMAM,Local,Administração pública direta,Água e Esgoto
314290,Monte Azul,20544,12299,864.56,864.56,0.00,864.56,1177,42.79,42.79,5883,0,5856,0,469,0,,31062000,Companhia de Saneamento de Minas Gerais,COPASA,Regional,Sociedade de economia mista com administração pública,Água e Esgotos
314300,Monte Belo,13139,8164,652.05,326.03,326.02,652.05,,,,3331,0,3309,0,236,0,,31062000,Companhia de Saneamento de Minas Gerais,COPASA,Regional,Sociedade de economia mista com administração pública,Água
314300,Monte Belo,13139,,,,,,600,27.90,0.00,,,,,,,,31430011,Prefeitura Municipal de Monte Belo,PMMB,Local,Administração pública direta,Esgoto
314310,Monte Carmelo,48049,48049,4373.05,2234.76,2138.29,0.00,40412,2385.60,1583.78,90378,0,40238,0,1932,0,,31431011,Departamento Municipal de Água e Esgoto,DMAE,Local,Autarquia,Água e Esgoto
314315,Monte Formoso,4939,1886,91.25,79.82,11.43,79.82,1500,59.79,59.79,4660,2,4660,6,413,0,,31686000,Copasa Serviços de Saneamento Integrado do Norte e Nordeste de Minas Gerais S/A,COPANOR,Regional,Empresa pública,Água e Esgotos
314320,Monte Santo de Minas,21504,16326,1499.47,1392.62,106.85,1499.47,,,,5252,0,5205,0,514,0,,31062000,Companhia de Saneamento de Minas Gerais,COPASA,Regional,Sociedade de economia mista com administração pública,Água
314320,Monte Santo de Minas,21504,,,,,,15911,754.98,0.00,,,,,,,,31432011,Prefeitura Municipal de Monte Santo de Minas,PMMSM,Local,Administração pública direta,Esgoto
314340,Monte Sião,24247,17987,1826.84,1826.84,0.00,1826.84,17987,869.38,836.02,12771,1,12728,38,542,3,,31062000,Companhia de Saneamento de Minas Gerais,COPASA,Regional,Sociedade de economia mista com administração pública,Água e Esgotos
314330,Montes Claros,417478,350351,29885.64,29796.05,89.59,29885.64,356645,11890.23,11890.23,27373,9,27080,27,3999,64,,31062000,Companhia de Saneamento de Minas Gerais,COPASA,Regional,Sociedade de economia mista com administração pública,Água e Esgotos
314345,Montezuma,8379,3369,188.06,188.06,0.00,188.06,,,,3321,36,3321,5,132,0,,31062000,Companhia de Saneamento de Minas Gerais,COPASA,Regional,Sociedade de economia mista com administração pública,Água
314345,Montezuma,8379,,,,,,2580,142.00,142.00,,,,,,,,31434511,Prefeitura Municipal de Montezuma,PMM,Local,Administração pública direta,Esgoto
314350,Morada Nova de Minas,8955,6665,570.84,570.84,0.00,570.84,4781,234.58,234.58,588,0,589,0,222,0,,31062000,Companhia de Saneamento de Minas Gerais,COPASA,Regional,Sociedade de economia mista com administração pública,Água e Esgotos
314360,Morro da Garça,2413,1289,146.03,0.00,146.03,146.03,,,,508,0,508,0,157,0,,31062000,Companhia de Saneamento de Minas Gerais,COPASA,Regional,Sociedade de economia mista com administração pública,Água
314360,Morro da Garça,2413,,,,,,1381,100.00,100.00,,,,,,,,31436011,Prefeitura Municipal de Morro da Garça,PMMG,Local,Administração pública direta,Esgoto
314370,Morro do Pilar,3126,2374,536.00,36.00,500.00,0.00,,,,5,0,5,0,3,0,,31437011,Prefeitura Municipal de Morro do Pilar,PMMP,Local,Administração pública direta,Água
314380,Munhoz,5960,3241,304.84,304.84,0.00,304.84,,,,3453,0,3449,1,100,3,,31062000,Companhia de Saneamento de Minas Gerais,COPASA,Regional,Sociedade de economia mista com administração pública,Água
314390,Muriaé,109997,101766,8854.80,7826.60,788.40,7826.60,101766,5081.57,2134.99,22838,0,21893,12,5666,5,,31439011,Departamento Municipal de Saneamento Urbano,DEMSUR,Local,Autarquia,Água e Esgoto
314400,Mutum,26945,11657,775.12,775.12,0.00,775.12,7888,320.37,0.00,5463,0,5463,0,338,0,,31062000,Companhia de Saneamento de Minas Gerais,COPASA,Regional,Sociedade de economia mista com administração pública,Água e Esgotos
314410,Muzambinho,20522,15672,1409.17,1409.17,0.00,1409.17,,,,8154,0,8114,0,400,0,,31062000,Companhia de Saneamento de Minas Gerais,COPASA,Regional,Sociedade de economia mista com administração pública,Água
314410,Muzambinho,20522,,,,,,19000,3000.00,0.00,,,,,,,,31441011,Prefeitura Municipal de Muzambinho,PMM,Local,Administração pública direta,Esgoto
314420,Nacip Raydan,3221,1736,117.76,117.76,0.00,117.76,,,,418,0,401,0,107,1,,31062000,Companhia de Saneamento de Minas Gerais,COPASA,Regional,Sociedade de economia mista com administração pública,Água
314430,Nanuque,40583,32665,2695.98,2695.98,0.00,2695.98,24792,981.46,218.40,10024,1,9968,50,727,0,,31062000,Companhia de Saneamento de Minas Gerais,COPASA,Regional,Sociedade de economia mista com administração pública,Água e Esgotos
314435,Naque,7104,6144,342.68,342.68,0.00,342.68,,,,2368,0,2341,0,155,0,,31062000,Companhia de Saneamento de Minas Gerais,COPASA,Regional,Sociedade de economia mista com administração pública,Água
314435,Naque,7104,,,,,,5480,250.03,0.00,,,,,,,,31443511,Prefeitura Municipal de Naque,PMN,Local,Administração pública direta,Esgoto
314440,Natércia,4727,2722,204.20,204.20,0.00,204.20,2078,106.19,0.00,5012,0,5006,0,113,0,,31062000,Companhia de Saneamento de Minas Gerais,COPASA,Regional,Sociedade de economia mista com administração pública,Água e Esgotos
314450,Nazareno,8710,5541,398.32,398.32,0.00,398.32,,,,3798,0,3788,0,199,0,,31062000,Companhia de Saneamento de Minas Gerais,COPASA,Regional,Sociedade de economia mista com administração pública,Água
314450,Nazareno,8710,,,,,,6635,360.00,0.00,,,,,,,,31445011,Prefeitura Municipal de Nazareno,PMN,Local,Administração pública direta,Esgoto
314460,Nepomuceno,26882,26882,2520.00,1870.00,0.00,1870.00,26882,1900.00,0.00,4680,0,4680,0,351,0,,31446011,Serviço Autônomo de Água e Esgoto,SAAE,Local,Autarquia,Água e Esgoto
314465,Ninheira,10355,2773,309.45,309.45,0.00,309.45,,,,8321,0,8321,1,133,5,,31062000,Companhia de Saneamento de Minas Gerais,COPASA,Regional,Sociedade de economia mista com administração pública,Água
314467,Nova Belém,3067,1270,65.24,63.63,1.61,65.24,1270,45.25,45.25,4533,37,4533,11,288,9,,31686000,Copasa Serviços de Saneamento Integrado do Norte e Nordeste de Minas Gerais S/A,COPANOR,Regional,Empresa pública,Água e Esgotos
314470,Nova Era,17524,16472,1369.39,1273.72,95.67,1369.39,16472,676.70,0.00,11000,0,1440,10,192,4,,31447011,Prefeitura Municipal de Nova Era,PMNE,Local,Administração pública direta,Água e Esgoto
314480,Nova Lima,97378,90168,12438.57,8292.38,4146.19,12438.57,22051,1269.20,1269.20,18182,0,18182,9,1514,26,,31062000,Companhia de Saneamento de Minas Gerais,COPASA,Regional,Sociedade de economia mista com administração pública,Água e Esgotos
314490,Nova Módica,3548,2308,141.53,141.53,0.00,141.53,1852,71.80,0.00,3664,0,3652,0,108,0,,31062000,Companhia de Saneamento de Minas Gerais,COPASA,Regional,Sociedade de economia mista com administração pública,Água e Esgotos
314500,Nova Ponte,16046,13765,1190.63,1023.64,0.00,1023.64,13765,793.76,793.76,1608,0,1608,0,148,0,,31450011,Prefeitura Municipal de Nova Ponte,DMAE,Local,Administração pública direta,Água e Esgoto
314505,Nova Porteirinha,7493,4207,432.93,432.93,0.00,432.93,1671,62.88,62.88,3933,0,3920,3,279,0,,31062000,Companhia de Saneamento de Minas Gerais,COPASA,Regional,Sociedade de economia mista com administração pública,Água e Esgotos
314510,Nova Resende,16937,9530,700.97,700.97,0.00,700.97,,,,4439,0,4417,2,247,0,,31062000,Companhia de Saneamento de Minas Gerais,COPASA,Regional,Sociedade de economia mista com administração pública,Água
314520,Nova Serrana,108241,80213,6432.05,6432.05,0.00,6432.05,79201,2940.26,2940.26,5220,5,5220,1,908,35,,31062000,Companhia de Saneamento de Minas Gerais,COPASA,Regional,Sociedade de economia mista com administração pública,Água e Esgotos
314520,Nova Serrana,108241,3820,982.00,562.00,0.00,0.00,420,56.36,0.00,0,0,0,0,0,0,,31452011,Prefeitura Municipal de Nova Serrana,PMNS,Local,Administração pública direta,Água e Esgoto
313660,Nova União,5739,3001,261.47,261.47,0.00,261.47,,,,4784,0,4772,5,187,0,,31062000,Companhia de Saneamento de Minas Gerais,COPASA,Regional,Sociedade de economia mista com administração pública,Água
313660,Nova União,5739,,,,,,3470,300.00,0.00,,,,,,,,31366011,Prefeitura Municipal de Nova União,PMNU,Local,Administração pública direta,Esgoto
314530,Novo Cruzeiro,31339,9785,489.12,489.12,0.00,489.12,7018,208.92,0.00,4562,0,4560,9,200,0,,31062000,Companhia de Saneamento de Minas Gerais,COPASA,Regional,Sociedade de economia mista com administração pública,Água e Esgotos
314530,Novo Cruzeiro,31339,2719,115.29,105.41,9.86,105.40,2510,62.59,62.59,5272,36,3618,159,482,0,,31686000,Copasa Serviços de Saneamento Integrado do Norte e Nordeste de Minas Gerais S/A,COPANOR,Regional,Empresa pública,Água e Esgotos
314535,Novo Oriente de Minas,10800,5611,340.33,312.07,28.26,312.07,5611,191.49,191.49,2014,23,505,0,373,0,,31686000,Copasa Serviços de Saneamento Integrado do Norte e Nordeste de Minas Gerais S/A,COPANOR,Regional,Empresa pública,Água e Esgotos
314537,Novorizonte,5348,2904,225.94,0.00,225.94,225.94,470,18.05,0.00,714,9,711,4,772,1,,31686000,Copasa Serviços de Saneamento Integrado do Norte e Nordeste de Minas Gerais S/A,COPANOR,Regional,Empresa pública,Água e Esgotos
314540,Olaria,1694,1694,163.35,0.00,163.35,0.00,1694,59.00,0.00,0,0,72,0,72,69,,31454011,Prefeitura Municipal de Olaria,PMO,Local,Administração pública direta,Água e Esgoto
314545,Olhos-d Água,6243,3626,171.22,151.21,12.91,151.21,,,,2336,3,2388,19,232,1,,31686000,Copasa Serviços de Saneamento Integrado do Norte e Nordeste de Minas Gerais S/A,COPANOR,Regional,Empresa pública,Água
314550,Olímpio Noronha,2829,2512,395.00,259.00,0.00,0.00,2512,395.00,0.00,4320,12,4320,60,48,2,,31455011,Prefeitura Municipal de Olímpio Noronha,PMON,Local,Administração pública direta,Água e Esgoto
314560,Oliveira,41987,41987,3020.57,3020.57,0.00,3020.57,41987,1798.87,1746.48,5784,1,5872,4,2100,0,,31456011,Serviço Autônomo de Água e Esgoto,SAAE,Local,Autarquia,Água e Esgoto
314570,Oliveira Fortes,2128,1210,70.31,70.31,0.00,70.31,,,,1082,0,1064,26,123,0,,31062000,Companhia de Saneamento de Minas Gerais,COPASA,Regional,Sociedade de economia mista com administração pública,Água
314570,Oliveira Fortes,2128,,,,,,2125,122.00,0.00,,,,,,,,31457011,Prefeitura Municipal de Oliveira Fortes,PMOF,Local,Administração pública direta,Esgoto
314580,Onça de Pitangui,3155,1516,109.02,109.02,0.00,109.02,,,,239,0,239,3,135,1,,31062000,Companhia de Saneamento de Minas Gerais,COPASA,Regional,Sociedade de economia mista com administração pública,Água
314580,Onça de Pitangui,3155,,,,,,1785,310.00,0.00,,,,,,,,31458011,Prefeitura Municipal de Onça de Pitangui,PMOT,Local,Administração pública direta,Esgoto
314587,Orizânia,8138,2424,125.57,125.57,0.00,125.57,,,,2312,0,2312,0,101,0,,31062000,Companhia de Saneamento de Minas Gerais,COPASA,Regional,Sociedade de economia mista com administração pública,Água
314590,Ouro Branco,40220,34896,2894.18,2848.54,45.64,2894.18,34355,1361.55,1361.55,5106,9,5104,0,668,0,,31062000,Companhia de Saneamento de Minas Gerais,COPASA,Regional,Sociedade de economia mista com administração pública,Água e Esgotos
314600,Ouro Fino,33938,33938,2684.88,1426.08,1258.80,1426.08,33938,1424.33,0.00,5340,0,5340,0,957,0,,31460011,Departamento Municipal Autônomo de Água e Esgoto,DMAAE,Local,Autarquia,Água e Esgoto
314610,Ouro Preto,74824,65196,12851.77,6403.55,6257.22,0.00,41530,3218.05,35.96,24600,118,24600,724,4438,150,,31461012,Ouro Preto Serviços de Saneamento S.A.,SANEOURO,Local,Empresa privada,Água e Esgoto
314620,Ouro Verde de Minas,5895,3404,166.68,166.68,0.00,166.68,3122,96.37,0.00,2649,0,2643,0,109,0,,31062000,Companhia de Saneamento de Minas Gerais,COPASA,Regional,Sociedade de economia mista com administração pública,Água e Esgotos
314625,Padre Carvalho,6466,3766,307.35,226.74,80.61,307.35,1813,63.44,63.44,3101,35,3108,160,631,1,,31686000,Copasa Serviços de Saneamento Integrado do Norte e Nordeste de Minas Gerais S/A,COPANOR,Regional,Empresa pública,Água e Esgotos
314630,Padre Paraíso,20346,10932,643.04,643.04,0.00,643.04,,,,3904,0,3902,0,236,2,,31062000,Companhia de Saneamento de Minas Gerais,COPASA,Regional,Sociedade de economia mista com administração pública,Água
314630,Padre Paraíso,20346,,,,,,10000,470.00,200.00,,,,,,,,31463011,Prefeitura Municipal de Padre Paraíso,PMPP,Local,Administração pública direta,Esgoto
314655,Pai Pedro,6098,1613,98.38,0.00,98.38,98.38,,,,507,0,489,1,140,0,,31062000,Companhia de Saneamento de Minas Gerais,COPASA,Regional,Sociedade de economia mista com administração pública,Água
314640,Paineiras,4440,3278,262.98,0.00,262.98,262.98,,,,399,0,408,0,149,0,,31062000,Companhia de Saneamento de Minas Gerais,COPASA,Regional,Sociedade de economia mista com administração pública,Água
314650,Pains,8308,8279,966.00,0.00,966.00,0.00,7087,772.00,0.00,2958,0,2958,0,2958,0,,31465011,Serviço Autônomo de Água e Esgoto de Pains,SAAE,Local,Autarquia,Água e Esgoto
314660,Paiva,1517,1517,53.00,53.00,0.00,0.00,,,,1,0,1,0,1,0,,31466011,Prefeitura Municipal de Paiva,PMP,Local,Administração pública direta,Água
314670,Palma,6606,4730,371.67,302.77,68.90,371.67,,,,3741,0,3762,0,372,5,,31062000,Companhia de Saneamento de Minas Gerais,COPASA,Regional,Sociedade de economia mista com administração pública,Água
314675,Palmópolis,5196,3989,239.59,239.59,0.00,239.59,,,,3952,0,3947,0,350,8,,31062000,Companhia de Saneamento de Minas Gerais,COPASA,Regional,Sociedade de economia mista com administração pública,Água
314690,Papagaios,15922,15922,1125.00,0.00,1125.00,0.00,13389,1030.00,1030.00,4,0,4,0,4,0,,31469011,Prefeitura Municipal de Papagaios,PMP,Local,Administração pública direta,Água e Esgoto
314710,Pará de Minas,95616,95616,6714.36,5441.38,1272.98,6714.36,95060,4715.96,4715.96,10733,0,10733,0,5356,0,,31471011,Águas de Pará de Minas S. A.,CAPAM,Local,Empresa privada,Água e Esgoto
314700,Paracatu,94539,76359,5628.23,1876.08,3752.15,5628.23,71046,2634.20,2568.15,5488,1,5421,704,887,0,,31062000,Companhia de Saneamento de Minas Gerais,COPASA,Regional,Sociedade de economia mista com administração pública,Água e Esgotos
314720,Paraguaçu,21693,17872,1458.50,1444.10,14.40,1458.50,17872,860.20,860.20,3960,0,3960,0,480,0,,31472011,Concessionária de Saneamento Básico Ltda,COSÁGUA,Local,Empresa privada,Água e Esgoto
314730,Paraisópolis,21353,21205,1656.00,1580.00,76.00,1580.00,21000,902.00,0.00,4036,0,4036,20,578,0,,31473011,Serviço Autônomo de Água e Esgoto de Paraisópolis,SAAE,Local,Autarquia,Água e Esgoto
314740,Paraopeba,24854,20178,1654.02,275.67,1378.35,1654.02,,,,6001,0,6006,0,670,0,,31062000,Companhia de Saneamento de Minas Gerais,COPASA,Regional,Sociedade de economia mista com administração pública,Água
314740,Paraopeba,24854,,,,,,21700,621.41,0.00,,,,,,,,31474011,Prefeitura Municipal de Paraopeba,PMP,Local,Administração pública direta,Esgoto
314760,Passa Quatro,16439,12644,1100.00,101.00,0.00,0.00,16439,1000.00,0.00,4320,432,120,65,110,0,,31476011,Prefeitura Municipal de Passa Quatro,PMPQ,Local,Administração pública direta,Água e Esgoto
314770,Passa Tempo,8031,6051,448.13,448.13,0.00,448.13,,,,4982,0,4986,258,166,0,,31062000,Companhia de Saneamento de Minas Gerais,COPASA,Regional,Sociedade de economia mista com administração pública,Água
314770,Passa Tempo,8031,,,,,,6256,257.09,0.00,,,,,,,,31477011,Prefeitura Municipal de Passa Tempo,PMPT,Local,Administração pública direta,Esgoto
314780,Passa-Vinte,2024,1258,162.39,0.00,162.39,162.39,,,,196,0,194,0,136,0,,31062000,Companhia de Saneamento de Minas Gerais,COPASA,Regional,Sociedade de economia mista com administração pública,Água
314750,Passabém,1619,982,63.35,0.00,63.35,63.35,496,18.09,0.00,966,0,940,0,121,0,,31062000,Companhia de Saneamento de Minas Gerais,COPASA,Regional,Sociedade de economia mista com administração pública,Água e Esgotos
314790,Passos,115970,110026,11030.43,11030.43,0.00,11030.43,108782,6311.83,3947.51,10735,0,10735,0,2026,0,,31479011,Serviço Autônomo de Água e Esgoto,SAAE,Local,Autarquia,Água e Esgoto
314795,Patis,6031,2274,127.06,0.00,127.06,127.06,,,,500,0,500,0,133,0,,31062000,Companhia de Saneamento de Minas Gerais,COPASA,Regional,Sociedade de economia mista com administração pública,Água
314800,Patos de Minas,154641,134513,11397.86,11268.83,129.03,11397.86,131458,7228.21,4490.98,14386,20,14599,38,2922,2,,31062000,Companhia de Saneamento de Minas Gerais,COPASA,Regional,Sociedade de economia mista com administração pública,Água e Esgotos
314810,Patrocínio,92116,92116,7582.00,7582.00,0.00,7582.00,92116,3633.00,3542.00,4910,160,4085,2935,724,0,,31481011,Departamento de Água e Esgoto de Patrocínio,DAEPA,Local,Autarquia,Água e Esgoto
314820,Patrocínio do Muriaé,5744,4628,400.87,200.44,200.43,400.87,,,,1851,0,1865,2,133,0,,31062000,Companhia de Saneamento de Minas Gerais,COPASA,Regional,Sociedade de economia mista com administração pública,Água
314830,Paula Cândido,9597,5163,296.40,258.89,37.51,296.40,,,,995,0,957,0,259,5,,31062000,Companhia de Saneamento de Minas Gerais,COPASA,Regional,Sociedade de economia mista com administração pública,Água
314830,Paula Cândido,9597,,,,,,5500,1000.00,0.00,,,,,,,,31483011,Prefeitura Municipal de Paula Candido,PMPC,Local,Administração pública direta,Esgoto
314840,Paulistas,4794,2333,147.69,147.69,0.00,147.69,,,,4739,1,4739,2,166,0,,31062000,Companhia de Saneamento de Minas Gerais,COPASA,Regional,Sociedade de economia mista com administração pública,Água
314850,Pavão,8390,5069,267.12,234.15,32.97,267.12,4977,120.37,120.37,4580,119,4598,9,304,0,,31686000,Copasa Serviços de Saneamento Integrado do Norte e Nordeste de Minas Gerais S/A,COPANOR,Regional,Empresa pública,Água e Esgotos
314860,Peçanha,17534,8887,636.53,318.27,318.26,636.53,,,,4755,217,4759,74,268,2,,31062000,Companhia de Saneamento de Minas Gerais,COPASA,Regional,Sociedade de economia mista com administração pública,Água
314860,Peçanha,17534,,,,,,10000,1700.00,0.00,,,,,,,,31486011,Prefeitura Municipal de Peçanha,PMP,Local,Administração pública direta,Esgoto
314870,Pedra Azul,24333,17622,995.77,995.77,0.00,995.77,16399,482.53,459.38,4234,86,4231,1,392,14,,31062000,Companhia de Saneamento de Minas Gerais,COPASA,Regional,Sociedade de economia mista com administração pública,Água e Esgotos
314880,Pedra do Anta,2960,2011,147.51,0.00,147.51,147.51,,,,1210,1,1190,0,146,5,,31062000,Companhia de Saneamento de Minas Gerais,COPASA,Regional,Sociedade de economia mista com administração pública,Água
314880,Pedra do Anta,2960,,,,,,1928,77.74,0.00,,,,,,,,31488011,Prefeitura Municipal de Pedra do Anta,PMPA,Local,Administração pública direta,Esgoto
314890,Pedra do Indaiá,3977,2098,160.49,160.49,0.00,160.49,,,,2400,0,2400,0,144,0,,31062000,Companhia de Saneamento de Minas Gerais,COPASA,Regional,Sociedade de economia mista com administração pública,Água
314890,Pedra do Indaiá,3977,,,,,,2000,66.00,66.00,,,,,,,,31489011,Prefeitura Municipal de Pedra do Indaiá,PMPI,Local,Administração pública direta,Esgoto
314900,Pedra Dourada,2559,1520,170.00,85.00,85.00,0.00,1520,160.00,23.00,4,0,180,0,180,180,,31490011,Prefeitura Municipal de Pedra Dourada,PMPD,Local,Administração pública direta,Água e Esgoto
314910,Pedralva,11098,5452,413.13,206.57,206.56,413.13,4828,185.15,185.15,2861,0,2839,0,156,2,,31062000,Companhia de Saneamento de Minas Gerais,COPASA,Regional,Sociedade de economia mista com administração pública,Água e Esgotos
314915,Pedras de Maria da Cruz,12313,6431,318.04,318.04,0.00,318.04,1401,37.12,37.12,4021,0,4022,0,165,1,,31062000,Companhia de Saneamento de Minas Gerais,COPASA,Regional,Sociedade de economia mista com administração pública,Água e Esgotos
314920,Pedrinópolis,3651,2629,253.33,0.00,253.33,253.33,,,,498,0,498,0,133,0,,31062000,Companhia de Saneamento de Minas Gerais,COPASA,Regional,Sociedade de economia mista com administração pública,Água
314920,Pedrinópolis,3651,,,,,,3262,79.25,72.50,,,,,,,,31492011,Prefeitura Municipal de Pedrinópolis,PMP,Local,Administração pública direta,Esgoto
314930,Pedro Leopoldo,65149,54288,5961.00,3576.60,2384.40,5961.00,41145,1732.93,872.52,6372,4,6370,5,822,18,,31062000,Companhia de Saneamento de Minas Gerais,COPASA,Regional,Sociedade de economia mista com administração pública,Água e Esgotos
314940,Pedro Teixeira,1804,1200,99.63,0.00,25.00,0.00,1200,63.55,45.62,65,0,56,0,12,0,,31494011,Prefeitura Municipal de Pedro Teixeira,PMPT,Local,Administração pública direta,Água e Esgoto
314950,Pequeri,3340,2788,281.80,140.90,140.90,281.80,,,,2661,11,2675,6,130,3,,31062000,Companhia de Saneamento de Minas Gerais,COPASA,Regional,Sociedade de economia mista com administração pública,Água
314960,Pequi,4457,4457,620.59,330.94,289.65,330.94,2570,380.00,66.00,6692,497,7154,7,935,0,,31496011,Prefeitura Municipal de Pequi,PMP,Local,Administração pública direta,Água e Esgoto
314970,Perdigão,11994,9568,628.91,628.91,0.00,628.91,,,,5335,0,5335,0,229,0,,31062000,Companhia de Saneamento de Minas Gerais,COPASA,Regional,Sociedade de economia mista com administração pública,Água
314970,Perdigão,11994,,,,,,11800,500.00,0.00,,,,,,,,31497011,Prefeitura Municipal de Perdigão,PMP,Local,Administração pública direta,Esgoto
314980,Perdizes,16469,10984,891.69,891.69,0.00,891.69,,,,7004,0,7001,1,280,0,,31062000,Companhia de Saneamento de Minas Gerais,COPASA,Regional,Sociedade de economia mista com administração pública,Água
314980,Perdizes,16469,,,,,,16469,876.00,876.00,,,,,,,,31498011,Prefeitura Municipal de Perdizes,PMP,Local,Administração pública direta,Esgoto
314990,Perdões,21577,17984,1388.35,1341.77,46.58,1388.35,15892,699.27,0.00,4696,0,4657,0,688,0,,31062000,Companhia de Saneamento de Minas Gerais,COPASA,Regional,Sociedade de economia mista com administração pública,Água e Esgotos
314995,Periquito,6738,4469,438.47,334.25,104.22,438.47,,,,4883,1,4795,3,503,1,,31062000,Companhia de Saneamento de Minas Gerais,COPASA,Regional,Sociedade de economia mista com administração pública,Água
314995,Periquito,6738,,,,,,6738,246.00,39.00,,,,,,,,31499511,Prefeitura Municipal de Periquito,PMP,Local,Administração pública direta,Esgoto
315000,Pescador,4261,3071,154.88,154.88,0.00,154.88,,,,4150,1,4135,0,193,0,,31686000,Copasa Serviços de Saneamento Integrado do Norte e Nordeste de Minas Gerais S/A,COPANOR,Regional,Empresa pública,Água
315015,Piedade de Caratinga,8832,5338,276.27,276.27,0.00,276.27,,,,1952,3,1953,13,136,0,,31062000,Companhia de Saneamento de Minas Gerais,COPASA,Regional,Sociedade de economia mista com administração pública,Água
315020,Piedade de Ponte Nova,4141,3045,220.36,220.36,0.00,220.36,,,,2412,0,2412,0,109,0,,31062000,Companhia de Saneamento de Minas Gerais,COPASA,Regional,Sociedade de economia mista com administração pública,Água
315030,Piedade do Rio Grande,4436,3013,240.71,0.00,240.71,240.71,,,,973,0,957,0,309,0,,31062000,Companhia de Saneamento de Minas Gerais,COPASA,Regional,Sociedade de economia mista com administração pública,Água
315040,Piedade dos Gerais,5034,2278,173.82,57.94,115.88,173.82,,,,4050,2,4043,20,112,0,,31062000,Companhia de Saneamento de Minas Gerais,COPASA,Regional,Sociedade de economia mista com administração pública,Água
315050,Pimenta,8715,8600,800.00,0.00,666.47,0.00,7600,600.00,600.00,2244,0,2591,0,300,0,,31505011,Serviço Autônomo de Água e Esgoto,SAAE,Local,Autarquia,Água e Esgoto
315053,Pingo-d Água,5029,4272,250.41,250.41,0.00,250.41,,,,2475,0,2451,0,108,1,,31062000,Companhia de Saneamento de Minas Gerais,COPASA,Regional,Sociedade de economia mista com administração pública,Água
315053,Pingo-d Água,5029,,,,,,5000,500.00,0.00,,,,,,,,31505311,Prefeitura Municipal de Pingo-D'Água,PMPA,Local,Administração pública direta,Esgoto
315057,Pintópolis,7540,2660,153.42,0.00,153.42,153.42,,,,857,0,857,0,133,0,,31062000,Companhia de Saneamento de Minas Gerais,COPASA,Regional,Sociedade de economia mista com administração pública,Água
315057,Pintópolis,7540,,,,,,7540,100.00,100.00,,,,,,,,31505711,Prefeitura Municipal de Pintópolis,PMP,Local,Administração pública direta,Esgoto
315060,Piracema,6386,3900,820.00,500.80,12.05,0.00,2700,330.00,0.00,4500,100,4500,150,240,2,,31506011,Prefeitura Municipal de Piracema,PMP,Local,Administração pública direta,Água e Esgoto
315070,Pirajuba,6491,4567,332.79,0.00,332.79,332.79,4640,228.20,57.80,476,0,209,0,111,0,,31062000,Companhia de Saneamento de Minas Gerais,COPASA,Regional,Sociedade de economia mista com administração pública,Água e Esgotos
315080,Piranga,17641,5666,410.23,410.23,0.00,410.23,,,,2437,0,2437,5,142,0,,31062000,Companhia de Saneamento de Minas Gerais,COPASA,Regional,Sociedade de economia mista com administração pública,Água
315080,Piranga,17641,,,,,,5300,544.74,108.88,,,,,,,,31508011,Prefeitura Municipal de Piranga,PMP,Local,Administração pública direta,Esgoto
315090,Piranguçu,5504,1873,230.91,230.91,0.00,230.91,,,,2692,1,2688,2,160,1,,31062000,Companhia de Saneamento de Minas Gerais,COPASA,Regional,Sociedade de economia mista com administração pública,Água
315090,Piranguçu,5504,,,,,,3495,71.00,0.00,,,,,,,,31509011,Prefeitura Municipal de Piranguçu,PMP,Local,Administração pública direta,Esgoto
315100,Piranguinho,8683,5312,568.08,553.44,14.64,568.08,,,,10379,1,10371,4,351,4,,31062000,Companhia de Saneamento de Minas Gerais,COPASA,Regional,Sociedade de economia mista com administração pública,Água
315100,Piranguinho,8683,,,,,,5365,203.53,0.00,,,,,,,,31510011,Prefeitura Municipal de Piranguinho,PMP,Local,Administração pública direta,Esgoto
315110,Pirapetinga,10791,7996,642.01,642.01,0.00,642.01,7291,326.83,0.00,8456,1,8447,2,250,3,,31062000,Companhia de Saneamento de Minas Gerais,COPASA,Regional,Sociedade de economia mista com administração pública,Água e Esgotos
315120,Pirapora,56845,55223,6943.26,6943.26,0.00,6943.26,26314,1261.00,1261.00,7112,11,7098,465,821,21,,31512011,Serviço Autônomo de Água e Esgoto,SAAE,Local,Autarquia,Água e Esgoto
315130,Piraúba,10732,7805,667.75,0.00,667.75,667.75,,,,464,0,416,1,333,6,,31062000,Companhia de Saneamento de Minas Gerais,COPASA,Regional,Sociedade de economia mista com administração pública,Água
315130,Piraúba,10732,,,,,,10032,470.06,0.00,,,,,,,,31513011,Prefeitura Municipal de Piraúba,PMP,Local,Administração pública direta,Esgoto
315140,Pitangui,28433,23465,1901.98,1901.98,0.00,1901.98,,,,4679,0,4676,4,480,1,,31062000,Companhia de Saneamento de Minas Gerais,COPASA,Regional,Sociedade de economia mista com administração pública,Água
315150,Piumhi,35137,31479,4057.30,4057.30,0.00,0.00,31479,1766.59,1766.59,5369,33,5369,96,672,10,,31515011,Serviço Autônomo de Água e Esgoto,SAAE,Local,Autarquia,Água e Esgoto
315160,Planura,12445,11444,896.42,448.21,448.21,896.42,,,,4947,0,4947,0,279,0,,31062000,Companhia de Saneamento de Minas Gerais,COPASA,Regional,Sociedade de economia mista com administração pública,Água
315160,Planura,12445,,,,,,12100,980.00,980.00,,,,,,,,31516011,Prefeitura Municipal de Planura,PMP,Local,Administração pública direta,Esgoto
315170,Poço Fundo,16900,8997,634.00,634.00,0.00,634.00,,,,3784,0,3768,0,210,2,,31062000,Companhia de Saneamento de Minas Gerais,COPASA,Regional,Sociedade de economia mista com administração pública,Água
315180,Poços de Caldas,169838,169838,17654.65,17415.76,238.89,17415.76,169838,10187.63,10187.63,15351,148,15761,39,3426,17,,31518011,Departamento Municipal de Água e Esgoto,DMAE,Local,Autarquia,Água e Esgoto
315190,Pocrane,8288,6200,1300.00,850.00,0.00,0.00,5100,900.00,0.00,6231,50,14865,2537,433,0,,31519012,SERVIÇO AUTÔNOMO DE ÁGUA E ESGOTO,SAAE,Local,Autarquia,Água e Esgoto
315200,Pompéu,32248,25433,2537.45,1268.73,1268.72,2537.45,,,,9519,0,9523,9,614,0,,31062000,Companhia de Saneamento de Minas Gerais,COPASA,Regional,Sociedade de economia mista com administração pública,Água
315200,Pompéu,32248,,,,,,27379,1916.53,0.00,,,,,,,,31520011,Prefeitura Municipal de Pompeu,PMP,Local,Administração pública direta,Esgoto
315210,Ponte Nova,60003,60003,7415.00,7155.00,260.00,7155.00,60003,2694.14,0.00,6286,4,6286,6,1936,2,,31521011,"Departamento Municipal de Água, Esgoto e Saneamento",DMAES,Local,Autarquia,Água e Esgoto
315213,Ponto Chique,4305,2581,160.77,0.00,160.77,160.77,,,,507,0,480,0,133,3,,31062000,Companhia de Saneamento de Minas Gerais,COPASA,Regional,Sociedade de economia mista com administração pública,Água
315213,Ponto Chique,4305,,,,,,4236,45.00,0.00,,,,,,,,31521311,Prefeitura Municipal de Ponto Chique,PMPC,Local,Administração pública direta,Esgoto
315217,Ponto dos Volantes,12235,4960,446.98,255.93,191.05,255.93,,,,8031,2,8030,173,355,0,,31686000,Copasa Serviços de Saneamento Integrado do Norte e Nordeste de Minas Gerais S/A,COPANOR,Regional,Empresa pública,Água
315220,Porteirinha,37823,19911,1868.21,1868.21,0.00,1868.21,7353,347.90,341.18,14213,28,14148,37,1151,0,,31062000,Companhia de Saneamento de Minas Gerais,COPASA,Regional,Sociedade de economia mista com administração pública,Água e Esgotos
315230,Porto Firme,11414,5215,379.62,0.00,379.62,379.62,,,,555,1,517,0,170,0,,31062000,Companhia de Saneamento de Minas Gerais,COPASA,Regional,Sociedade de economia mista com administração pública,Água
315240,Poté,16675,7923,419.40,419.40,0.00,419.40,6460,190.90,0.00,6503,4,6513,26,176,0,,31062000,Companhia de Saneamento de Minas Gerais,COPASA,Regional,Sociedade de economia mista com administração pública,Água e Esgotos
315240,Poté,16675,1537,69.13,44.84,24.29,0.00,1537,35.23,26.23,746,0,758,17,291,1,,31686000,Copasa Serviços de Saneamento Integrado do Norte e Nordeste de Minas Gerais S/A,COPANOR,Regional,Empresa pública,Água e Esgotos
315250,Pouso Alegre,154293,134717,11731.92,7815.43,3916.49,11731.92,134717,5885.91,5853.49,21539,5,21688,45,1413,44,,31062000,Companhia de Saneamento de Minas Gerais,COPASA,Regional,Sociedade de economia mista com administração pública,Água e Esgotos
315270,Prados,9128,6382,374.07,0.00,374.07,374.07,6315,188.88,188.88,607,0,595,0,238,0,,31062000,Companhia de Saneamento de Minas Gerais,COPASA,Regional,Sociedade de economia mista com administração pública,Água e Esgotos
315280,Prata,28173,18814,1654.95,1654.95,0.00,1654.95,,,,5750,0,5740,0,468,0,,31062000,Companhia de Saneamento de Minas Gerais,COPASA,Regional,Sociedade de economia mista com administração pública,Água
315280,Prata,28173,,,,,,22017,1209.00,1209.00,,,,,,,,31528011,Prefeitura Municipal de Prata,PMP,Local,Administração pública direta,Esgoto
315290,Pratápolis,8530,7500,960.00,743.12,0.00,0.00,6819,743.12,0.00,4200,6,4200,5,4200,2,,31529011,Prefeitura Municipal de Pratápolis,PMP,Local,Administração pública direta,Água e Esgoto
315300,Pratinha,3658,2100,220.00,220.00,0.00,0.00,2100,140.00,0.00,48,0,12,0,48,0,,31530011,Prefeitura Municipal de Pratinha,PMP,Local,Administração pública direta,Água e Esgoto
315310,Presidente Bernardes,5315,1649,141.05,141.05,0.00,141.05,1473,55.60,0.00,2714,0,2718,0,112,0,,31062000,Companhia de Saneamento de Minas Gerais,COPASA,Regional,Sociedade de economia mista com administração pública,Água e Esgotos
315320,Presidente Juscelino,3572,1808,157.77,157.77,0.00,157.77,,,,543,0,543,1,176,0,,31062000,Companhia de Saneamento de Minas Gerais,COPASA,Regional,Sociedade de economia mista com administração pública,Água
315320,Presidente Juscelino,3572,,,,,,1730,31.00,0.00,,,,,,,,31532011,Prefeitura Municipal de Presidente Juscelino,PMPJ,Local,Administração pública direta,Esgoto
315330,Presidente Kubitschek,3000,2068,254.00,0.00,0.00,0.00,2065,208.00,196.00,370,16,50,0,120,0,,31533011,Prefeitura Municipal de Presidente Kubitschek,PMPK,Local,Administração pública direta,Água e Esgoto
315340,Presidente Olegário,19680,13873,870.31,420.31,450.00,870.31,,,,4764,0,4764,0,609,0,,31062000,Companhia de Saneamento de Minas Gerais,COPASA,Regional,Sociedade de economia mista com administração pública,Água
315340,Presidente Olegário,19680,,,,,,13199,1504.00,0.00,,,,,,,,31534011,Prefeitura Municipal de Presidente Olegário,PMPO,Local,Administração pública direta,Esgoto
315360,Prudente de Morais,10931,9271,892.54,0.00,892.54,892.54,6064,279.37,279.37,1541,0,1480,64,340,0,,31062000,Companhia de Saneamento de Minas Gerais,COPASA,Regional,Sociedade de economia mista com administração pública,Água e Esgotos
315370,Quartel Geral,3603,2781,190.57,95.29,95.28,190.57,843,34.86,0.00,546,0,545,0,173,0,,31062000,Companhia de Saneamento de Minas Gerais,COPASA,Regional,Sociedade de economia mista com administração pública,Água e Esgotos
315380,Queluzito,1948,1897,215.00,0.00,210.00,0.00,995,32.00,0.00,12,0,1,0,36,12,,31538011,Prefeitura Municipal de Queluzito,PMQ,Local,Administração pública direta,Água e Esgoto
315390,Raposos,16501,13833,1439.07,1439.07,0.00,1439.07,11707,518.19,518.19,4693,0,4681,0,321,3,,31062000,Companhia de Saneamento de Minas Gerais,COPASA,Regional,Sociedade de economia mista com administração pública,Água e Esgotos
315400,Raul Soares,23663,22176,1330.23,1159.15,171.08,1159.15,17577,814.02,0.00,9688,62,7283,49,823,4,,31540011,Serviço Autônomo de Água e Esgoto,SAAE,Local,Autarquia,Água e Esgoto
315410,Recreio,10522,10518,687.30,687.30,0.00,687.30,9266,467.00,45.00,3720,18,3720,185,330,49,,31541011,Serviço Autônomo de Água e Esgoto,SAAE,Local,Autarquia,Água e Esgoto
315415,Reduto,7247,7100,647.09,0.00,647.09,647.09,4816,280.22,0.00,8200,148,7303,103,195,1,,31541511,Prefeitura Municipal de Reduto,PMR,Local,Administração pública direta,Água e Esgoto
315420,Resende Costa,11578,8475,571.18,571.18,0.00,571.18,4074,160.99,160.99,6878,0,6865,0,289,0,,31062000,Companhia de Saneamento de Minas Gerais,COPASA,Regional,Sociedade de economia mista com administração pública,Água e Esgotos
315430,Resplendor,17396,10259,851.80,851.80,0.00,851.80,7870,423.38,423.38,6773,10,6582,7,571,0,,31062000,Companhia de Saneamento de Minas Gerais,COPASA,Regional,Sociedade de economia mista com administração pública,Água e Esgotos
315440,Ressaquinha,4826,3119,167.68,55.89,111.79,167.68,,,,2418,0,2386,0,112,0,,31062000,Companhia de Saneamento de Minas Gerais,COPASA,Regional,Sociedade de economia mista com administração pública,Água
315445,Riachinho,8132,4487,208.48,208.48,0.00,208.48,,,,2508,0,2505,0,132,0,,31062000,Companhia de Saneamento de Minas Gerais,COPASA,Regional,Sociedade de economia mista com administração pública,Água
315450,Riacho dos Machados,9471,4641,193.20,101.65,91.55,193.20,2712,92.61,92.61,4962,6,4938,13,327,2,,31062000,Companhia de Saneamento de Minas Gerais,COPASA,Regional,Sociedade de economia mista com administração pública,Água e Esgotos
315460,Ribeirão das Neves,341415,275947,30372.22,30372.22,0.00,30372.22,242704,8816.45,7148.22,11392,2,11381,35,2137,24,,31062000,Companhia de Saneamento de Minas Gerais,COPASA,Regional,Sociedade de economia mista com administração pública,Água e Esgotos
315470,Ribeirão Vermelho,4061,3609,266.57,266.57,0.00,266.57,,,,2393,15,2395,0,167,0,,31062000,Companhia de Saneamento de Minas Gerais,COPASA,Regional,Sociedade de economia mista com administração pública,Água
315470,Ribeirão Vermelho,4061,,,,,,3748,113.00,0.00,,,,,,,,31547011,Prefeitura Municipal de Ribeirão Vermelho,PMRV,Local,Administração pública direta,Esgoto
315480,Rio Acima,10524,10420,2092.00,2092.00,0.00,0.00,9106,628.00,0.00,88,0,88,0,20,1,,31548011,Prefeitura Municipal de Rio Acima,PMRA,Local,Administração pública direta,Água e Esgoto
315490,Rio Casca,13384,9519,726.55,726.55,0.00,726.55,7633,310.31,0.00,8389,0,8390,0,212,1,,31062000,Companhia de Saneamento de Minas Gerais,COPASA,Regional,Sociedade de economia mista com administração pública,Água e Esgotos
315510,Rio do Prado,5117,2885,252.69,192.15,60.54,252.69,1928,93.64,0.00,3001,5,3001,0,194,0,,31686000,Copasa Serviços de Saneamento Integrado do Norte e Nordeste de Minas Gerais S/A,COPANOR,Regional,Empresa pública,Água e Esgotos
315500,Rio Doce,2630,2594,290.00,290.00,0.00,0.00,2594,160.00,150.00,2500,2,2500,6,240,0,,31550011,Prefeitura Municipal de Rio Doce,PMRD,Local,Administração pública direta,Água e Esgoto
315520,Rio Espera,5332,1705,121.19,121.19,0.00,121.19,,,,1546,0,1546,0,112,0,,31062000,Companhia de Saneamento de Minas Gerais,COPASA,Regional,Sociedade de economia mista com administração pública,Água
315530,Rio Manso,5924,3075,304.51,115.75,188.76,304.51,,,,3218,4,3130,0,258,2,,31062000,Companhia de Saneamento de Minas Gerais,COPASA,Regional,Sociedade de economia mista com administração pública,Água
315540,Rio Novo,8964,6695,537.45,537.45,0.00,537.45,,,,2037,1,2398,27,237,3,,31062000,Companhia de Saneamento de Minas Gerais,COPASA,Regional,Sociedade de economia mista com administração pública,Água
315540,Rio Novo,8964,,,,,,8857,500.00,0.00,,,,,,,,31554011,Prefeitura Municipal de Rio Novo,PMRN,Local,Administração pública direta,Esgoto
315550,Rio Paranaíba,12356,7642,672.54,672.54,0.00,672.54,,,,1921,0,1923,0,240,2,,31062000,Companhia de Saneamento de Minas Gerais,COPASA,Regional,Sociedade de economia mista com administração pública,Água
315560,Rio Pardo de Minas,31171,11033,596.68,596.68,0.00,596.68,4192,127.63,127.63,6148,0,6150,14,247,7,,31062000,Companhia de Saneamento de Minas Gerais,COPASA,Regional,Sociedade de economia mista com administração pública,Água e Esgotos
315570,Rio Piracicaba,14325,10589,983.25,920.39,62.86,983.25,,,,8286,0,8198,135,410,4,,31062000,Companhia de Saneamento de Minas Gerais,COPASA,Regional,Sociedade de economia mista com administração pública,Água
315570,Rio Piracicaba,14325,,,,,,14100,849.00,0.00,,,,,,,,31557011,Prefeitura Municipal de Rio Piracicaba,PMRP,Local,Administração pública direta,Esgoto
315580,Rio Pomba,18007,14253,1223.90,1223.90,0.00,1223.90,,,,4445,1,4378,0,425,4,,31062000,Companhia de Saneamento de Minas Gerais,COPASA,Regional,Sociedade de economia mista com administração pública,Água
315580,Rio Pomba,18007,,,,,,15715,1020.00,0.00,,,,,,,,31558011,Prefeitura Municipal de Rio Pomba,PMRP,Local,Administração pública direta,Esgoto
315590,Rio Preto,5493,5000,795.00,750.00,0.00,0.00,,,,0,0,0,0,108,0,,31559011,Prefeitura Municipal de Rio Preto,PMRP,Local,Administração pública direta,Água
315600,Rio Vermelho,12635,4950,256.85,256.85,0.00,256.85,,,,3831,0,3828,14,199,0,,31062000,Companhia de Saneamento de Minas Gerais,COPASA,Regional,Sociedade de economia mista com administração pública,Água
315600,Rio Vermelho,12635,,,,,,6030,267.63,0.00,,,,,,,,31560011,Prefeitura Municipal de Rio Vermelho,PMRV,Local,Administração pública direta,Esgoto
315610,Ritápolis,4521,3265,274.37,274.37,0.00,274.37,,,,2844,0,2837,0,160,0,,31062000,Companhia de Saneamento de Minas Gerais,COPASA,Regional,Sociedade de economia mista com administração pública,Água
315620,Rochedo de Minas,2335,2100,420.00,420.00,0.00,420.00,2100,350.00,0.00,6,6,4,0,4,4,,31562011,Prefeitura Municipal de Rochedo de Minas,PMRM,Local,Administração pública direta,Água e Esgoto
315630,Rodeiro,8333,6357,520.94,260.47,260.47,520.94,,,,2014,0,1981,1,196,6,,31062000,Companhia de Saneamento de Minas Gerais,COPASA,Regional,Sociedade de economia mista com administração pública,Água
315630,Rodeiro,8333,,,,,,8181,445.37,90.00,,,,,,,,31563011,Prefeitura Municipal de Rodeiro,PMR,Local,Administração pública direta,Esgoto
315645,Rosário da Limeira,4648,2476,144.34,144.34,0.00,144.34,,,,3796,0,3803,0,126,0,,31062000,Companhia de Saneamento de Minas Gerais,COPASA,Regional,Sociedade de economia mista com administração pública,Água
315645,Rosário da Limeira,4648,,,,,,3030,192.20,0.00,,,,,,,,31564511,Prefeitura Municipal de Rosário da Limeira,PMRL,Local,Administração pública direta,Esgoto
315650,Rubelita,5609,3560,235.20,171.02,64.18,235.20,1210,46.11,46.11,7140,1,7001,1,677,1,,31686000,Copasa Serviços de Saneamento Integrado do Norte e Nordeste de Minas Gerais S/A,COPANOR,Regional,Empresa pública,Água e Esgotos
315660,Rubim,10269,6627,323.54,323.54,0.00,323.54,,,,2339,0,2337,0,184,0,,31062000,Companhia de Saneamento de Minas Gerais,COPASA,Regional,Sociedade de economia mista com administração pública,Água
315660,Rubim,10269,670,32.05,32.05,0.00,0.00,,,,2104,2,2108,196,109,0,,31686000,Copasa Serviços de Saneamento Integrado do Norte e Nordeste de Minas Gerais S/A,COPANOR,Regional,Empresa pública,Água
315660,Rubim,10269,,,,,,7700,1386.00,262.40,,,,,,,,31566011,Prefeitura Municipal de Rubim,PMR,Local,Administração pública direta,Esgoto
315670,Sabará,137877,105627,15054.05,7527.03,7527.02,15054.05,86899,3552.41,0.00,11628,3,11575,2,1442,90,,31062000,Companhia de Saneamento de Minas Gerais,COPASA,Regional,Sociedade de economia mista com administração pública,Água e Esgotos
315680,Sabinópolis,15364,9917,1140.90,1140.90,0.00,1140.90,6827,667.00,0.00,3979,41,4472,518,293,3,,31568011,Serviço Autônomo de Água e Esgoto,SAAE,Local,Autarquia,Água e Esgoto
315690,Sacramento,26556,26556,2373.38,1055.60,1317.78,1317.78,26556,1577.76,1577.76,9264,515,9264,1720,600,0,,31569011,Serviço Autônomo de Água e Esgoto de Sacramento,SAAE,Local,Autarquia,Água e Esgoto
315700,Salinas,41864,30502,2066.55,2066.55,0.00,2066.55,24736,946.49,926.20,9350,1,9350,10,537,3,,31062000,Companhia de Saneamento de Minas Gerais,COPASA,Regional,Sociedade de economia mista com administração pública,Água e Esgotos
315700,Salinas,41864,5802,428.48,428.48,0.00,428.48,1632,71.55,71.55,6053,1,6053,3,2300,1,,31686000,Copasa Serviços de Saneamento Integrado do Norte e Nordeste de Minas Gerais S/A,COPANOR,Regional,Empresa pública,Água e Esgotos
315710,Salto da Divisa,7014,5376,401.28,401.28,0.00,401.28,,,,2473,1,2472,1,138,1,,31062000,Companhia de Saneamento de Minas Gerais,COPASA,Regional,Sociedade de economia mista com administração pública,Água
315720,Santa Bárbara,31873,23175,1862.66,620.89,1241.77,1862.66,,,,13579,2,13480,4,452,2,,31062000,Companhia de Saneamento de Minas Gerais,COPASA,Regional,Sociedade de economia mista com administração pública,Água
315720,Santa Bárbara,31873,,,,,,29349,1060.82,0.00,,,,,,,,31572011,Prefeitura Municipal de Santa Bárbara,PMSB,Local,Administração pública direta,Esgoto
315725,Santa Bárbara do Leste,8212,4232,200.47,200.47,0.00,200.47,,,,2098,19,2099,9,99,0,,31062000,Companhia de Saneamento de Minas Gerais,COPASA,Regional,Sociedade de economia mista com administração pública,Água
315730,Santa Bárbara do Tugúrio,4385,2084,126.90,126.90,0.00,126.90,,,,1686,1,1668,0,126,0,,31062000,Companhia de Saneamento de Minas Gerais,COPASA,Regional,Sociedade de economia mista com administração pública,Água
315733,Santa Cruz de Minas,8723,8723,1063.66,1063.66,0.00,1063.66,8723,904.11,0.00,204,0,204,3,204,1,,31573311,Prefeitura Municipal de Santa Cruz de Minas,PMSCM,Local,Administração pública direta,Água e Esgoto
315737,Santa Cruz de Salinas,4074,1745,153.52,105.63,47.89,153.52,1066,40.97,40.97,3528,0,3529,58,621,0,,31686000,Copasa Serviços de Saneamento Integrado do Norte e Nordeste de Minas Gerais S/A,COPANOR,Regional,Empresa pública,Água e Esgotos
315740,Santa Cruz do Escalvado,4693,1323,88.14,88.14,0.00,88.14,,,,458,0,458,0,93,0,,31062000,Companhia de Saneamento de Minas Gerais,COPASA,Regional,Sociedade de economia mista com administração pública,Água
315740,Santa Cruz do Escalvado,4693,,,,,,2700,97.00,0.00,,,,,,,,31574011,Prefeitura Municipal de Santa Cruz do Escalvado,PMSCE,Local,Administração pública direta,Esgoto
315750,Santa Efigênia de Minas,4354,2565,142.64,142.64,0.00,142.64,,,,2549,8,2524,270,126,0,,31062000,Companhia de Saneamento de Minas Gerais,COPASA,Regional,Sociedade de economia mista com administração pública,Água
315760,Santa Fé de Minas,3806,1935,128.53,128.53,0.00,128.53,,,,1172,0,1172,1,143,0,,31062000,Companhia de Saneamento de Minas Gerais,COPASA,Regional,Sociedade de economia mista com administração pública,Água
315765,Santa Helena de Minas,6406,3268,173.52,172.56,0.00,172.56,3268,94.67,94.67,4522,2,4523,4,201,0,,31686000,Copasa Serviços de Saneamento Integrado do Norte e Nordeste de Minas Gerais S/A,COPANOR,Regional,Empresa pública,Água e Esgotos
315770,Santa Juliana,14497,11286,1033.29,0.00,1033.29,1033.29,,,,651,0,646,0,286,5,,31062000,Companhia de Saneamento de Minas Gerais,COPASA,Regional,Sociedade de economia mista com administração pública,Água
315770,Santa Juliana,14497,,,,,,14497,2138.00,2100.00,,,,,,,,31577011,Prefeitura Municipal de Santa Juliana,PMSJ,Local,Administração pública direta,Esgoto
315780,Santa Luzia,221705,169077,21875.69,14583.79,7291.90,21875.69,150705,6096.57,5163.78,7048,0,7051,11,1829,11,,31062000,Companhia de Saneamento de Minas Gerais,COPASA,Regional,Sociedade de economia mista com administração pública,Água e Esgotos
315790,Santa Margarida,16393,8182,502.14,275.53,226.61,502.14,,,,5591,0,5591,1,261,14,,31062000,Companhia de Saneamento de Minas Gerais,COPASA,Regional,Sociedade de economia mista com administração pública,Água
315790,Santa Margarida,16393,,,,,,8000,500.00,500.00,,,,,,,,31579011,Prefeitura Municipal de Santa Margarida,PMSM,Local,Administração pública direta,Esgoto
315800,Santa Maria de Itabira,10867,5702,434.39,434.39,0.00,434.39,,,,4235,0,4200,2,178,0,,31062000,Companhia de Saneamento de Minas Gerais,COPASA,Regional,Sociedade de economia mista com administração pública,Água
315800,Santa Maria de Itabira,10867,,,,,,8834,249.64,0.00,,,,,,,,31580011,Prefeitura Municipal de Santa Maria de Itabira,PMSMI,Local,Administração pública direta,Esgoto
315810,Santa Maria do Salto,5203,3571,203.96,203.96,0.00,203.96,3205,134.64,0.00,4151,0,4152,0,96,0,,31686000,Copasa Serviços de Saneamento Integrado do Norte e Nordeste de Minas Gerais S/A,COPANOR,Regional,Empresa pública,Água e Esgotos
315820,Santa Maria do Suaçuí,14607,9098,508.11,508.11,0.00,508.11,6567,218.58,0.00,6647,0,6647,6,445,2,,31062000,Companhia de Saneamento de Minas Gerais,COPASA,Regional,Sociedade de economia mista com administração pública,Água e Esgotos
315920,Santa Rita de Caldas,8900,5269,390.46,390.46,0.00,390.46,4396,212.47,0.00,5148,1,5144,1,257,2,,31062000,Companhia de Saneamento de Minas Gerais,COPASA,Regional,Sociedade de economia mista com administração pública,Água e Esgotos
315940,Santa Rita de Ibitipoca,3380,1586,110.96,110.96,0.00,110.96,,,,1786,1,1741,2,140,2,,31062000,Companhia de Saneamento de Minas Gerais,COPASA,Regional,Sociedade de economia mista com administração pública,Água
315935,Santa Rita de Minas,7322,5066,271.02,271.02,0.00,271.02,,,,2363,0,2363,48,131,1,,31062000,Companhia de Saneamento de Minas Gerais,COPASA,Regional,Sociedade de economia mista com administração pública,Água
315950,Santa Rita do Itueto,5426,2209,160.01,160.01,0.00,160.01,,,,4134,13,4133,68,193,0,,31062000,Companhia de Saneamento de Minas Gerais,COPASA,Regional,Sociedade de economia mista com administração pública,Água
315960,Santa Rita do Sapucaí,44226,36387,2519.70,2519.70,0.00,2519.70,35713,1395.09,1395.09,5362,1,5270,2,621,4,,31062000,Companhia de Saneamento de Minas Gerais,COPASA,Regional,Sociedade de economia mista com administração pública,Água e Esgotos
315970,Santa Rosa da Serra,3364,2072,205.97,205.97,0.00,205.97,,,,4093,0,4041,0,267,1,,31062000,Companhia de Saneamento de Minas Gerais,COPASA,Regional,Sociedade de economia mista com administração pública,Água
315980,Santa Vitória,19997,16167,1462.66,1306.03,156.63,1462.66,,,,5298,0,4867,16,517,0,,31062000,Companhia de Saneamento de Minas Gerais,COPASA,Regional,Sociedade de economia mista com administração pública,Água
315980,Santa Vitória,19997,,,,,,19730,796.00,0.00,,,,,,,,31598011,Prefeitura Municipal de Santa Vitória,PMSV,Local,Administração pública direta,Esgoto
315830,Santana da Vargem,7047,5311,308.52,308.52,0.00,308.52,5236,204.87,163.66,3164,1,3148,0,140,1,,31062000,Companhia de Saneamento de Minas Gerais,COPASA,Regional,Sociedade de economia mista com administração pública,Água e Esgotos
315840,Santana de Cataguases,3909,2975,199.92,99.96,99.96,199.92,,,,2366,0,2376,0,125,1,,31062000,Companhia de Saneamento de Minas Gerais,COPASA,Regional,Sociedade de economia mista com administração pública,Água
315840,Santana de Cataguases,3909,,,,,,3148,155.12,0.00,,,,,,,,31584011,Prefeitura Municipal de Santana de Catáguases,PMSC,Local,Administração pública direta,Esgoto
315850,Santana de Pirapama,7538,3313,251.24,0.00,251.24,251.24,,,,791,12,713,15,111,1,,31062000,Companhia de Saneamento de Minas Gerais,COPASA,Regional,Sociedade de economia mista com administração pública,Água
315850,Santana de Pirapama,7538,,,,,,2812,300.00,0.00,,,,,,,,31585011,Prefeitura Municipal de Santana de Pirapama,PMSP,Local,Administração pública direta,Esgoto
315860,Santana do Deserto,3985,1467,109.77,0.00,109.77,109.77,,,,1463,0,1473,0,125,0,,31062000,Companhia de Saneamento de Minas Gerais,COPASA,Regional,Sociedade de economia mista com administração pública,Água
315870,Santana do Garambéu,2494,2494,157.00,0.00,0.00,0.00,1844,37.00,0.00,10,0,10,0,10,0,,31587011,Prefeitura Municipal de Santana do Garambéu,PMSG,Local,Administração pública direta,Água e Esgoto
315880,Santana do Jacaré,4847,4271,309.02,309.02,0.00,309.02,,,,3614,0,3608,1,160,0,,31062000,Companhia de Saneamento de Minas Gerais,COPASA,Regional,Sociedade de economia mista com administração pública,Água
315880,Santana do Jacaré,4847,,,,,,4619,374.00,0.00,,,,,,,,31588011,Prefeitura Municipal de Santana do Jacaré,PMSJ,Local,Administração pública direta,Esgoto
315890,Santana do Manhuaçu,8660,3240,245.51,245.51,0.00,245.51,,,,2362,6,2345,10,105,1,,31062000,Companhia de Saneamento de Minas Gerais,COPASA,Regional,Sociedade de economia mista com administração pública,Água
315890,Santana do Manhuaçu,8660,,,,,,5292,140.00,0.00,,,,,,,,31589011,Prefeitura Municipal de Santana do Manhuaçu,PMSM,Local,Administração pública direta,Esgoto
315895,Santana do Paraíso,36048,30403,2645.60,1322.80,1322.80,2645.60,30403,1451.93,0.00,7025,1,6918,0,835,0,,31062000,Companhia de Saneamento de Minas Gerais,COPASA,Regional,Sociedade de economia mista com administração pública,Água e Esgotos
315900,Santana do Riacho,4334,1698,371.11,371.11,0.00,371.11,,,,2946,0,2942,4,221,0,,31062000,Companhia de Saneamento de Minas Gerais,COPASA,Regional,Sociedade de economia mista com administração pública,Água
315900,Santana do Riacho,4334,2810,385.00,310.00,75.00,75.00,,,,27,5,21,6,22,0,,31590011,Prefeitura Municipal de Santana do Riacho,PMSR,Local,Administração pública direta,Água
315910,Santana dos Montes,3753,3100,150.00,0.00,110.00,0.00,2800,80.00,0.00,240,0,240,0,240,0,,31591011,Prefeitura Municipal de Santana dos Montes,PMSM,Local,Administração pública direta,Água e Esgoto
315990,Santo Antônio do Amparo,18697,16371,1013.26,776.48,236.78,1013.26,16371,553.00,277.00,6260,0,6260,0,638,0,,31599012,Águas de Santo Antonio do Amparo,ASAP,Local,Empresa privada,Água e Esgoto
316000,Santo Antônio do Aventureiro,3602,2290,232.79,0.00,232.79,232.79,,,,968,2,984,3,261,4,,31062000,Companhia de Saneamento de Minas Gerais,COPASA,Regional,Sociedade de economia mista com administração pública,Água
316010,Santo Antônio do Grama,3861,3175,235.92,235.92,0.00,235.92,,,,3113,0,3113,130,105,0,,31062000,Companhia de Saneamento de Minas Gerais,COPASA,Regional,Sociedade de economia mista com administração pública,Água
316010,Santo Antônio do Grama,3861,,,,,,3800,650.00,0.00,,,,,,,,31601011,Prefeitura Municipal de Santo Antonio do Grama,PMSAG,Local,Administração pública direta,Esgoto
316020,Santo Antônio do Itambé,3763,1166,141.83,0.00,141.83,141.83,,,,520,0,517,0,154,0,,31062000,Companhia de Saneamento de Minas Gerais,COPASA,Regional,Sociedade de economia mista com administração pública,Água
316030,Santo Antônio do Jacinto,11570,6068,341.04,341.04,0.00,341.04,,,,2541,1,2541,2,146,0,,31062000,Companhia de Saneamento de Minas Gerais,COPASA,Regional,Sociedade de economia mista com administração pública,Água
316030,Santo Antônio do Jacinto,11570,,,,,,11570,1130.00,0.00,,,,,,,,31603011,Prefeitura Municipal de Santo Antônio do Jacinto,PMS,Local,Administração pública direta,Esgoto
316040,Santo Antônio do Monte,28603,23815,1689.19,1689.19,0.00,1689.19,22988,971.20,971.20,8727,1,8721,0,473,2,,31062000,Companhia de Saneamento de Minas Gerais,COPASA,Regional,Sociedade de economia mista com administração pública,Água e Esgotos
316045,Santo Antônio do Retiro,7316,1678,99.76,0.00,99.76,99.76,1456,47.82,47.82,1106,0,1106,0,133,0,,31062000,Companhia de Saneamento de Minas Gerais,COPASA,Regional,Sociedade de economia mista com administração pública,Água e Esgotos
316060,Santo Hipólito,3044,1953,171.62,0.00,171.62,171.62,,,,840,0,838,0,299,2,,31062000,Companhia de Saneamento de Minas Gerais,COPASA,Regional,Sociedade de economia mista com administração pública,Água
316070,Santos Dumont,46357,35050,2676.38,2676.38,0.00,2676.38,24555,945.43,0.00,5038,0,4926,3,714,4,,31062000,Companhia de Saneamento de Minas Gerais,COPASA,Regional,Sociedade de economia mista com administração pública,Água e Esgotos
316080,São Bento Abade,5411,4646,230.27,230.27,0.00,230.27,,,,3738,1,3735,0,117,0,,31062000,Companhia de Saneamento de Minas Gerais,COPASA,Regional,Sociedade de economia mista com administração pública,Água
316080,São Bento Abade,5411,,,,,,5285,230.00,0.00,,,,,,,,31608011,Prefeitura Municipal de São Bento Abade,PMSBA,Local,Administração pública direta,Esgoto
316090,São Brás do Suaçuí,3770,3322,292.61,195.07,97.54,292.61,,,,5192,0,5190,1,122,0,,31062000,Companhia de Saneamento de Minas Gerais,COPASA,Regional,Sociedade de economia mista com administração pública,Água
316095,São Domingos das Dores,5672,2331,130.38,130.38,0.00,130.38,,,,2329,0,2329,0,97,0,,31062000,Companhia de Saneamento de Minas Gerais,COPASA,Regional,Sociedade de economia mista com administração pública,Água
316100,São Domingos do Prata,17296,9558,738.34,738.34,0.00,738.34,,,,3686,0,3650,81,233,0,,31062000,Companhia de Saneamento de Minas Gerais,COPASA,Regional,Sociedade de economia mista com administração pública,Água
316100,São Domingos do Prata,17296,,,,,,10527,560.00,0.00,,,,,,,,31610011,Prefeitura Municipal de São Domingos do Prata,PMSDP,Local,Administração pública direta,Esgoto
316105,São Félix de Minas,3354,1906,126.59,0.00,126.59,126.59,1906,77.93,0.00,281,0,213,21,208,0,,31686000,Copasa Serviços de Saneamento Integrado do Norte e Nordeste de Minas Gerais S/A,COPANOR,Regional,Empresa pública,Água e Esgotos
316110,São Francisco,56625,32767,1990.87,1954.90,35.97,1990.87,17438,612.49,612.49,9575,2,9575,4,926,7,,31062000,Companhia de Saneamento de Minas Gerais,COPASA,Regional,Sociedade de economia mista com administração pública,Água e Esgotos
316120,São Francisco de Paula,6512,4728,246.95,246.95,0.00,246.95,,,,3314,0,3307,0,166,0,,31062000,Companhia de Saneamento de Minas Gerais,COPASA,Regional,Sociedade de economia mista com administração pública,Água
316120,São Francisco de Paula,6512,,,,,,4683,850.00,0.00,,,,,,,,31612011,Prefeitura Municipal de São Francisco de Paula,PMSFP,Local,Administração pública direta,Esgoto
316130,São Francisco de Sales,6309,4190,387.06,193.53,193.53,387.06,,,,3343,1,3336,0,129,0,,31062000,Companhia de Saneamento de Minas Gerais,COPASA,Regional,Sociedade de economia mista com administração pública,Água
316130,São Francisco de Sales,6309,,,,,,6300,701.00,0.00,,,,,,,,31613011,Prefeitura Municipal de São Francisco de Sales,PMSFS,Local,Administração pública direta,Esgoto
316140,São Francisco do Glória,4758,2878,302.00,299.98,1.00,0.00,1758,273.31,0.00,4440,105,4400,329,72,0,,31614011,Prefeitura Municipal de São Francisco do Glória,PMSFG,Local,Administração pública direta,Água e Esgoto
316150,São Geraldo,12751,7261,564.16,564.16,0.00,564.16,,,,1208,0,1171,0,182,2,,31062000,Companhia de Saneamento de Minas Gerais,COPASA,Regional,Sociedade de economia mista com administração pública,Água
316150,São Geraldo,12751,,,,,,9032,1625.00,0.00,,,,,,,,31615011,Prefeitura Municipal de São Geraldo,PMSG,Local,Administração pública direta,Esgoto
316160,São Geraldo da Piedade,3860,1200,40.00,40.00,0.00,0.00,1200,40.00,0.00,3000,0,3000,1,300,0,,31616011,Prefeitura Municipal de São Geraldo da Piedade,PMSGP,Local,Administração pública direta,Água e Esgoto
316165,São Geraldo do Baixio,4104,2850,302.00,200.00,0.00,200.00,2700,170.00,170.00,12,0,12,0,3,3,,31616511,Prefeitura Municipal de São Geraldo do Baixio,PMSGB,Local,Administração pública direta,Água e Esgoto
316170,São Gonçalo do Abaeté,8527,3677,243.98,243.98,0.00,243.98,3469,146.27,146.27,1809,0,1811,0,111,0,,31062000,Companhia de Saneamento de Minas Gerais,COPASA,Regional,Sociedade de economia mista com administração pública,Água e Esgotos
316180,São Gonçalo do Pará,12776,8345,574.49,574.49,0.00,574.49,,,,3887,10,3888,12,217,0,,31062000,Companhia de Saneamento de Minas Gerais,COPASA,Regional,Sociedade de economia mista com administração pública,Água
316180,São Gonçalo do Pará,12776,,,,,,11935,685.00,0.00,,,,,,,,31618011,Prefeitura Municipal de São Gonçalo do Pará,PMSGP,Local,Administração pública direta,Esgoto
316190,São Gonçalo do Rio Abaixo,11114,11114,2543.50,520.00,1953.96,0.00,11114,1612.00,0.00,365,0,12,0,12,0,,31619011,Prefeitura Municipal de São Gonçalo do Rio Abaixo,PMSGRA,Local,Administração pública direta,Água e Esgoto
312550,São Gonçalo do Rio Preto,3178,2083,154.66,154.66,0.00,154.66,2083,52.75,0.00,4021,8,4021,11,231,0,,31686000,Copasa Serviços de Saneamento Integrado do Norte e Nordeste de Minas Gerais S/A,COPANOR,Regional,Empresa pública,Água e Esgotos
316200,São Gonçalo do Sapucaí,25670,19024,1374.77,458.26,916.51,1374.77,,,,5859,2,5844,0,469,0,,31062000,Companhia de Saneamento de Minas Gerais,COPASA,Regional,Sociedade de economia mista com administração pública,Água
316200,São Gonçalo do Sapucaí,25670,,,,,,20059,3500.00,100.00,,,,,,,,31620011,Prefeitura Municipal de São Gonçalo do Sapucaí,PMSGS,Local,Administração pública direta,Esgoto
316210,São Gotardo,36084,32656,2923.75,2923.75,0.00,2923.75,31398,1612.85,791.54,8311,0,8311,0,685,1,,31062000,Companhia de Saneamento de Minas Gerais,COPASA,Regional,Sociedade de economia mista com administração pública,Água e Esgotos
316220,São João Batista do Glória,7541,6125,661.84,661.84,0.00,661.84,6034,317.59,317.59,2793,0,2793,15,228,0,,31622011,Serviço de Autônomo de Água e Esgoto,SAAE,Local,Autarquia,Água e Esgoto
316225,São João da Lagoa,4949,4920,260.00,0.00,260.00,0.00,,,,1200,10,1200,0,130,6,,31622511,Prefeitura Municipal de São João da Lagoa,PMSJL,Local,Administração pública direta,Água
316230,São João da Mata,2743,2700,250.00,190.00,0.00,0.00,2701,100.00,0.00,4380,2,4596,3,236,2,,31623011,Prefeitura Municipal de São João da Mata,PMSJ,Local,Administração pública direta,Água e Esgoto
316240,São João da Ponte,25033,7216,473.51,0.00,473.51,473.51,2209,78.43,74.86,3728,0,3415,1,434,0,,31062000,Companhia de Saneamento de Minas Gerais,COPASA,Regional,Sociedade de economia mista com administração pública,Água e Esgotos
316245,São João das Missões,13232,2293,182.22,0.00,182.22,182.22,,,,497,0,504,0,133,0,,31062000,Companhia de Saneamento de Minas Gerais,COPASA,Regional,Sociedade de economia mista com administração pública,Água
316250,São João del Rei,90897,12898,889.00,889.00,0.00,889.00,11340,437.04,434.91,4134,0,4122,4,370,0,,31062000,Companhia de Saneamento de Minas Gerais,COPASA,Regional,Sociedade de economia mista com administração pública,Água e Esgotos
316250,São João del Rei,90897,77989,14600.00,8000.00,6300.00,0.00,85934,12000.00,0.00,15000,1666,15000,2777,2200,36,,31625011,Departamento Autônomo Municipal de Água e Esgoto,DAMAE,Local,Autarquia,Água e Esgoto
316255,São João do Manhuaçu,11785,5210,274.13,274.13,0.00,274.13,4856,147.36,0.00,2899,1,2899,0,120,0,,31062000,Companhia de Saneamento de Minas Gerais,COPASA,Regional,Sociedade de economia mista com administração pública,Água e Esgotos
316257,São João do Manteninha,5975,2915,135.06,133.07,0.00,133.06,2870,85.32,0.00,6041,70,6046,67,342,1,,31686000,Copasa Serviços de Saneamento Integrado do Norte e Nordeste de Minas Gerais S/A,COPANOR,Regional,Empresa pública,Água e Esgotos
316257,São João do Manteninha,5975,3346,900.00,900.00,0.00,900.00,3346,190.00,0.00,4380,120,3650,111,18,5,,31625712,Prefeitura Municipal de São João do Manteninha,PMSJM,Local,Administração pública direta,Água e Esgoto
316260,São João do Oriente,7393,5497,437.38,437.38,0.00,437.38,,,,2799,0,2752,0,258,0,,31062000,Companhia de Saneamento de Minas Gerais,COPASA,Regional,Sociedade de economia mista com administração pública,Água
316265,São João do Pacuí,4476,4419,501.00,0.00,501.00,340.00,,,,9,0,9,0,9,0,,31626511,Prefeitura Municipal de São João do Pacuí,PMSJP,Local,Administração pública direta,Água
316270,São João do Paraíso,23797,10882,690.72,690.72,0.00,690.72,6560,229.83,229.83,10148,1,10148,13,267,10,,31062000,Companhia de Saneamento de Minas Gerais,COPASA,Regional,Sociedade de economia mista com administração pública,Água e Esgotos
316280,São João Evangelista,15761,10452,722.25,618.02,104.23,722.25,,,,5676,1,5662,1,784,1,,31062000,Companhia de Saneamento de Minas Gerais,COPASA,Regional,Sociedade de economia mista com administração pública,Água
316280,São João Evangelista,15761,,,,,,10605,1600.00,1600.00,,,,,,,,31628011,Prefeitura Municipal de São João Evangelista,PMSJE,Local,Administração pública direta,Esgoto
316290,São João Nepomuceno,26530,22596,2134.30,1814.58,319.72,2134.30,18027,814.22,0.00,9147,3,9180,9,1253,9,,31062000,Companhia de Saneamento de Minas Gerais,COPASA,Regional,Sociedade de economia mista com administração pública,Água e Esgotos
316292,São Joaquim de Bicas,32696,21602,4296.91,4296.91,0.00,4296.91,9072,585.77,27.22,4824,0,4822,0,455,4,,31062000,Companhia de Saneamento de Minas Gerais,COPASA,Regional,Sociedade de economia mista com administração pública,Água e Esgotos
316294,São José da Barra,7532,5307,366.51,366.51,0.00,366.51,,,,2478,0,2450,0,276,0,,31062000,Companhia de Saneamento de Minas Gerais,COPASA,Regional,Sociedade de economia mista com administração pública,Água
316294,São José da Barra,7532,,,,,,7255,490.00,0.00,,,,,,,,31629411,Prefeitura Municipal de São José da Barra,PMSJB,Local,Administração pública direta,Esgoto
316295,São José da Lapa,24490,13191,3060.88,1147.83,1913.05,3060.88,13191,693.36,693.36,1778,6,1779,25,630,14,,31062000,Companhia de Saneamento de Minas Gerais,COPASA,Regional,Sociedade de economia mista com administração pública,Água e Esgotos
316300,São José da Safira,4291,2564,146.43,146.43,0.00,146.43,,,,3509,0,3492,4,141,0,,31062000,Companhia de Saneamento de Minas Gerais,COPASA,Regional,Sociedade de economia mista com administração pública,Água
316300,São José da Safira,4291,,,,,,3200,40.00,0.00,,,,,,,,31630011,Prefeitura Municipal de São José da Safira,PMSJS,Local,Administração pública direta,Esgoto
316310,São José da Varginha,5151,5151,290.84,97.31,193.53,97.31,1728,76.08,24.52,4950,575,5198,17,264,0,,31631011,Prefeitura Municipal de São José da Varginha,PMSJV,Local,Administração pública direta,Água e Esgoto
316320,São José do Alegre,4222,3069,230.75,0.00,230.75,230.75,,,,497,1,479,0,132,4,,31062000,Companhia de Saneamento de Minas Gerais,COPASA,Regional,Sociedade de economia mista com administração pública,Água
316320,São José do Alegre,4222,,,,,,3056,450.00,0.00,,,,,,,,31632011,Prefeitura Municipal de São José do Alegre,PMSJA,Local,Administração pública direta,Esgoto
316330,São José do Divino,3851,2562,125.08,117.89,7.18,105.08,3203,76.93,76.93,4262,114,4263,129,303,0,,31686000,Copasa Serviços de Saneamento Integrado do Norte e Nordeste de Minas Gerais S/A,COPANOR,Regional,Empresa pública,Água e Esgotos
316340,São José do Goiabal,5356,3630,220.44,0.00,220.44,220.44,,,,888,0,865,0,109,0,,31062000,Companhia de Saneamento de Minas Gerais,COPASA,Regional,Sociedade de economia mista com administração pública,Água
316340,São José do Goiabal,5356,,,,,,3506,460.00,145.00,,,,,,,,31634011,Prefeitura Municipal de São José do Goiabal,PMSJG,Local,Administração pública direta,Esgoto
316350,São José do Jacuri,6409,2036,141.39,132.51,8.88,141.39,1606,64.72,0.00,3444,11,3442,4,338,2,,31062000,Companhia de Saneamento de Minas Gerais,COPASA,Regional,Sociedade de economia mista com administração pública,Água e Esgotos
316360,São José do Mantimento,2821,1528,126.08,126.08,0.00,126.08,,,,2896,0,2898,1,97,0,,31062000,Companhia de Saneamento de Minas Gerais,COPASA,Regional,Sociedade de economia mista com administração pública,Água
316360,São José do Mantimento,2821,,,,,,1577,120.00,0.00,,,,,,,,31636011,Prefeitura Municipal de São José do Mantimento,PMSJM,Local,Administração pública direta,Esgoto
316370,São Lourenço,46539,46539,4839.94,4839.94,0.00,4839.94,43049,2440.12,0.00,3758,0,3746,0,881,0,,31637011,Serviço Autônomo de Água e Esgoto,SAAE,Local,Autarquia,Água e Esgoto
316380,São Miguel do Anta,6949,3758,227.80,0.00,227.80,227.80,,,,533,0,513,0,148,1,,31062000,Companhia de Saneamento de Minas Gerais,COPASA,Regional,Sociedade de economia mista com administração pública,Água
316390,São Pedro da União,4563,2710,210.56,185.05,25.51,210.56,,,,4115,0,4075,0,415,0,,31062000,Companhia de Saneamento de Minas Gerais,COPASA,Regional,Sociedade de economia mista com administração pública,Água
316390,São Pedro da União,4563,,,,,,4400,144.02,0.00,,,,,,,,31639011,Prefeitura Municipal de São Pedro da União,PMSPU,Local,Administração pública direta,Esgoto
316410,São Pedro do Suaçuí,5160,2271,173.90,149.21,24.69,173.90,,,,4140,1,4137,1,335,0,,31062000,Companhia de Saneamento de Minas Gerais,COPASA,Regional,Sociedade de economia mista com administração pública,Água
316410,São Pedro do Suaçuí,5160,,,,,,2133,115.83,0.00,,,,,,,,31641011,Prefeitura Municipal de São Pedro do Suaçuí,PMSPS,Local,Administração pública direta,Esgoto
316400,São Pedro dos Ferros,7634,5068,408.39,408.39,0.00,408.39,,,,2682,0,2682,0,130,0,,31062000,Companhia de Saneamento de Minas Gerais,COPASA,Regional,Sociedade de economia mista com administração pública,Água
316420,São Romão,12713,5641,318.08,159.04,159.04,318.08,2132,74.52,74.52,4041,0,4037,9,157,0,,31062000,Companhia de Saneamento de Minas Gerais,COPASA,Regional,Sociedade de economia mista com administração pública,Água e Esgotos
316430,São Roque de Minas,7100,4119,355.99,178.00,177.99,355.99,3773,203.73,199.97,7968,0,7954,0,144,0,,31062000,Companhia de Saneamento de Minas Gerais,COPASA,Regional,Sociedade de economia mista com administração pública,Água e Esgotos
316443,São Sebastião da Vargem Alegre,3039,1722,135.99,0.00,135.99,135.99,,,,483,0,493,0,126,2,,31062000,Companhia de Saneamento de Minas Gerais,COPASA,Regional,Sociedade de economia mista com administração pública,Água
316443,São Sebastião da Vargem Alegre,3039,,,,,,1607,60.12,0.00,,,,,,,,31644311,Prefeitura Municipal de São Sebastião da Vargem Alegre,PMSSVA,Local,Administração pública direta,Esgoto
316447,São Sebastião do Anta,6697,4067,190.24,190.24,0.00,190.24,,,,2922,0,2922,0,95,0,,31062000,Companhia de Saneamento de Minas Gerais,COPASA,Regional,Sociedade de economia mista com administração pública,Água
316450,São Sebastião do Maranhão,9884,2860,146.02,146.02,0.00,146.02,1995,73.85,0.00,3760,0,3758,0,191,0,,31062000,Companhia de Saneamento de Minas Gerais,COPASA,Regional,Sociedade de economia mista com administração pública,Água e Esgotos
316460,São Sebastião do Oeste,6948,3686,394.32,0.00,394.32,394.32,,,,383,0,380,0,159,0,,31062000,Companhia de Saneamento de Minas Gerais,COPASA,Regional,Sociedade de economia mista com administração pública,Água
316460,São Sebastião do Oeste,6948,,,,,,4119,365.00,0.00,,,,,,,,31646011,Prefeitura Municipal de São Sebastião do Oeste,PMSSO,Local,Administração pública direta,Esgoto
316470,São Sebastião do Paraíso,71915,63331,5023.92,4942.97,80.95,5023.92,60621,2766.16,2766.16,5522,0,5420,2,1020,0,,31062000,Companhia de Saneamento de Minas Gerais,COPASA,Regional,Sociedade de economia mista com administração pública,Água e Esgotos
316480,São Sebastião do Rio Preto,1478,820,43.80,0.00,43.80,0.00,,,,4,0,48,2,48,2,,31648011,Prefeitura Municipal de São Sebastião do Rio Preto,PMSSRP,Local,Administração pública direta,Água
316490,São Sebastião do Rio Verde,2259,2259,150.00,150.00,0.00,0.00,2259,130.00,81.00,4158,1,7462,2,72,0,,31649011,Prefeitura Municipal de São Sebastião do Rio Verde,PMSSRV,Local,Administração pública direta,Água e Esgoto
316520,São Thomé das Letras,7151,4118,305.73,291.76,13.97,305.73,,,,6913,0,6908,0,226,0,,31062000,Companhia de Saneamento de Minas Gerais,COPASA,Regional,Sociedade de economia mista com administração pública,Água
316500,São Tiago,10979,8270,563.23,563.23,0.00,563.23,5648,231.75,229.00,8459,0,8440,0,374,0,,31062000,Companhia de Saneamento de Minas Gerais,COPASA,Regional,Sociedade de economia mista com administração pública,Água e Esgotos
316510,São Tomás de Aquino,6980,5146,417.93,0.00,417.93,417.93,,,,880,0,862,1,154,0,,31062000,Companhia de Saneamento de Minas Gerais,COPASA,Regional,Sociedade de economia mista com administração pública,Água
316510,São Tomás de Aquino,6980,,,,,,5534,970.00,0.00,,,,,,,,31651011,Prefeitura Municipal de São Tomás de Aquino,PMSTA,Local,Administração pública direta,Esgoto
316530,São Vicente de Minas,7876,6028,444.48,444.48,0.00,444.48,,,,3627,0,3620,2,210,0,,31062000,Companhia de Saneamento de Minas Gerais,COPASA,Regional,Sociedade de economia mista com administração pública,Água
316530,São Vicente de Minas,7876,,,,,,7876,475.86,0.00,,,,,,,,31653011,Prefeitura Municipal de São Vicente de Minas,PMSVM,Local,Administração pública direta,Esgoto
316540,Sapucaí-Mirim,7045,4152,268.93,268.93,0.00,268.93,3624,148.34,0.00,6968,0,6868,145,114,4,,31062000,Companhia de Saneamento de Minas Gerais,COPASA,Regional,Sociedade de economia mista com administração pública,Água e Esgotos
316550,Sardoá,6421,2213,132.50,0.00,132.50,132.50,,,,410,0,375,0,122,0,,31062000,Companhia de Saneamento de Minas Gerais,COPASA,Regional,Sociedade de economia mista com administração pública,Água
316550,Sardoá,6421,,,,,,2300,26.00,0.00,,,,,,,,31655011,Prefeitura Municipal de Sardoá,PMS,Local,Administração pública direta,Esgoto
316553,Sarzedo,34050,30698,2850.65,2850.65,0.00,2850.65,27524,1208.00,0.00,9279,0,9272,5,530,7,,31062000,Companhia de Saneamento de Minas Gerais,COPASA,Regional,Sociedade de economia mista com administração pública,Água e Esgotos
316557,Senador Amaral,5365,3067,236.54,136.81,99.73,236.54,,,,4373,0,4386,1,172,0,,31062000,Companhia de Saneamento de Minas Gerais,COPASA,Regional,Sociedade de economia mista com administração pública,Água
316557,Senador Amaral,5365,,,,,,5365,172.30,0.00,,,,,,,,31655711,Prefeitura Municipal de Senador Amaral,PMSA,Local,Administração pública direta,Esgoto
316560,Senador Cortes,2001,1522,240.00,200.00,40.00,220.00,1423,158.00,0.00,4800,0,4850,46,380,6,,31656011,Prefeitura Municipal de Senador Cortes,PMSC,Local,Administração pública direta,Água e Esgoto
316570,Senador Firmino,7902,7902,458.57,458.57,0.00,458.34,4614,140.48,0.00,3805,0,3808,0,261,0,,31657011,Serviço Autônomo de Água e Esgoto,SAAE,Local,Autarquia,Água e Esgoto
316580,Senador José Bento,1422,520,126.00,126.00,0.00,0.00,520,95.00,0.00,5760,0,5760,0,84,0,,31658011,Prefeitura Municipal de Senador José Bento,PMSJB,Local,Administração pública direta,Água e Esgoto
316590,Senador Modestino Gonçalves,4056,1738,109.79,0.00,109.79,109.79,,,,439,0,439,0,161,0,,31062000,Companhia de Saneamento de Minas Gerais,COPASA,Regional,Sociedade de economia mista com administração pública,Água
316590,Senador Modestino Gonçalves,4056,,,,,,4000,64.00,0.00,,,,,,,,31659011,Prefeitura Municipal de Senador Modestino Gonçalves,PMSMG,Local,Administração pública direta,Esgoto
316600,Senhora de Oliveira,5786,3315,233.39,233.39,0.00,0.00,3315,233.39,233.39,147,0,147,0,147,0,,31660011,Serviço Autônomo de Água e Esgoto,SAAE,Local,Autarquia,Água e Esgoto
316610,Senhora do Porto,3516,1306,91.31,45.66,45.65,91.31,,,,2637,0,2635,1,168,0,,31062000,Companhia de Saneamento de Minas Gerais,COPASA,Regional,Sociedade de economia mista com administração pública,Água
316620,Senhora dos Remédios,10474,6950,468.00,128.00,251.60,0.00,4697,255.00,0.00,400,40,400,40,12,2,,31662011,Prefeitura Municipal de Senhora dos Remédios,PMSR,Local,Administração pública direta,Água e Esgoto
316630,Sericita,7340,3878,226.29,226.29,0.00,226.29,,,,2684,0,2684,1,105,0,,31062000,Companhia de Saneamento de Minas Gerais,COPASA,Regional,Sociedade de economia mista com administração pública,Água
316640,Seritinga,1857,1580,90.13,90.13,0.00,0.00,1580,73.56,0.00,3285,0,3285,0,47,0,,31664011,Prefeitura Municipal de Seritinga,PMS,Local,Administração pública direta,Água e Esgoto
316650,Serra Azul de Minas,4292,1508,104.33,0.00,104.33,104.33,1092,41.96,0.00,485,8,483,2,147,0,,31062000,Companhia de Saneamento de Minas Gerais,COPASA,Regional,Sociedade de economia mista com administração pública,Água e Esgotos
316660,Serra da Saudade,771,498,51.18,0.00,51.18,51.18,468,29.94,22.03,257,0,257,1,140,0,,31062000,Companhia de Saneamento de Minas Gerais,COPASA,Regional,Sociedade de economia mista com administração pública,Água e Esgotos
316680,Serra do Salitre,11750,8033,631.18,631.18,0.00,631.18,,,,4648,4,4635,16,368,0,,31062000,Companhia de Saneamento de Minas Gerais,COPASA,Regional,Sociedade de economia mista com administração pública,Água
316680,Serra do Salitre,11750,,,,,,11582,520.00,0.00,,,,,,,,31668011,Prefeitura Municipal de Serra do Salitre,PMSS,Local,Administração pública direta,Esgoto
316670,Serra dos Aimorés,8725,5724,386.01,386.01,0.00,386.01,3191,107.62,107.62,3792,0,3785,34,139,0,,31062000,Companhia de Saneamento de Minas Gerais,COPASA,Regional,Sociedade de economia mista com administração pública,Água e Esgotos
316670,Serra dos Aimorés,8725,384,15.15,15.15,0.00,0.00,,,,413,0,263,0,208,0,,31686000,Copasa Serviços de Saneamento Integrado do Norte e Nordeste de Minas Gerais S/A,COPANOR,Regional,Empresa pública,Água
316690,Serrania,7667,6265,468.23,468.23,0.00,468.23,,,,3287,0,3266,4,167,1,,31062000,Companhia de Saneamento de Minas Gerais,COPASA,Regional,Sociedade de economia mista com administração pública,Água
316690,Serrania,7667,,,,,,6650,785.00,785.00,,,,,,,,31669011,Prefeitura Municipal de Serrania,PMS,Local,Administração pública direta,Esgoto
316695,Serranópolis de Minas,4836,1862,107.84,107.84,0.00,107.84,,,,4945,6,4871,29,259,0,,31062000,Companhia de Saneamento de Minas Gerais,COPASA,Regional,Sociedade de economia mista com administração pública,Água
316710,Serro,20915,10558,688.80,688.80,0.00,688.80,8082,297.15,297.15,4082,0,4091,21,487,1,,31062000,Companhia de Saneamento de Minas Gerais,COPASA,Regional,Sociedade de economia mista com administração pública,Água e Esgotos
316710,Serro,20915,1963,155.23,0.00,155.23,0.00,458,49.33,0.00,413,14,413,0,727,3,,31686000,Copasa Serviços de Saneamento Integrado do Norte e Nordeste de Minas Gerais S/A,COPANOR,Regional,Empresa pública,Água e Esgotos
316720,Sete Lagoas,243950,242803,25395.80,7307.20,18088.60,7307.20,235251,11403.18,2775.10,12302,32,12265,62,9169,12,,31672011,"Serviço Autônomo de Água, Esgoto e Saneamento Urbano",SAAE,Local,Autarquia,Água e Esgoto
316555,Setubinha,12493,4539,184.64,144.59,40.04,104.64,2280,79.02,0.00,6721,11,6730,94,400,0,,31686000,Copasa Serviços de Saneamento Integrado do Norte e Nordeste de Minas Gerais S/A,COPANOR,Regional,Empresa pública,Água e Esgotos
316730,Silveirânia,2267,1494,89.00,0.00,89.00,89.00,,,,573,0,377,8,145,0,,31062000,Companhia de Saneamento de Minas Gerais,COPASA,Regional,Sociedade de economia mista com administração pública,Água
316730,Silveirânia,2267,,,,,,2267,68.98,0.00,,,,,,,,31673011,Prefeitura Municipal de Silveirania,PMS,Local,Administração pública direta,Esgoto
316740,Silvianópolis,6258,3769,432.00,432.00,0.00,432.00,3769,135.00,0.00,8600,0,8600,0,84,0,,31674011,Prefeitura Municipal de Silvianópolis,PMS,Local,Administração pública direta,Água e Esgoto
316750,Simão Pereira,2621,2618,100.00,100.00,0.00,0.00,2615,50.00,0.00,1,0,1,0,1,0,,31675011,Prefeitura Municipal de Simão Pereira,PMSP,Local,Administração pública direta,Água e Esgoto
316760,Simonésia,19834,6134,498.85,498.85,0.00,498.85,,,,3554,2,3554,0,241,3,,31062000,Companhia de Saneamento de Minas Gerais,COPASA,Regional,Sociedade de economia mista com administração pública,Água
316760,Simonésia,19834,,,,,,19736,1200.00,0.00,,,,,,,,31676011,Prefeitura Municipal de Simonésia,pmsim,Local,Administração pública direta,Esgoto
316770,Sobrália,5476,3193,238.50,238.50,0.00,238.50,,,,2660,0,2642,0,127,0,,31062000,Companhia de Saneamento de Minas Gerais,COPASA,Regional,Sociedade de economia mista com administração pública,Água
316770,Sobrália,5476,,,,,,4319,647.85,0.00,,,,,,,,31677011,Prefeitura Municipal de Sobrália,PMS,Local,Administração pública direta,Esgoto
316780,Soledade de Minas,6226,4125,763.66,763.66,0.00,0.00,4125,109.20,0.00,4392,345,4392,7,72,4,,31678011,SAAE - Serviço Autônomo de Água e Esgoto,SAAE,Local,Autarquia,Água e Esgoto
316790,Tabuleiro,3669,2535,183.26,183.26,0.00,183.26,,,,1590,0,1569,2,145,3,,31062000,Companhia de Saneamento de Minas Gerais,COPASA,Regional,Sociedade de economia mista com administração pública,Água
316790,Tabuleiro,3669,,,,,,3469,40.16,0.00,,,,,,,,31679011,Prefeitura Municipal de Tabuleiro,PMT,Local,Administração pública direta,Esgoto
316800,Taiobeiras,34653,23573,1286.42,428.81,857.61,1286.42,14772,453.29,453.29,3753,0,3754,3,500,3,,31062000,Companhia de Saneamento de Minas Gerais,COPASA,Regional,Sociedade de economia mista com administração pública,Água e Esgotos
316800,Taiobeiras,34653,1298,130.76,0.00,130.76,130.76,,,,1072,0,1096,0,532,0,,31686000,Copasa Serviços de Saneamento Integrado do Norte e Nordeste de Minas Gerais S/A,COPANOR,Regional,Empresa pública,Água
316805,Taparuba,3093,1385,260.00,260.00,0.00,0.00,1385,120.00,0.00,8853,229,9000,215,300,0,,31680511,Serviço Autônomo de Água e Esgotos de Taparuba,SAAE,Local,Autarquia,Água e Esgoto
316810,Tapira,4890,2835,251.16,0.00,251.16,251.16,,,,870,0,870,0,142,2,,31062000,Companhia de Saneamento de Minas Gerais,COPASA,Regional,Sociedade de economia mista com administração pública,Água
316820,Tapiraí,1869,932,68.46,7.54,60.92,68.46,,,,1402,0,1076,0,267,0,,31062000,Companhia de Saneamento de Minas Gerais,COPASA,Regional,Sociedade de economia mista com administração pública,Água
316820,Tapiraí,1869,,,,,,1083,100.00,0.00,,,,,,,,31682011,Prefeitura Municipal de Tapiraí,PMT,Local,Administração pública direta,Esgoto
316830,Taquaraçu de Minas,4120,1885,269.22,64.43,204.79,269.22,956,48.42,0.00,5610,1,5576,2,305,0,,31062000,Companhia de Saneamento de Minas Gerais,COPASA,Regional,Sociedade de economia mista com administração pública,Água e Esgotos
316840,Tarumirim,14280,7641,599.56,424.04,175.52,599.56,,,,4557,37,4553,16,625,2,,31062000,Companhia de Saneamento de Minas Gerais,COPASA,Regional,Sociedade de economia mista com administração pública,Água
316840,Tarumirim,14280,,,,,,8012,452.90,0.00,,,,,,,,31684011,Prefeitura Municipal de Tarumirim,PMT,Local,Administração pública direta,Esgoto
316850,Teixeiras,11680,7625,597.33,597.33,0.00,597.33,,,,3626,0,3584,0,234,1,,31062000,Companhia de Saneamento de Minas Gerais,COPASA,Regional,Sociedade de economia mista com administração pública,Água
316860,Teófilo Otoni,141269,97486,8153.01,8022.74,130.27,8153.01,87184,3493.60,3197.10,10323,0,10227,7,1297,5,,31062000,Companhia de Saneamento de Minas Gerais,COPASA,Regional,Sociedade de economia mista com administração pública,Água e Esgotos
316860,Teófilo Otoni,141269,1378,32.02,0.00,32.02,0.00,1432,19.58,19.58,106,17,106,40,195,7,,31686000,Copasa Serviços de Saneamento Integrado do Norte e Nordeste de Minas Gerais S/A,COPANOR,Regional,Empresa pública,Água e Esgotos
316870,Timóteo,91268,79040,7247.28,3623.64,3623.64,7247.28,79142,2765.02,2468.85,6016,0,5875,9,1005,0,,31062000,Companhia de Saneamento de Minas Gerais,COPASA,Regional,Sociedade de economia mista com administração pública,Água e Esgotos
316880,Tiradentes,8160,5207,725.86,362.93,362.93,725.86,3922,275.63,0.00,9635,0,9629,5,170,0,,31062000,Companhia de Saneamento de Minas Gerais,COPASA,Regional,Sociedade de economia mista com administração pública,Água e Esgotos
316890,Tiros,6369,4453,427.00,427.00,0.00,427.00,,,,4417,1,4417,0,135,0,,31062000,Companhia de Saneamento de Minas Gerais,COPASA,Regional,Sociedade de economia mista com administração pública,Água
316890,Tiros,6369,,,,,,4441,551.00,0.00,,,,,,,,31689011,Prefeitura Municipal de Tiros,PMT,Local,Administração pública direta,Esgoto
316900,Tocantins,16769,16769,1664.00,1250.00,350.00,0.00,16769,1036.00,0.00,4481,123,4481,47,384,9,,31690011,Prefeitura Municipal de Tocantins,PMT,Local,Administração pública direta,Água e Esgoto
316905,Tocos do Moji,4117,2500,121.02,104.69,16.33,104.69,,,,4369,0,4369,580,205,0,,31690511,Prefeitura Municipal de Tocos do Moji,PMTM,Local,Administração pública direta,Água
316910,Toledo,6336,2368,344.37,344.37,0.00,344.37,,,,8124,1,8142,2,137,5,,31062000,Companhia de Saneamento de Minas Gerais,COPASA,Regional,Sociedade de economia mista com administração pública,Água
316920,Tombos,7683,6307,450.00,410.00,0.00,410.00,6307,328.00,0.00,6858,0,8236,0,300,0,,31692011,Serviço Autônomo de Água e Esgoto,SAAE,Local,Autarquia,Água e Esgoto
316930,Três Corações,80561,65393,5785.39,5785.39,0.00,5785.39,62802,2718.00,877.96,6668,1,6559,2,904,1,,31062000,Companhia de Saneamento de Minas Gerais,COPASA,Regional,Sociedade de economia mista com administração pública,Água e Esgotos
316935,Três Marias,33062,27863,2440.16,2440.16,0.00,2440.16,21320,853.83,853.83,5061,0,5061,1,744,2,,31062000,Companhia de Saneamento de Minas Gerais,COPASA,Regional,Sociedade de economia mista com administração pública,Água e Esgotos
316940,Três Pontas,57127,57127,4945.81,4877.15,68.66,4925.21,56899,2674.26,54.93,12660,0,12638,113,930,3,,31694011,Serviço Autônomo de Água e Esgoto,SAAE,Local,Autarquia,Água e Esgoto
316950,Tumiritinga,6797,4180,339.39,339.39,0.00,339.39,,,,4496,0,4496,2,187,0,,31062000,Companhia de Saneamento de Minas Gerais,COPASA,Regional,Sociedade de economia mista com administração pública,Água
316950,Tumiritinga,6797,,,,,,3128,526.40,324.00,,,,,,,,31695011,Prefeitura Municipal de Tumiritinga,PMT,Local,Administração pública direta,Esgoto
316960,Tupaciguara,25466,25453,3399.59,2147.21,1252.38,0.00,25453,2719.67,0.00,6840,0,6840,5,2592,0,,31696011,Departamento de Água e Esgoto,DAE,Local,Autarquia,Água e Esgoto
316970,Turmalina,20280,14148,736.29,736.29,0.00,736.29,12009,376.98,376.98,4018,2,4015,5,453,0,,31062000,Companhia de Saneamento de Minas Gerais,COPASA,Regional,Sociedade de economia mista com administração pública,Água e Esgotos
316970,Turmalina,20280,1450,85.76,29.99,55.77,29.99,66,3.53,3.53,2932,7,2932,1,450,1,,31686000,Copasa Serviços de Saneamento Integrado do Norte e Nordeste de Minas Gerais S/A,COPANOR,Regional,Empresa pública,Água e Esgotos
316980,Turvolândia,5099,3139,278.33,278.33,0.00,278.33,,,,4434,0,4426,0,131,0,,31062000,Companhia de Saneamento de Minas Gerais,COPASA,Regional,Sociedade de economia mista com administração pública,Água
316990,Ubá,117995,96164,7361.24,5520.93,1840.31,7361.24,86333,2944.02,0.00,14015,0,13762,1,1243,7,,31062000,Companhia de Saneamento de Minas Gerais,COPASA,Regional,Sociedade de economia mista com administração pública,Água e Esgotos
317000,Ubaí,12661,4541,294.58,0.00,294.58,294.58,,,,648,0,636,0,136,0,,31062000,Companhia de Saneamento de Minas Gerais,COPASA,Regional,Sociedade de economia mista com administração pública,Água
317005,Ubaporanga,12514,5712,363.33,363.33,0.00,363.33,,,,3774,9,3777,17,142,0,,31062000,Companhia de Saneamento de Minas Gerais,COPASA,Regional,Sociedade de economia mista com administração pública,Água
317005,Ubaporanga,12514,,,,,,6680,145.00,0.00,,,,,,,,31700511,Prefeitura Municipal de Ubaporanga,PMU,Local,Administração pública direta,Esgoto
317010,Uberaba,340277,339596,37993.05,35321.15,2671.90,37993.04,335172,21320.53,21240.00,19401,44,19696,1,6147,0,,31701011,"Companhia Operacional de Desenvolvimento, Saneamento e Ações Urbanas de Uberaba",CODAU,Local,Autarquia,Água e Esgoto
317020,Uberlândia,706597,706597,86321.59,85825.00,496.59,86321.59,694146,52441.78,52441.78,24826,111,24843,48,4996,3,,31702011,Departamento Municipal de Água e Esgoto,DMAE,Local,Autarquia,Água e Esgoto
317030,Umburatiba,2582,2104,148.91,148.91,0.00,148.91,1740,30.94,30.94,5535,109,5457,14,308,0,,31686000,Copasa Serviços de Saneamento Integrado do Norte e Nordeste de Minas Gerais S/A,COPANOR,Regional,Empresa pública,Água e Esgotos
317040,Unaí,85461,71754,7364.00,6272.11,1091.67,6272.11,61865,4007.29,2934.65,10448,32,7691,304,4153,32,,31704011,Serviço Municipal de Saneamento Básico,SAAE,Local,Autarquia,Água e Esgoto
317043,União de Minas,4265,2221,148.04,0.00,148.04,148.04,2260,99.17,76.88,611,0,263,0,104,0,,31062000,Companhia de Saneamento de Minas Gerais,COPASA,Regional,Sociedade de economia mista com administração pública,Água e Esgotos
317047,Uruana de Minas,3256,2500,300.00,300.00,0.00,0.00,2500,120.00,120.00,3720,15,3720,52,12,0,,31704711,Prefeitura Municipal de Uruana de Minas,PMUM,Local,Administração pública direta,Água e Esgoto
317050,Urucânia,10333,7442,450.43,187.68,262.75,450.43,,,,5378,2,5378,3,244,0,,31062000,Companhia de Saneamento de Minas Gerais,COPASA,Regional,Sociedade de economia mista com administração pública,Água
317050,Urucânia,10333,,,,,,10333,723.21,8.76,,,,,,,,31705011,Prefeitura Municipal de Urucânia,PMU,Local,Administração pública direta,Esgoto
317052,Urucuia,17470,6765,294.32,294.32,0.00,294.32,,,,2774,0,2774,9,172,0,,31062000,Companhia de Saneamento de Minas Gerais,COPASA,Regional,Sociedade de economia mista com administração pública,Água
317052,Urucuia,17470,,,,,,1240,42.00,42.00,,,,,,,,31705211,Prefeitura Municipal de Urucuia,PMU,Local,Administração pública direta,Esgoto
317057,Vargem Alegre,6460,4543,370.60,370.60,0.00,370.60,,,,2702,0,2700,10,95,1,,31062000,Companhia de Saneamento de Minas Gerais,COPASA,Regional,Sociedade de economia mista com administração pública,Água
317060,Vargem Bonita,2143,1166,156.79,0.00,156.79,156.79,,,,1000,0,974,0,272,0,,31062000,Companhia de Saneamento de Minas Gerais,COPASA,Regional,Sociedade de economia mista com administração pública,Água
317060,Vargem Bonita,2143,,,,,,2143,71.00,71.00,,,,,,,,31706011,Prefeitura Municipal de Vargem Bonita,PMVB,Local,Administração pública direta,Esgoto
317065,Vargem Grande do Rio Pardo,5045,2574,126.24,126.24,0.00,126.24,,,,2684,0,2684,0,133,0,,31062000,Companhia de Saneamento de Minas Gerais,COPASA,Regional,Sociedade de economia mista com administração pública,Água
317070,Varginha,137608,126672,11371.78,6823.07,4548.71,11371.78,124749,5698.33,5387.03,11049,0,10947,3,1328,10,,31062000,Companhia de Saneamento de Minas Gerais,COPASA,Regional,Sociedade de economia mista com administração pública,Água e Esgotos
317075,Varjão de Minas,7235,5762,377.87,377.87,0.00,377.87,,,,1963,0,1959,6,171,0,,31062000,Companhia de Saneamento de Minas Gerais,COPASA,Regional,Sociedade de economia mista com administração pública,Água
317080,Várzea da Palma,40101,31287,1986.42,1036.17,950.25,1986.42,9833,345.38,345.38,8019,1,8190,9,748,4,,31062000,Companhia de Saneamento de Minas Gerais,COPASA,Regional,Sociedade de economia mista com administração pública,Água e Esgotos
317090,Varzelândia,19290,9187,566.93,0.00,566.93,566.93,1485,57.05,57.05,1635,0,1575,0,528,0,,31062000,Companhia de Saneamento de Minas Gerais,COPASA,Regional,Sociedade de economia mista com administração pública,Água e Esgotos
317100,Vazante,20692,15847,1384.44,1342.52,41.92,1384.44,14213,712.28,694.40,5974,0,5974,0,652,0,,31062000,Companhia de Saneamento de Minas Gerais,COPASA,Regional,Sociedade de economia mista com administração pública,Água e Esgotos
317103,Verdelândia,9527,5010,306.42,291.05,15.37,306.42,,,,6945,15,6886,0,428,0,,31062000,Companhia de Saneamento de Minas Gerais,COPASA,Regional,Sociedade de economia mista com administração pública,Água
317107,Veredinha,5733,4229,171.56,171.56,0.00,115.62,3880,123.65,123.65,5019,3,5019,21,471,2,,31686000,Copasa Serviços de Saneamento Integrado do Norte e Nordeste de Minas Gerais S/A,COPANOR,Regional,Empresa pública,Água e Esgotos
317110,Veríssimo,4090,2287,220.45,0.00,220.45,220.45,,,,866,0,334,0,138,0,,31062000,Companhia de Saneamento de Minas Gerais,COPASA,Regional,Sociedade de economia mista com administração pública,Água
317110,Veríssimo,4090,,,,,,3830,79.05,79.05,,,,,,,,31711011,Prefeitura Municipal de Veríssimo,PMV,Local,Administração pública direta,Esgoto
317115,Vermelho Novo,4852,1914,194.00,194.00,0.00,187.00,1911,70.38,0.00,1870,0,1870,0,243,0,,31711511,Serviço Autônomo de Água e Esgoto,SAAE,Local,Autarquia,Água e Esgoto
317120,Vespasiano,131849,111164,11231.44,6738.86,4492.58,11231.44,105230,3571.39,3454.93,6899,12,6885,8,1204,23,,31062000,Companhia de Saneamento de Minas Gerais,COPASA,Regional,Sociedade de economia mista com administração pública,Água e Esgotos
317130,Viçosa,79910,76713,6570.28,5849.43,395.25,5849.43,66325,2850.00,20.20,10685,136,10731,15,3758,29,,31713011,Serviço Autônomo de Água e Esgoto,SAAE,Local,Autarquia,Água e Esgoto
317140,Vieiras,3570,1817,166.83,73.74,93.09,166.83,,,,3157,0,3172,4,259,10,,31062000,Companhia de Saneamento de Minas Gerais,COPASA,Regional,Sociedade de economia mista com administração pública,Água
317140,Vieiras,3570,,,,,,3200,61.00,0.00,,,,,,,,31714011,Prefeitura Municipal de Vieiras,PMV,Local,Administração pública direta,Esgoto
317160,Virgem da Lapa,13729,7053,467.53,467.53,0.00,467.53,,,,2943,0,2944,2,186,0,,31062000,Companhia de Saneamento de Minas Gerais,COPASA,Regional,Sociedade de economia mista com administração pública,Água
317160,Virgem da Lapa,13729,1160,65.52,65.52,0.00,35.31,,,,3530,0,3533,18,587,0,,31686000,Copasa Serviços de Saneamento Integrado do Norte e Nordeste de Minas Gerais S/A,COPANOR,Regional,Empresa pública,Água
317160,Virgem da Lapa,13729,,,,,,6513,1170.27,1119.32,,,,,,,,31716011,Prefeitura Municipal de Virgem da Lapa,PMVL,Local,Administração pública direta,Esgoto
317180,Virginópolis,10459,6338,392.04,354.34,37.70,392.04,,,,4042,0,3992,0,287,0,,31062000,Companhia de Saneamento de Minas Gerais,COPASA,Regional,Sociedade de economia mista com administração pública,Água
317180,Virginópolis,10459,,,,,,10142,432.99,0.00,,,,,,,,31718011,Prefeitura Municipal de Virginópolis,PMV,Local,Administração pública direta,Esgoto
317190,Virgolândia,5303,3375,202.79,202.79,0.00,202.79,,,,2920,1,2884,0,247,0,,31062000,Companhia de Saneamento de Minas Gerais,COPASA,Regional,Sociedade de economia mista com administração pública,Água
317200,Visconde do Rio Branco,43351,32716,2567.85,2567.85,0.00,2567.85,30289,1204.14,0.00,5872,0,5713,10,715,6,,31062000,Companhia de Saneamento de Minas Gerais,COPASA,Regional,Sociedade de economia mista com administração pública,Água e Esgotos
317210,Volta Grande,5270,3318,279.04,279.04,0.00,279.04,,,,3898,2,3902,292,133,1,,31062000,Companhia de Saneamento de Minas Gerais,COPASA,Regional,Sociedade de economia mista com administração pública,Água
317210,Volta Grande,5270,,,,,,5200,340.00,0.00,,,,,,,,31721011,Prefeitura Municipal de Volta Grande,PMVG,Local,Administração pública direta,Esgoto
317220,Wenceslau Braz,2543,1123,69.96,69.96,0.00,69.96,,,,1434,0,1436,0,106,0,,31062000,Companhia de Saneamento de Minas Gerais,COPASA,Regional,Sociedade de economia mista com administração pública,Água
